x y z
1.0000000000 1.0000000000 1.0000000000
0.9801621289 1.0119124844 0.9559461102
0.9606372482 1.0236518203 0.9137393827
0.9414089375 1.0352207115 0.8733133718
0.9224614068 1.0466217059 0.8346031948
0.9037794828 1.0578572014 0.7975455666
0.8853485929 1.0689294522 0.7620788265
0.8671547515 1.0798405738 0.7281429589
0.8491845445 1.0905925488 0.6956796056
0.8314251136 1.1011872325 0.6646320700
0.8138641412 1.1116263578 0.6349453175
0.7964898353 1.1219115403 0.6065659708
0.7792909137 1.1320442836 0.5794422988
0.7622565888 1.1420259836 0.5535242018
0.7453765524 1.1518579337 0.5287631942
0.7286409609 1.1615413288 0.5051123834
0.7120404203 1.1710772701 0.4825264448
0.6955659713 1.1804667689 0.4609615954
0.6792090754 1.1897107514 0.4403755662
0.6629616005 1.1988100617 0.4207275710
0.6468158070 1.2077654666 0.4019782746
0.6307643340 1.2165776586 0.3840897598
0.6148001865 1.2252472599 0.3670254940
0.5989167223 1.2337748256 0.3507502940
0.5831076388 1.2421608472 0.3352302908
0.5673669613 1.2504057556 0.3204328938
0.5516890308 1.2585099247 0.3063267559
0.5360684922 1.2664736736 0.2928817367
0.5205002828 1.2742972702 0.2800688667
0.5049796216 1.2819809335 0.2678603122
0.4895019986 1.2895248366 0.2562293397
0.4740631639 1.2969291090 0.2451502808
0.4586591185 1.3041938393 0.2345984978
0.4432861035 1.3113190772 0.2245503492
0.4279405918 1.3183048363 0.2149831567
0.4126192780 1.3251510960 0.2058751720
0.3973190705 1.3318578035 0.1972055447
0.3820370820 1.3384248762 0.1889542902
0.3667706223 1.3448522033 0.1811022596
0.3515171895 1.3511396476 0.1736311089
0.3362744630 1.3572870480 0.1665232699
0.3210402957 1.3632942201 0.1597619213
0.3058127071 1.3691609590 0.1533309609
0.2905898763 1.3748870402 0.1472149788
0.2753701357 1.3804722211 0.1413992306
0.2601519641 1.3859162429 0.1358696118
0.2449339813 1.3912188317 0.1306126335
0.2297149415 1.3963796998 0.1256153979
0.2144937281 1.4013985474 0.1208655753
0.1992693481 1.4062750631 0.1163513811
0.1840409269 1.4110089260 0.1120615547
0.1688077031 1.4155998060 0.1079853377
0.1535690240 1.4200473655 0.1041124543
0.1383243406 1.4243512601 0.1004330909
0.1230732033 1.4285111398 0.0969378776
0.1078152575 1.4325266498 0.0936178695
0.0925502398 1.4363974315 0.0904645296
0.0772779735 1.4401231234 0.0874697113
0.0619983655 1.4437033620 0.0846256421
0.0467114018 1.4471377825 0.0819249080
0.0314171448 1.4504260194 0.0793604379
0.0161157294 1.4535677079 0.0769254895
0.0008073602 1.4565624837 0.0746136347
-0.0145076919 1.4594099845 0.0724187464
-0.0298290927 1.4621098502 0.0703349853
-0.0451564471 1.4646617236 0.0683567875
-0.0604893026 1.4670652509 0.0664788524
-0.0758271509 1.4693200828 0.0646961310
-0.0911694314 1.4714258741 0.0630038152
-0.1065155328 1.4733822853 0.0613973269
-0.1218647961 1.4751889822 0.0598723074
-0.1372165162 1.4768456371 0.0584246085
-0.1525699444 1.4783519285 0.0570502822
-0.1679242902 1.4797075424 0.0557455721
-0.1832787235 1.4809121719 0.0545069047
-0.1986323762 1.4819655183 0.0533308811
-0.2139843442 1.4828672911 0.0522142690
-0.2293336890 1.4836172081 0.0511539951
-0.2446794393 1.4842149967 0.0501471376
-0.2600205925 1.4846603931 0.0491909197
-0.2753561167 1.4849531434 0.0482827024
-0.2906849514 1.4850930037 0.0474199784
-0.3060060096 1.4850797402 0.0466003657
-0.3213181785 1.4849131298 0.0458216021
-0.3366203214 1.4845929602 0.0450815392
-0.3519112782 1.4841190300 0.0443781371
-0.3671898673 1.4834911493 0.0437094595
-0.3824548862 1.4827091398 0.0430736686
-0.3977051129 1.4817728346 0.0424690204
-0.4129393067 1.4806820793 0.0418938602
-0.4281562094 1.4794367314 0.0413466185
-0.4433545461 1.4780366608 0.0408258064
-0.4585330260 1.4764817501 0.0403300123
-0.4736903438 1.4747718945 0.0398578978
-0.4888251798 1.4729070023 0.0394081943
-0.5039362013 1.4708869949 0.0389796992
-0.5190220633 1.4687118067 0.0385712733
-0.5340814088 1.4663813857 0.0381818371
-0.5491128701 1.4638956935 0.0378103681
-0.5641150690 1.4612547051 0.0374558979
-0.5790866180 1.4584584096 0.0371175097
-0.5940261204 1.4555068097 0.0367943353
-0.6089321713 1.4523999224 0.0364855531
-0.6238033578 1.4491377787 0.0361903856
-0.6386382601 1.4457204238 0.0359080970
-0.6534354517 1.4421479174 0.0356379913
-0.6681934998 1.4384203335 0.0353794101
-0.6829109662 1.4345377607 0.0351317310
-0.6975864077 1.4305003021 0.0348943652
-0.7122183762 1.4263080755 0.0346667563
-0.7268054196 1.4219612135 0.0344483785
-0.7413460822 1.4174598636 0.0342387348
-0.7558389047 1.4128041879 0.0340373557
-0.7702824253 1.4079943638 0.0338437975
-0.7846751794 1.4030305834 0.0336576414
-0.7990157006 1.3979130541 0.0334784920
-0.8133025207 1.3926419983 0.0333059756
-0.8275341701 1.3872176534 0.0331397399
-0.8417091783 1.3816402723 0.0329794523
-0.8558260741 1.3759101228 0.0328247986
-0.8698833862 1.3700274883 0.0326754830
-0.8838796431 1.3639926671 0.0325312260
-0.8978133738 1.3578059732 0.0323917642
-0.9116831079 1.3514677358 0.0322568493
-0.9254873759 1.3449782994 0.0321262472
-0.9392247097 1.3383380241 0.0319997370
-0.9528936425 1.3315472850 0.0318771110
-0.9664927096 1.3246064732 0.0317581731
-0.9800204482 1.3175159947 0.0316427387
-0.9934753979 1.3102762713 0.0315306340
-1.0068561009 1.3028877401 0.0314216953
-1.0201611021 1.2953508537 0.0313157684
-1.0333889499 1.2876660801 0.0312127082
-1.0465381957 1.2798339028 0.0311123782
-1.0596073945 1.2718548207 0.0310146497
-1.0725951054 1.2637293482 0.0309194020
-1.0854998912 1.2554580151 0.0308265211
-1.0983203192 1.2470413667 0.0307359003
-1.1110549612 1.2384799637 0.0306474387
-1.1237023936 1.2297743820 0.0305610419
-1.1362611977 1.2209252130 0.0304766209
-1.1487299599 1.2119330637 0.0303940921
-1.1611072723 1.2027985560 0.0303133769
-1.1733917320 1.1935223275 0.0302344016
-1.1855819422 1.1841050308 0.0301570968
-1.1976765119 1.1745473340 0.0300813974
-1.2096740562 1.1648499202 0.0300072421
-1.2215731967 1.1550134878 0.0299345736
-1.2333725612 1.1450387506 0.0298633378
-1.2450707845 1.1349264370 0.0297934843
-1.2566665080 1.1246772911 0.0297249654
-1.2681583803 1.1142920715 0.0296577365
-1.2795450573 1.1037715522 0.0295917557
-1.2908252022 1.0931165220 0.0295269839
-1.3019974857 1.0823277846 0.0294633842
-1.3130605864 1.0714061588 0.0294009219
-1.3240131908 1.0603524778 0.0293395648
-1.3348539934 1.0491675901 0.0292792823
-1.3455816972 1.0378523584 0.0292200461
-1.3561950134 1.0264076605 0.0291618293
-1.3666926618 1.0148343887 0.0291046069
-1.3770733710 1.0031334496 0.0290483555
-1.3873358785 0.9913057645 0.0289930529
-1.3974789310 0.9793522693 0.0289386787
-1.4075012843 0.9672739141 0.0288852135
-1.4174017036 0.9550716632 0.0288326390
-1.4271789635 0.9427464953 0.0287809385
-1.4368318487 0.9302994032 0.0287300959
-1.4463591533 0.9177313939 0.0286800964
-1.4557596816 0.9050434883 0.0286309260
-1.4650322481 0.8922367215 0.0285825717
-1.4741756774 0.8793121422 0.0285350211
-1.4831888048 0.8662708130 0.0284882629
-1.4920704760 0.8531138104 0.0284422862
-1.5008195474 0.8398422244 0.0283970811
-1.5094348864 0.8264571585 0.0283526381
-1.5179153713 0.8129597299 0.0283089483
-1.5262598916 0.7993510690 0.0282660035
-1.5344673482 0.7856323198 0.0282237960
-1.5425366533 0.7718046392 0.0281823186
-1.5504667306 0.7578691976 0.0281415644
-1.5582565157 0.7438271780 0.0281015270
-1.5659049558 0.7296797769 0.0280622006
-1.5734110103 0.7154282032 0.0280235796
-1.5807736506 0.7010736789 0.0279856587
-1.5879918603 0.6866174385 0.0279484331
-1.5950646354 0.6720607292 0.0279118982
-1.6019909845 0.6574048107 0.0278760497
-1.6087699285 0.6426509548 0.0278408836
-1.6154005013 0.6278004460 0.0278063962
-1.6218817497 0.6128545808 0.0277725840
-1.6282127334 0.5978146675 0.0277394436
-1.6343925251 0.5826820269 0.0277069721
-1.6404202109 0.5674579913 0.0276751665
-1.6462948903 0.5521439047 0.0276440242
-1.6520156760 0.5367411229 0.0276135426
-1.6575816947 0.5212510133 0.0275837195
-1.6629920864 0.5056749545 0.0275545525
-1.6682460051 0.4900143366 0.0275260398
-1.6733426189 0.4742705607 0.0274981793
-1.6782811096 0.4584450391 0.0274709693
-1.6830606735 0.4425391948 0.0274444081
-1.6876805209 0.4265544621 0.0274184942
-1.6921398766 0.4104922856 0.0273932261
-1.6964379799 0.3943541206 0.0273686026
-1.7005740848 0.3781414328 0.0273446223
-1.7045474597 0.3618556984 0.0273212841
-1.7083573880 0.3454984036 0.0272985871
-1.7120031681 0.3290710447 0.0272765300
-1.7154841132 0.3125751281 0.0272551122
-1.7187995516 0.2960121699 0.0272343327
-1.7219488269 0.2793836960 0.0272141909
-1.7249312982 0.2626912415 0.0271946859
-1.7277463395 0.2459363514 0.0271758172
-1.7303933407 0.2291205797 0.0271575842
-1.7328717071 0.2122454895 0.0271399864
-1.7351808598 0.1953126531 0.0271230233
-1.7373202356 0.1783236514 0.0271066946
-1.7392892870 0.1612800743 0.0270909998
-1.7410874826 0.1441835202 0.0270759388
-1.7427143070 0.1270355957 0.0270615112
-1.7441692610 0.1098379161 0.0270477168
-1.7454518613 0.0925921046 0.0270345555
-1.7465616413 0.0752997924 0.0270220271
-1.7474981503 0.0579626186 0.0270101317
-1.7482609543 0.0405822301 0.0269988690
-1.7488496358 0.0231602812 0.0269882392
-1.7492637939 0.0056984337 0.0269782423
-1.7495030441 -0.0118016435 0.0269688784
-1.7495670188 -0.0293382739 0.0269601475
-1.7494553674 -0.0469097747 0.0269520499
-1.7491677558 -0.0645144560 0.0269445857
-1.7487038672 -0.0821506211 0.0269377552
-1.7480634014 -0.0998165670 0.0269315586
-1.7472460755 -0.1175105845 0.0269259962
-1.7462516239 -0.1352309581 0.0269210683
-1.7450797977 -0.1529759661 0.0269167754
-1.7437303658 -0.1707438811 0.0269131177
-1.7422031140 -0.1885329702 0.0269100957
-1.7404978457 -0.2063414949 0.0269077099
-1.7386143815 -0.2241677110 0.0269059607
-1.7365525596 -0.2420098694 0.0269048487
-1.7343122359 -0.2598662161 0.0269043745
-1.7318932835 -0.2777349919 0.0269045385
-1.7292955934 -0.2956144331 0.0269053415
-1.7265190741 -0.3135027713 0.0269067840
-1.7235636520 -0.3313982340 0.0269088668
-1.7204292711 -0.3492990443 0.0269115906
-1.7171158932 -0.3672034214 0.0269149560
-1.7136234980 -0.3851095804 0.0269189639
-1.7099520830 -0.4030157329 0.0269236150
-1.7061016638 -0.4209200870 0.0269289102
-1.7020722736 -0.4388208475 0.0269348504
-1.6978639640 -0.4567162160 0.0269414363
-1.6934768042 -0.4746043908 0.0269486690
-1.6889108817 -0.4924835677 0.0269565495
-1.6841663020 -0.5103519399 0.0269650785
-1.6792431886 -0.5282076980 0.0269742573
-1.6741416834 -0.5460490303 0.0269840868
-1.6688619461 -0.5638741230 0.0269945681
-1.6634041547 -0.5816811601 0.0270057023
-1.6577685053 -0.5994683244 0.0270174905
-1.6519552125 -0.6172337969 0.0270299339
-1.6459645087 -0.6349757570 0.0270430336
-1.6397966447 -0.6526923828 0.0270567910
-1.6334518895 -0.6703818516 0.0270712072
-1.6269305306 -0.6880423398 0.0270862835
-1.6202328733 -0.7056720233 0.0271020213
-1.6133592415 -0.7232690772 0.0271184218
-1.6063099773 -0.7408316762 0.0271354865
-1.5990854409 -0.7583579950 0.0271532168
-1.5916860109 -0.7758462085 0.0271716140
-1.5841120843 -0.7932944916 0.0271906797
-1.5763640761 -0.8107010200 0.0272104153
-1.5684424197 -0.8280639696 0.0272308224
-1.5603475667 -0.8453815169 0.0272519026
-1.5520799871 -0.8626518396 0.0272736573
-1.5436401688 -0.8798731169 0.0272960882
-1.5350286183 -0.8970435290 0.0273191970
-1.5262458600 -0.9141612577 0.0273429853
-1.5172924368 -0.9312244863 0.0273674549
-1.5081689094 -0.9482313998 0.0273926074
-1.4988758570 -0.9651801860 0.0274184447
-1.4894138767 -0.9820690345 0.0274449684
-1.4797835837 -0.9988961375 0.0274721805
-1.4699856116 -1.0156596896 0.0275000828
-1.4600206118 -1.0323578883 0.0275286772
-1.4498892536 -1.0489889340 0.0275579656
-1.4395922246 -1.0655510307 0.0275879498
-1.4291302301 -1.0820423855 0.0276186320
-1.4185039936 -1.0984612092 0.0276500140
-1.4077142562 -1.1148057158 0.0276820979
-1.3967617772 -1.1310741238 0.0277148859
-1.3856473334 -1.1472646559 0.0277483798
-1.3743717196 -1.1633755388 0.0277825819
-1.3629357480 -1.1794050038 0.0278174943
-1.3513402490 -1.1953512866 0.0278531191
-1.3395860702 -1.2112126282 0.0278894586
-1.3276740770 -1.2269872746 0.0279265150
-1.3156051522 -1.2426734768 0.0279642905
-1.3033801963 -1.2582694914 0.0280027873
-1.2910001270 -1.2737735804 0.0280420079
-1.2784658795 -1.2891840118 0.0280819545
-1.2657784062 -1.3044990596 0.0281226295
-1.2529386770 -1.3197170040 0.0281640352
-1.2399476787 -1.3348361311 0.0282061741
-1.2268064154 -1.3498547341 0.0282490486
-1.2135159082 -1.3647711127 0.0282926611
-1.2000771952 -1.3795835734 0.0283370142
-1.1864913315 -1.3942904300 0.0283821102
-1.1727593889 -1.4088900033 0.0284279519
-1.1588824561 -1.4233806218 0.0284745416
-1.1448616385 -1.4377606216 0.0285218821
-1.1306980581 -1.4520283464 0.0285699758
-1.1163928534 -1.4661821481 0.0286188254
-1.1019471794 -1.4802203867 0.0286684335
-1.0873622075 -1.4941414307 0.0287188029
-1.0726391254 -1.5079436571 0.0287699361
-1.0577791371 -1.5216254513 0.0288218359
-1.0427834625 -1.5351852079 0.0288745050
-1.0276533377 -1.5486213307 0.0289279461
-1.0123900148 -1.5619322326 0.0289821620
-0.9969947615 -1.5751163357 0.0290371555
-0.9814688617 -1.5881720720 0.0290929294
-0.9658136144 -1.6010978834 0.0291494864
-0.9500303346 -1.6138922215 0.0292068295
-0.9341203525 -1.6265535480 0.0292649613
-0.9180850140 -1.6390803351 0.0293238849
-0.9019256797 -1.6514710655 0.0293836030
-0.8856437259 -1.6637242326 0.0294441186
-0.8692405436 -1.6758383402 0.0295054345
-0.8527175390 -1.6878119037 0.0295675536
-0.8360761327 -1.6996434492 0.0296304789
-0.8193177605 -1.7113315146 0.0296942133
-0.8024438725 -1.7228746488 0.0297587597
-0.7854559333 -1.7342714129 0.0298241210
-0.7683554221 -1.7455203794 0.0298903002
-0.7511438319 -1.7566201331 0.0299573003
-0.7338226702 -1.7675692709 0.0300251241
-0.7163934584 -1.7783664020 0.0300937748
-0.6988577317 -1.7890101484 0.0301632551
-0.6812170391 -1.7994991443 0.0302335682
-0.6634729433 -1.8098320370 0.0303047169
-0.6456270203 -1.8200074868 0.0303767043
-0.6276808597 -1.8300241674 0.0304495332
-0.6096360641 -1.8398807652 0.0305232067
-0.5914942493 -1.8495759807 0.0305977277
-0.5732570441 -1.8591085277 0.0306730991
-0.5549260900 -1.8684771339 0.0307493239
-0.5365030414 -1.8776805409 0.0308264051
-0.5179895650 -1.8867175045 0.0309043455
-0.4993873400 -1.8955867946 0.0309831481
-0.4806980579 -1.9042871957 0.0310628158
-0.4619234223 -1.9128175067 0.0311433514
-0.4430651486 -1.9211765412 0.0312247578
-0.4241249643 -1.9293631278 0.0313070379
-0.4051046084 -1.9373761100 0.0313901945
-0.3860058314 -1.9452143465 0.0314742304
-0.3668303953 -1.9528767112 0.0315591484
-0.3475800731 -1.9603620937 0.0316449513
-0.3282566490 -1.9676693987 0.0317316418
-0.3088619181 -1.9747975471 0.0318192226
-0.2893976862 -1.9817454754 0.0319076964
-0.2698657697 -1.9885121363 0.0319970658
-0.2502679955 -1.9950964983 0.0320873335
-0.2306062005 -2.0014975465 0.0321785020
-0.2108822320 -2.0077142824 0.0322705739
-0.1910979470 -2.0137457237 0.0323635516
-0.1712552124 -2.0195909052 0.0324574376
-0.1513559047 -2.0252488782 0.0325522344
-0.1314019097 -2.0307187111 0.0326479442
-0.1113951226 -2.0359994892 0.0327445695
-0.0913374476 -2.0410903152 0.0328421124
-0.0712307977 -2.0459903090 0.0329405751
-0.0510770949 -2.0506986078 0.0330399598
-0.0308782696 -2.0552143665 0.0331402686
-0.0106362606 -2.0595367578 0.0332415036
0.0096469851 -2.0636649719 0.0333436666
0.0299695125 -2.0675982170 0.0334467595
0.0503293587 -2.0713357196 0.0335507843
0.0707245531 -2.0748767239 0.0336557425
0.0911531177 -2.0782204927 0.0337616359
0.1116130672 -2.0813663069 0.0338684661
0.1321024092 -2.0843134662 0.0339762345
0.1526191443 -2.0870612884 0.0340849426
0.1731612663 -2.0896091105 0.0341945918
0.1937267627 -2.0919562879 0.0343051832
0.2143136144 -2.0941021950 0.0344167179
0.2349197962 -2.0960462253 0.0345291971
0.2555432769 -2.0977877913 0.0346426216
0.2761820196 -2.0993263247 0.0347569922
0.2968339818 -2.1006612765 0.0348723098
0.3174971154 -2.1017921169 0.0349885748
0.3381693674 -2.1027183358 0.0351057878
0.3588486795 -2.1034394426 0.0352239492
0.3795329888 -2.1039549663 0.0353430590
0.4002202277 -2.1042644556 0.0354631176
0.4209083242 -2.1043674790 0.0355841248
0.4415952021 -2.1042636252 0.0357060804
0.4622787810 -2.1039525023 0.0358289841
0.4829569771 -2.1034337390 0.0359528356
0.5036277027 -2.1027069840 0.0360776341
0.5242888666 -2.1017719059 0.0362033789
0.5449383746 -2.1006281940 0.0363300691
0.5655741295 -2.0992755578 0.0364577036
0.5861940312 -2.0977137271 0.0365862811
0.6067959771 -2.0959424523 0.0367158003
0.6273778622 -2.0939615044 0.0368462594
0.6479375793 -2.0917706750 0.0369776566
0.6684730192 -2.0893697764 0.0371099901
0.6889820711 -2.0867586415 0.0372432575
0.7094626225 -2.0839371243 0.0373774566
0.7299125597 -2.0809050993 0.0375125847
0.7503297677 -2.0776624622 0.0376486391
0.7707121307 -2.0742091295 0.0377856168
0.7910575323 -2.0705450388 0.0379235144
0.8113638555 -2.0666701487 0.0380623285
0.8316289830 -2.0625844390 0.0382020556
0.8518507974 -2.0582879106 0.0383426916
0.8720271817 -2.0537805856 0.0384842324
0.8921560190 -2.0490625073 0.0386266735
0.9122351931 -2.0441337404 0.0387700104
0.9322625886 -2.0389943706 0.0389142380
0.9522360911 -2.0336445054 0.0390593512
0.9721535875 -2.0280842733 0.0392053446
0.9920129660 -2.0223138243 0.0393522123
1.0118121167 -2.0163333300 0.0394999484
1.0315489313 -2.0101429832 0.0396485466
1.0512213038 -2.0037429983 0.0397980002
1.0708271304 -1.9971336113 0.0399483023
1.0903643100 -1.9903150796 0.0400994458
1.1098307441 -1.9832876820 0.0402514230
1.1292243372 -1.9760517192 0.0404042262
1.1485429971 -1.9686075131 0.0405578472
1.1677846349 -1.9609554074 0.0407122774
1.1869471652 -1.9530957674 0.0408675080
1.2060285069 -1.9450289797 0.0410235298
1.2250265825 -1.9367554529 0.0411803333
1.2439393190 -1.9282756168 0.0413379085
1.2627646479 -1.9195899231 0.0414962452
1.2815005054 -1.9106988448 0.0416553328
1.3001448328 -1.9016028768 0.0418151601
1.3186955761 -1.8923025354 0.0419757159
1.3371506873 -1.8827983583 0.0421369883
1.3555081236 -1.8730909051 0.0422989652
1.3737658481 -1.8631807567 0.0424616339
1.3919218301 -1.8530685156 0.0426249814
1.4099740450 -1.8427548058 0.0427889943
1.4279204748 -1.8322402727 0.0429536588
1.4457591080 -1.8215255832 0.0431189605
1.4634879403 -1.8106114259 0.0432848849
1.4811049742 -1.7994985103 0.0434514167
1.4986082201 -1.7881875677 0.0436185403
1.5159956953 -1.7766793506 0.0437862397
1.5332654254 -1.7649746327 0.0439544984
1.5504154438 -1.7530742092 0.0441232994
1.5674437922 -1.7409788963 0.0442926253
1.5843485207 -1.7286895316 0.0444624581
1.6011276881 -1.7162069737 0.0446327794
1.6177793620 -1.7035321025 0.0448035705
1.6343016192 -1.6906658187 0.0449748117
1.6506925458 -1.6776090441 0.0451464833
1.6669502372 -1.6643627217 0.0453185650
1.6830727989 -1.6509278150 0.0454910358
1.6990583462 -1.6373053086 0.0456638742
1.7149050045 -1.6234962079 0.0458370584
1.7306109096 -1.6095015388 0.0460105660
1.7461742079 -1.5953223482 0.0461843739
1.7615930566 -1.5809597033 0.0463584587
1.7768656241 -1.5664146919 0.0465327963
1.7919900896 -1.5516884224 0.0467073621
1.8069646441 -1.5367820234 0.0468821312
1.8217874902 -1.5216966440 0.0470570776
1.8364568423 -1.5064334533 0.0472321754
1.8509709266 -1.4909936408 0.0474073976
1.8653279821 -1.4753784158 0.0475827172
1.8795262598 -1.4595890079 0.0477581060
1.8935640236 -1.4436266664 0.0479335358
1.9074395501 -1.4274926605 0.0481089775
1.9211511293 -1.4111882790 0.0482844018
1.9346970643 -1.3947148304 0.0484597783
1.9480756715 -1.3780736429 0.0486350765
1.9612852813 -1.3612660640 0.0488102652
1.9743242378 -1.3442934604 0.0489853127
1.9871908994 -1.3271572183 0.0491601865
1.9998836384 -1.3098587428 0.0493348539
2.0124008419 -1.2923994584 0.0495092813
2.0247409116 -1.2747808081 0.0496834348
2.0369022641 -1.2570042538 0.0498572798
2.0488833309 -1.2390712764 0.0500307812
2.0606825588 -1.2209833752 0.0502039034
2.0722984103 -1.2027420678 0.0503766102
2.0837293632 -1.1843488903 0.0505488649
2.0949739114 -1.1658053972 0.0507206302
2.1060305646 -1.1471131608 0.0508918683
2.1168978486 -1.1282737717 0.0510625410
2.1275743060 -1.1092888380 0.0512326093
2.1380584956 -1.0901599858 0.0514020340
2.1483489931 -1.0708888588 0.0515707751
2.1584443910 -1.0514771180 0.0517387925
2.1683432990 -1.0319264418 0.0519060453
2.1780443441 -1.0122385258 0.0520724920
2.1875461708 -0.9924150827 0.0522380911
2.1968474409 -0.9724578421 0.0524028002
2.2059468345 -0.9523685502 0.0525665767
2.2148430493 -0.9321489700 0.0527293775
2.2235348015 -0.9118008809 0.0528911590
2.2320208250 -0.8913260787 0.0530518773
2.2402998728 -0.8707263754 0.0532114881
2.2483707163 -0.8500035988 0.0533699465
2.2562321458 -0.8291595927 0.0535272076
2.2638829703 -0.8081962166 0.0536832257
2.2713220182 -0.7871153458 0.0538379553
2.2785481371 -0.7659188704 0.0539913501
2.2855601942 -0.7446086962 0.0541433637
2.2923570760 -0.7231867440 0.0542939493
2.2989376889 -0.7016549493 0.0544430601
2.3053009592 -0.6800152626 0.0545906488
2.3114458333 -0.6582696486 0.0547366678
2.3173712777 -0.6364200866 0.0548810696
2.3230762794 -0.6144685702 0.0550238062
2.3285598455 -0.5924171068 0.0551648296
2.3338210043 -0.5702677179 0.0553040917
2.3388588044 -0.5480224382 0.0554415441
2.3436723156 -0.5256833165 0.0555771384
2.3482606285 -0.5032524146 0.0557108261
2.3526228548 -0.4807318075 0.0558425588
2.3567581280 -0.4581235829 0.0559722879
2.3606656026 -0.4354298415 0.0560999647
2.3643444546 -0.4126526966 0.0562255408
2.3677938819 -0.3897942738 0.0563489678
2.3710131042 -0.3668567108 0.0564701972
2.3740013630 -0.3438421571 0.0565891808
2.3767579220 -0.3207527745 0.0567058704
2.3792820667 -0.2975907360 0.0568202181
2.3815731053 -0.2743582262 0.0569321762
2.3836303682 -0.2510574406 0.0570416971
2.3854532083 -0.2276905859 0.0571487335
2.3870410009 -0.2042598796 0.0572532384
2.3883931443 -0.1807675499 0.0573551653
2.3895090593 -0.1572158349 0.0574544679
2.3903881900 -0.1336069832 0.0575511002
2.3910300032 -0.1099432534 0.0576450168
2.3914339886 -0.0862269138 0.0577361727
2.3915996595 -0.0624602422 0.0578245233
2.3915265523 -0.0386455256 0.0579100246
2.3912142267 -0.0147850601 0.0579926333
2.3906622658 0.0091188489 0.0580723065
2.3898702764 0.0330638879 0.0581490019
2.3888378887 0.0570477345 0.0582226779
2.3875647568 0.0810680584 0.0582932939
2.3860505582 0.1051225211 0.0583608095
2.3842949947 0.1292087763 0.0584251854
2.3822977915 0.1533244703 0.0584863832
2.3800586980 0.1774672418 0.0585443649
2.3775774878 0.2016347226 0.0585990939
2.3748539582 0.2258245376 0.0586505341
2.3718879309 0.2500343049 0.0586986506
2.3686792518 0.2742616363 0.0587434092
2.3652277908 0.2985041373 0.0587847770
2.3615334423 0.3227594076 0.0588227219
2.3575961252 0.3470250409 0.0588572130
2.3534157823 0.3712986254 0.0588882206
2.3489923815 0.3955777444 0.0589157159
2.3443259146 0.4198599760 0.0589396714
2.3394163982 0.4441428930 0.0589600608
2.3342638733 0.4684240642 0.0589768590
2.3288684057 0.4927010540 0.0589900421
2.3232300856 0.5169714227 0.0589995878
2.3173490279 0.5412327264 0.0590054746
2.3112253722 0.5654825178 0.0590076828
2.3048592827 0.5897183464 0.0590061939
2.2982509484 0.6139377584 0.0590009908
2.2914005831 0.6381382971 0.0589920577
2.2843084250 0.6623175032 0.0589793804
2.2769747373 0.6864729147 0.0589629462
2.2693998078 0.7106020678 0.0589427438
2.2615839493 0.7347024968 0.0589187634
2.2535274992 0.7587717341 0.0588909969
2.2452308196 0.7828073107 0.0588594374
2.2366942974 0.8068067561 0.0588240800
2.2279183442 0.8307675996 0.0587849211
2.2189033965 0.8546873693 0.0587419587
2.2096499155 0.8785635931 0.0586951926
2.2001583869 0.9023937980 0.0586446240
2.1904293213 0.9261755118 0.0585902559
2.1804632540 0.9499062623 0.0585320929
2.1702607449 0.9735835780 0.0584701413
2.1598223786 0.9972049882 0.0584044088
2.1491487642 1.0207680228 0.0583349051
2.1382405354 1.0442702130 0.0582616414
2.1270983506 1.0677090920 0.0581846306
2.1157228926 1.0910821947 0.0581038873
2.1041148688 1.1143870581 0.0580194277
2.0922750109 1.1376212208 0.0579312696
2.0802040751 1.1607822242 0.0578394327
2.0679028420 1.1838676128 0.0577439381
2.0553721164 1.2068749342 0.0576448087
2.0426127276 1.2298017390 0.0575420690
2.0296255287 1.2526455814 0.0574357450
2.0164113976 1.2754040188 0.0573258646
2.0029712357 1.2980746132 0.0572124571
1.9893059688 1.3206549311 0.0570955532
1.9754165465 1.3431425432 0.0569751856
1.9613039427 1.3655350251 0.0568513881
1.9469691547 1.3878299569 0.0567241964
1.9324132040 1.4100249242 0.0565936476
1.9176371356 1.4321175184 0.0564597800
1.9026420183 1.4541053367 0.0563226336
1.8874289442 1.4759859822 0.0561822499
1.8719990294 1.4977570640 0.0560386717
1.8563534131 1.5194161976 0.0558919431
1.8404932581 1.5409610055 0.0557421096
1.8244197501 1.5623891175 0.0555892180
1.8081340983 1.5836981703 0.0554333163
1.7916375349 1.6048858083 0.0552744539
1.7749313152 1.6259496832 0.0551126813
1.7580167175 1.6468874547 0.0549480501
1.7408950426 1.6676967912 0.0547806132
1.7235676145 1.6883753695 0.0546104243
1.7060357793 1.7089208750 0.0544375384
1.6883009062 1.7293310018 0.0542620115
1.6703643865 1.7496034532 0.0540839003
1.6522276341 1.7697359424 0.0539032627
1.6338920849 1.7897261920 0.0537201573
1.6153591968 1.8095719347 0.0535346435
1.5966304503 1.8292709131 0.0533467817
1.5777073473 1.8488208802 0.0531566328
1.5585914116 1.8682195998 0.0529642584
1.5392841889 1.8874648468 0.0527697210
1.5197872462 1.9065544069 0.0525730832
1.5001021721 1.9254860771 0.0523744087
1.4802305767 1.9442576661 0.0521737613
1.4601740909 1.9628669947 0.0519712054
1.4399343669 1.9813118955 0.0517668057
1.4195130780 1.9995902134 0.0515606273
1.3989119182 2.0176998059 0.0513527357
1.3781326022 2.0356385432 0.0511431965
1.3571768653 2.0534043086 0.0509320754
1.3360464632 2.0709949988 0.0507194386
1.3147431719 2.0884085236 0.0505053520
1.2932687878 2.1056428065 0.0502898818
1.2716251269 2.1226957853 0.0500730942
1.2498140255 2.1395654118 0.0498550552
1.2278373395 2.1562496520 0.0496358308
1.2056969443 2.1727464866 0.0494154869
1.1833947349 2.1890539111 0.0491940892
1.1609326256 2.2051699363 0.0489717031
1.1383125497 2.2210925880 0.0487483937
1.1155364599 2.2368199074 0.0485242259
1.0926063273 2.2523499517 0.0482992642
1.0695241420 2.2676807941 0.0480735727
1.0462919126 2.2828105236 0.0478472150
1.0229116660 2.2977372457 0.0476202543
0.9993854473 2.3124590827 0.0473927531
0.9757153200 2.3269741735 0.0471647735
0.9519033651 2.3412806740 0.0469363771
0.9279516816 2.3553767574 0.0467076246
0.9038623859 2.3692606144 0.0464785762
0.8796376119 2.3829304533 0.0462492914
0.8552795109 2.3963845002 0.0460198288
0.8307902509 2.4096209993 0.0457902464
0.8061720171 2.4226382131 0.0455606014
0.7814270113 2.4354344226 0.0453309501
0.7565574519 2.4480079274 0.0451013480
0.7315655734 2.4603570460 0.0448718497
0.7064536269 2.4724801161 0.0446425089
0.6812238792 2.4843754945 0.0444133784
0.6558786130 2.4960415577 0.0441845100
0.6304201265 2.5074767017 0.0439559546
0.6048507337 2.5186793423 0.0437277620
0.5791727633 2.5296479157 0.0434999812
0.5533885596 2.5403808781 0.0432726600
0.5275004813 2.5508767061 0.0430458453
0.5015109021 2.5611338971 0.0428195828
0.4754222101 2.5711509693 0.0425939173
0.4492368076 2.5809264618 0.0423688925
0.4229571108 2.5904589349 0.0421445509
0.3965855502 2.5997469705 0.0419209341
0.3701245696 2.6087891719 0.0416980825
0.3435766265 2.6175841639 0.0414760353
0.3169441914 2.6261305937 0.0412548309
0.2902297480 2.6344271302 0.0410345064
0.2634357929 2.6424724647 0.0408150977
0.2365648352 2.6502653109 0.0405966398
0.2096193965 2.6578044052 0.0403791666
0.1826020104 2.6650885066 0.0401627107
0.1555152227 2.6721163973 0.0399473038
0.1283615908 2.6788868822 0.0397329764
0.1011436837 2.6853987900 0.0395197579
0.0738640818 2.6916509723 0.0393076767
0.0465253764 2.6976423046 0.0390967602
0.0191301697 2.7033716861 0.0388870344
-0.0083189253 2.7088380397 0.0386785248
-0.0358192854 2.7140403128 0.0384712552
-0.0633682772 2.7189774764 0.0382652489
-0.0909632572 2.7236485264 0.0380605280
-0.1186015723 2.7280524829 0.0378571134
-0.1462805600 2.7321883906 0.0376550253
-0.1739975485 2.7360553193 0.0374542828
-0.2017498570 2.7396523633 0.0372549039
-0.2295347959 2.7429786423 0.0370569059
-0.2573496672 2.7460333011 0.0368603049
-0.2851917646 2.7488155098 0.0366651163
-0.3130583736 2.7513244639 0.0364713545
-0.3409467723 2.7535593848 0.0362790330
-0.3688542309 2.7555195193 0.0360881644
-0.3967780125 2.7572041402 0.0358987606
-0.4247153731 2.7586125462 0.0357108325
-0.4526635620 2.7597440622 0.0355243902
-0.4806198220 2.7605980393 0.0353394430
-0.5085813895 2.7611738548 0.0351559996
-0.5365454949 2.7614709126 0.0349740678
-0.5645093631 2.7614886431 0.0347936546
-0.5924702131 2.7612265034 0.0346147663
-0.6204252589 2.7606839773 0.0344374086
-0.6483717097 2.7598605755 0.0342615865
-0.6763067695 2.7587558358 0.0340873042
-0.7042276384 2.7573693230 0.0339145654
-0.7321315118 2.7557006289 0.0337433732
-0.7600155817 2.7537493729 0.0335737299
-0.7878770360 2.7515152015 0.0334056373
-0.8157130595 2.7489977889 0.0332390969
-0.8435208338 2.7461968366 0.0330741091
-0.8712975375 2.7431120739 0.0329106744
-0.8990403470 2.7397432578 0.0327487923
-0.9267464362 2.7360901729 0.0325884620
-0.9544129767 2.7321526319 0.0324296823
-0.9820371389 2.7279304754 0.0322724514
-1.0096160912 2.7234235719 0.0321167671
-1.0371470013 2.7186318181 0.0319626269
-1.0646270355 2.7135551388 0.0318100277
-1.0920533598 2.7081934870 0.0316589662
-1.1194231397 2.7025468440 0.0315094387
-1.1467335407 2.6966152195 0.0313614409
-1.1739817282 2.6903986515 0.0312149685
-1.2011648685 2.6838972065 0.0310700168
-1.2282801285 2.6771109794 0.0309265807
-1.2553246759 2.6700400938 0.0307846547
-1.2822956801 2.6626847017 0.0306442334
-1.3091903118 2.6550449840 0.0305053107
-1.3360057439 2.6471211500 0.0303678807
-1.3627391511 2.6389134379 0.0302319369
-1.3893877110 2.6304221145 0.0300974728
-1.4159486034 2.6216474755 0.0299644816
-1.4424190117 2.6125898453 0.0298329562
-1.4687961222 2.6032495772 0.0297028897
-1.4950771250 2.5936270533 0.0295742746
-1.5212592141 2.5837226847 0.0294471034
-1.5473395875 2.5735369112 0.0293213687
-1.5733154480 2.5630702017 0.0291970625
-1.5991840027 2.5523230538 0.0290741771
-1.6249424643 2.5412959942 0.0289527045
-1.6505880502 2.5299895785 0.0288326365
-1.6761179840 2.5184043912 0.0287139651
-1.7015294948 2.5065410457 0.0285966819
-1.7268198181 2.4944001844 0.0284807786
-1.7519861958 2.4819824787 0.0283662468
-1.7770258766 2.4692886286 0.0282530782
-1.8019361164 2.4563193635 0.0281412641
-1.8267141781 2.4430754413 0.0280307960
-1.8513573327 2.4295576488 0.0279216654
-1.8758628587 2.4157668019 0.0278138637
-1.9002280430 2.4017037452 0.0277073822
-1.9244501811 2.3873693520 0.0276022123
-1.9485265772 2.3727645245 0.0274983455
-1.9724545445 2.3578901936 0.0273957729
-1.9962314057 2.3427473190 0.0272944861
-2.0198544930 2.3273368890 0.0271944764
-2.0433211487 2.3116599205 0.0270957353
-2.0666287253 2.2957174590 0.0269982540
-2.0897745858 2.2795105786 0.0269020241
-2.1127561038 2.2630403818 0.0268070371
-2.1355706643 2.2463079998 0.0267132844
-2.1582156635 2.2293145917 0.0266207577
-2.1806885092 2.2120613455 0.0265294485
-2.2029866213 2.1945494770 0.0264393485
-2.2251074318 2.1767802304 0.0263504494
-2.2470483852 2.1587548780 0.0262627430
-2.2688069388 2.1404747203 0.0261762209
-2.2903805630 2.1219410856 0.0260908752
-2.3117667415 2.1031553301 0.0260066978
-2.3329629717 2.0841188381 0.0259236806
-2.3539667647 2.0648330213 0.0258418158
-2.3747756459 2.0452993193 0.0257610955
-2.3953871553 2.0255191993 0.0256815119
-2.4157988475 2.0054941558 0.0256030573
-2.4360082920 1.9852257109 0.0255257241
-2.4560130737 1.9647154138 0.0254495048
-2.4758107931 1.9439648411 0.0253743918
-2.4953990665 1.9229755963 0.0253003778
-2.5147755261 1.9017493101 0.0252274555
-2.5339378208 1.8802876400 0.0251556177
-2.5528836159 1.8585922701 0.0250848573
-2.5716105936 1.8366649115 0.0250151672
-2.5901164535 1.8145073015 0.0249465406
-2.6083989123 1.7921212040 0.0248789705
-2.6264557048 1.7695084091 0.0248124501
-2.6442845834 1.7466707333 0.0247469729
-2.6618833189 1.7236100189 0.0246825323
-2.6792497006 1.7003281341 0.0246191217
-2.6963815365 1.6768269730 0.0245567348
-2.7132766536 1.6531084554 0.0244953653
-2.7299328983 1.6291745264 0.0244350070
-2.7463481362 1.6050271566 0.0243756539
-2.7625202530 1.5806683417 0.0243172999
-2.7784471543 1.5561001027 0.0242599391
-2.7941267658 1.5313244851 0.0242035657
-2.8095570342 1.5063435596 0.0241481741
-2.8247359264 1.4811594211 0.0240937586
-2.8396614307 1.4557741893 0.0240403137
-2.8543315565 1.4301900079 0.0239878340
-2.8687443348 1.4044090448 0.0239363142
-2.8828978182 1.3784334920 0.0238857491
-2.8967900815 1.3522655649 0.0238361337
-2.9104192216 1.3259075029 0.0237874628
-2.9237833577 1.2993615686 0.0237397315
-2.9368806321 1.2726300479 0.0236929351
-2.9497092096 1.2457152496 0.0236470689
-2.9622672784 1.2186195057 0.0236021282
-2.9745530500 1.1913451707 0.0235581086
-2.9865647596 1.1638946215 0.0235150055
-2.9983006662 1.1362702574 0.0234728148
-3.0097590528 1.1084745000 0.0234315321
-3.0209382267 1.0805097925 0.0233911534
-3.0318365198 1.0523785999 0.0233516747
-3.0424522885 1.0240834089 0.0233130920
-3.0527839144 0.9956267273 0.0232754016
-3.0628298042 0.9670110840 0.0232385996
-3.0725883897 0.9382390289 0.0232026825
-3.0820581285 0.9093131326 0.0231676468
-3.0912375040 0.8802359859 0.0231334890
-3.1001250255 0.8510102002 0.0231002058
-3.1087192284 0.8216384066 0.0230677939
-3.1170186745 0.7921232562 0.0230362503
-3.1250219524 0.7624674196 0.0230055720
-3.1327276772 0.7326735867 0.0229757558
-3.1401344912 0.7027444666 0.0229467991
-3.1472410635 0.6726827872 0.0229186991
-3.1540460910 0.6424912950 0.0228914532
-3.1605482979 0.6121727552 0.0228650587
-3.1667464359 0.5817299508 0.0228395132
-3.1726392851 0.5511656830 0.0228148145
-3.1782256532 0.5204827704 0.0227909601
-3.1835043765 0.4896840493 0.0227679480
-3.1884743194 0.4587723730 0.0227457761
-3.1931343753 0.4277506119 0.0227244424
-3.1974834660 0.3966216530 0.0227039451
-3.2015205424 0.3653883998 0.0226842823
-3.2052445845 0.3340537716 0.0226654525
-3.2086546015 0.3026207042 0.0226474539
-3.2117496321 0.2710921487 0.0226302851
-3.2145287445 0.2394710716 0.0226139447
-3.2169910367 0.2077604545 0.0225984315
-3.2191356365 0.1759632940 0.0225837441
-3.2209617018 0.1440826011 0.0225698816
-3.2224684206 0.1121214011 0.0225568428
-3.2236550112 0.0800827337 0.0225446269
-3.2245207225 0.0479696519 0.0225332331
-3.2250648338 0.0157852223 0.0225226606
-3.2252866553 -0.0164674752 0.0225129088
-3.2251855279 -0.0487853477 0.0225039771
-3.2247608237 -0.0811652899 0.0224958652
-3.2240119457 -0.1136041840 0.0224885727
-3.2229383281 -0.1460989003 0.0224820993
-3.2215394368 -0.1786462970 0.0224764450
-3.2198147687 -0.2112432213 0.0224716095
-3.2177638527 -0.2438865088 0.0224675931
-3.2153862492 -0.2765729842 0.0224643958
-3.2126815503 -0.3092994620 0.0224620179
-3.2096493804 -0.3420627461 0.0224604597
-3.2062893954 -0.3748596303 0.0224597216
-3.2026012836 -0.4076868990 0.0224598043
-3.1985847657 -0.4405413269 0.0224607082
-3.1942395943 -0.4734196801 0.0224624342
-3.1895655546 -0.5063187152 0.0224649831
-3.1845624643 -0.5392351808 0.0224683557
-3.1792301736 -0.5721658172 0.0224725532
-3.1735685654 -0.6051073570 0.0224775767
-3.1675775553 -0.6380565252 0.0224834273
-3.1612570917 -0.6710100391 0.0224901064
-3.1546071559 -0.7039646095 0.0224976155
-3.1476277620 -0.7369169408 0.0225059560
-3.1403189574 -0.7698637309 0.0225151296
-3.1326808223 -0.8028016714 0.0225251381
-3.1247134701 -0.8357274485 0.0225359832
-3.1164170474 -0.8686377432 0.0225476668
-3.1077917340 -0.9015292315 0.0225601912
-3.0988377432 -0.9343985846 0.0225735583
-3.0895553213 -0.9672424692 0.0225877704
-3.0799447481 -1.0000575479 0.0226028299
-3.0700063369 -1.0328404799 0.0226187393
-3.0597404344 -1.0655879210 0.0226355011
-3.0491474208 -1.0982965242 0.0226531179
-3.0382277098 -1.1309629387 0.0226715926
-3.0269817485 -1.1635838122 0.0226909281
-3.0154100179 -1.1961557902 0.0227111273
-3.0035130323 -1.2286755165 0.0227321934
-2.9912913397 -1.2611396336 0.0227541296
-2.9787455217 -1.2935447824 0.0227769392
-2.9658761935 -1.3258876032 0.0228006256
-2.9526840040 -1.3581647364 0.0228251924
-2.9391696357 -1.3903728222 0.0228506433
-2.9253338048 -1.4225085008 0.0228769820
-2.9111772609 -1.4545684129 0.0229042125
-2.8967007875 -1.4865492003 0.0229323387
-2.8819052016 -1.5184475065 0.0229613648
-2.8667913538 -1.5502599763 0.0229912950
-2.8513601283 -1.5819832563 0.0230221337
-2.8356124429 -1.6136139954 0.0230538854
-2.8195492488 -1.6451488453 0.0230865547
-2.8031715309 -1.6765844611 0.0231201462
-2.7864803075 -1.7079175005 0.0231546649
-2.7694766303 -1.7391446252 0.0231901157
-2.7521615846 -1.7702625008 0.0232265038
-2.7345362888 -1.8012677976 0.0232638342
-2.7166018948 -1.8321571902 0.0233021125
-2.6983595878 -1.8629273584 0.0233413440
-2.6798105862 -1.8935749873 0.0233815344
-2.6609561415 -1.9240967680 0.0234226894
-2.6417975384 -1.9544893973 0.0234648148
-2.6223360946 -1.9847495786 0.0235079167
-2.6025731609 -2.0148740220 0.0235520012
-2.5825101209 -2.0448594449 0.0235970745
-2.5621483911 -2.0747025718 0.0236431432
-2.5414894208 -2.1044001351 0.0236902136
-2.5205346921 -2.1339488756 0.0237382925
-2.4992857195 -2.1633455423 0.0237873868
-2.4777440501 -2.1925868930 0.0238375033
-2.4559112636 -2.2216696947 0.0238886491
-2.4337889719 -2.2505907241 0.0239408317
-2.4113788192 -2.2793467676 0.0239940582
-2.3886824819 -2.3079346215 0.0240483363
-2.3657016683 -2.3363510931 0.0241036737
-2.3424381189 -2.3645930004 0.0241600781
-2.3188936059 -2.3926571725 0.0242175577
-2.2950699332 -2.4205404501 0.0242761205
-2.2709689364 -2.4482396858 0.0243357748
-2.2465924826 -2.4757517446 0.0243965292
-2.2219424701 -2.5030735037 0.0244583922
-2.1970208288 -2.5302018536 0.0245213727
-2.1718295193 -2.5571336978 0.0245854794
-2.1463705335 -2.5838659535 0.0246507217
-2.1206458940 -2.6103955517 0.0247171086
-2.0946576542 -2.6367194378 0.0247846497
-2.0684078979 -2.6628345716 0.0248533547
-2.0418987397 -2.6887379281 0.0249232331
-2.0151323239 -2.7144264974 0.0249942951
-1.9881108255 -2.7398972851 0.0250665506
-1.9608364491 -2.7651473129 0.0251400101
-1.9333114293 -2.7901736187 0.0252146840
-1.9055380301 -2.8149732570 0.0252905830
-1.8775185452 -2.8395432990 0.0253677179
-1.8492552976 -2.8638808335 0.0254460997
-1.8207506394 -2.8879829667 0.0255257396
-1.7920069516 -2.9118468225 0.0256066491
-1.7630266440 -2.9354695435 0.0256888396
-1.7338121551 -2.9588482903 0.0257723231
-1.7043659517 -2.9819802428 0.0258571115
-1.6746905288 -3.0048625999 0.0259432169
-1.6447884097 -3.0274925799 0.0260306517
-1.6146621452 -3.0498674211 0.0261194285
-1.5843143140 -3.0719843820 0.0262095601
-1.5537475220 -3.0938407413 0.0263010594
-1.5229644026 -3.1154337988 0.0263939397
-1.4919676161 -3.1367608750 0.0264882142
-1.4607598495 -3.1578193122 0.0265838966
-1.4293438168 -3.1786064742 0.0266810008
-1.3977222578 -3.1991197468 0.0267795408
-1.3658979391 -3.2193565382 0.0268795308
-1.3338736527 -3.2393142791 0.0269809852
-1.3016522168 -3.2589904234 0.0270839189
-1.2692364747 -3.2783824480 0.0271883466
-1.2366292952 -3.2974878535 0.0272942836
-1.2038335720 -3.3163041642 0.0274017452
-1.1708522238 -3.3348289285 0.0275107471
-1.1376881935 -3.3530597194 0.0276213050
-1.1043444486 -3.3709941346 0.0277334351
-1.0708239807 -3.3886297967 0.0278471536
-1.0371298048 -3.4059643536 0.0279624771
-1.0032649600 -3.4229954790 0.0280794225
-0.9692325083 -3.4397208722 0.0281980067
-0.9350355349 -3.4561382589 0.0283182470
-0.9006771478 -3.4722453911 0.0284401610
-0.8661604775 -3.4880400475 0.0285637666
-0.8314886768 -3.5035200339 0.0286890816
-0.7966649203 -3.5186831834 0.0288161245
-0.7616924047 -3.5335273565 0.0289449137
-0.7265743477 -3.5480504417 0.0290754682
-0.6913139884 -3.5622503555 0.0292078070
-0.6559145868 -3.5761250426 0.0293419494
-0.6203794234 -3.5896724767 0.0294779151
-0.5847117992 -3.6028906600 0.0296157239
-0.5489150350 -3.6157776240 0.0297553961
-0.5129924714 -3.6283314297 0.0298969519
-0.4769474687 -3.6405501677 0.0300404123
-0.4407834059 -3.6524319583 0.0301857980
-0.4045036813 -3.6639749522 0.0303331304
-0.3681117114 -3.6751773305 0.0304824311
-0.3316109313 -3.6860373048 0.0306337218
-0.2950047937 -3.6965531177 0.0307870247
-0.2582967692 -3.7067230429 0.0309423621
-0.2214903456 -3.7165453855 0.0310997568
-0.1845890277 -3.7260184822 0.0312592316
-0.1475963372 -3.7351407015 0.0314208100
-0.1105158119 -3.7439104440 0.0315845153
-0.0733510059 -3.7523261426 0.0317503714
-0.0361054890 -3.7603862626 0.0319184026
0.0012171537 -3.7680893022 0.0320886331
0.0386133218 -3.7754337926 0.0322610878
0.0760794003 -3.7824182979 0.0324357917
0.1136117598 -3.7890414159 0.0326127700
0.1512067564 -3.7953017778 0.0327920484
0.1888607329 -3.8011980486 0.0329736528
0.2265700185 -3.8067289274 0.0331576093
0.2643309292 -3.8118931474 0.0333439446
0.3021397682 -3.8166894763 0.0335326853
0.3399928266 -3.8211167165 0.0337238587
0.3778863830 -3.8251737048 0.0339174920
0.4158167046 -3.8288593135 0.0341136130
0.4537800471 -3.8321724496 0.0343122497
0.4917726550 -3.8351120558 0.0345134303
0.5297907625 -3.8376771100 0.0347171835
0.5678305931 -3.8398666262 0.0349235379
0.6058883605 -3.8416796539 0.0351325230
0.6439602688 -3.8431152789 0.0353441679
0.6820425129 -3.8441726230 0.0355585026
0.7201312784 -3.8448508446 0.0357755569
0.7582227430 -3.8451491385 0.0359953612
0.7963130757 -3.8450667363 0.0362179460
0.8343984380 -3.8446029062 0.0364433421
0.8724749838 -3.8437569538 0.0366715807
0.9105388600 -3.8425282214 0.0369026931
0.9485862067 -3.8409160890 0.0371367110
0.9866131578 -3.8389199736 0.0373736662
1.0246158412 -3.8365393302 0.0376135908
1.0625903791 -3.8337736513 0.0378565173
1.1005328887 -3.8306224670 0.0381024782
1.1384394822 -3.8270853458 0.0383515064
1.1763062674 -3.8231618939 0.0386036349
1.2141293480 -3.8188517559 0.0388588971
1.2519048240 -3.8141546146 0.0391173264
1.2896287921 -3.8090701914 0.0393789565
1.3272973461 -3.8035982459 0.0396438214
1.3649065773 -3.7977385767 0.0399119551
1.4024525746 -3.7914910209 0.0401833918
1.4399314254 -3.7848554544 0.0404581659
1.4773392155 -3.7778317923 0.0407363121
1.5146720298 -3.7704199885 0.0410178649
1.5519259526 -3.7626200359 0.0413028594
1.5890970680 -3.7544319668 0.0415913303
1.6261814602 -3.7458558528 0.0418833126
1.6631752139 -3.7368918045 0.0421788416
1.7000744149 -3.7275399724 0.0424779525
1.7368751503 -3.7178005460 0.0427806804
1.7735735088 -3.7076737545 0.0430870607
1.8101655815 -3.6971598670 0.0433971287
1.8466474619 -3.6862591918 0.0437109196
1.8830152463 -3.6749720772 0.0440284687
1.9192650345 -3.6632989112 0.0443498114
1.9553929301 -3.6512401214 0.0446749828
1.9913950406 -3.6387961756 0.0450040180
2.0272674781 -3.6259675811 0.0453369520
2.0630063597 -3.6127548854 0.0456738197
2.0986078078 -3.5991586759 0.0460146557
2.1340679505 -3.5851795798 0.0463594947
2.1693829220 -3.5708182643 0.0467083709
2.2045488631 -3.5560754368 0.0470613186
2.2395619215 -3.5409518445 0.0474183714
2.2744182522 -3.5254482748 0.0477795629
2.3091140179 -3.5095655550 0.0481449264
2.3436453898 -3.4933045525 0.0485144947
2.3780085471 -3.4766661746 0.0488883002
2.4121996783 -3.4596513687 0.0492663750
2.4462149811 -3.4422611223 0.0496487506
2.4800506632 -3.4244964627 0.0500354580
2.5137029423 -3.4063584573 0.0504265278
2.5471680464 -3.3878482135 0.0508219899
2.5804422149 -3.3689668783 0.0512218736
2.6135216986 -3.3497156390 0.0516262075
2.6464027598 -3.3300957225 0.0520350194
2.6790816730 -3.3101083956 0.0524483365
2.7115547254 -3.2897549648 0.0528661852
2.7438182175 -3.2690367763 0.0532885909
2.7758684628 -3.2479552161 0.0537155779
2.8077017885 -3.2265117097 0.0541471702
2.8393145364 -3.2047077221 0.0545833901
2.8707030629 -3.1825447579 0.0550242590
2.9018637395 -3.1600243611 0.0554697972
2.9327929527 -3.1371481148 0.0559200240
2.9634871048 -3.1139176419 0.0563749573
2.9939426151 -3.0903346038 0.0568346135
3.0241559192 -3.0664007014 0.0572990076
3.0541234698 -3.0421176745 0.0577681534
3.0838417364 -3.0174873020 0.0582420632
3.1133072068 -2.9925114013 0.0587207475
3.1425163875 -2.9671918288 0.0592042153
3.1714658035 -2.9415304790 0.0596924736
3.2001519990 -2.9155292854 0.0601855276
3.2285715369 -2.8891902196 0.0606833808
3.2567210003 -2.8625152918 0.0611860349
3.2845969930 -2.8355065499 0.0616934893
3.3121961394 -2.8081660799 0.0622057410
3.3395150851 -2.7804960057 0.0627227851
3.3665504968 -2.7524984889 0.0632446143
3.3932990628 -2.7241757289 0.0637712190
3.4197574942 -2.6955299624 0.0643025872
3.4459225250 -2.6665634632 0.0648387040
3.4717909121 -2.6372785424 0.0653795518
3.4973594357 -2.6076775479 0.0659251105
3.5226248998 -2.5777628648 0.0664753571
3.5475841327 -2.5475369147 0.0670302656
3.5722339877 -2.5170021553 0.0675898068
3.5965713431 -2.4861610810 0.0681539485
3.6205931027 -2.4550162221 0.0687226550
3.6442961955 -2.4235701452 0.0692958876
3.6676775774 -2.3918254522 0.0698736039
3.6907342309 -2.3597847807 0.0704557579
3.7134631655 -2.3274508035 0.0710422999
3.7358614180 -2.2948262290 0.0716331765
3.7579260529 -2.2619138002 0.0722283304
3.7796541630 -2.2287162949 0.0728277002
3.8010428699 -2.1952365254 0.0734312205
3.8220893241 -2.1614773381 0.0740388214
3.8427907053 -2.1274416140 0.0746504291
3.8631442226 -2.0931322676 0.0752659651
3.8831471161 -2.0585522471 0.0758853463
3.9027966558 -2.0237045337 0.0765084849
3.9220901427 -1.9885921423 0.0771352885
3.9410249089 -1.9532181207 0.0777656598
3.9595983184 -1.9175855489 0.0783994964
3.9778077672 -1.8816975395 0.0790366909
3.9956506837 -1.8455572372 0.0796771305
4.0131245287 -1.8091678188 0.0803206973
4.0302267963 -1.7725324926 0.0809672682
4.0469550145 -1.7356544981 0.0816167140
4.0633067449 -1.6985371057 0.0822689004
4.0792795831 -1.6611836170 0.0829236872
4.0948711595 -1.6235973641 0.0835809285
4.1100791393 -1.5857817091 0.0842404725
4.1249012236 -1.5477400439 0.0849021612
4.1393351485 -1.5094757902 0.0855658310
4.1533786864 -1.4709923992 0.0862313118
4.1670296459 -1.4322933510 0.0868984275
4.1802858727 -1.3933821542 0.0875669957
4.1931452495 -1.3542623459 0.0882368276
4.2056056962 -1.3149374915 0.0889077279
4.2176651704 -1.2754111842 0.0895794952
4.2293216682 -1.2356870443 0.0902519214
4.2405732240 -1.1957687194 0.0909247917
4.2514179110 -1.1556598838 0.0915978850
4.2618538414 -1.1153642386 0.0922709735
4.2718791668 -1.0748855106 0.0929438228
4.2814920788 -1.0342274526 0.0936161919
4.2906908093 -0.9933938424 0.0942878330
4.2994736300 -0.9523884834 0.0949584918
4.3078388535 -0.9112152038 0.0956279075
4.3157848339 -0.8698778555 0.0962958124
4.3233099663 -0.8283803147 0.0969619326
4.3304126875 -0.7867264811 0.0976259873
4.3370914762 -0.7449202782 0.0982876895
4.3433448533 -0.7029656519 0.0989467458
4.3491713825 -0.6608665704 0.0996028563
4.3545696702 -0.6186270244 0.1002557150
4.3595383658 -0.5762510259 0.1009050096
4.3640761621 -0.5337426091 0.1015504220
4.3681817956 -0.4911058283 0.1021916280
4.3718540468 -0.4483447584 0.1028282977
4.3750917405 -0.4054634947 0.1034600955
4.3778937454 -0.3624661523 0.1040866804
4.3802589753 -0.3193568657 0.1047077061
4.3821863889 -0.2761397880 0.1053228213
4.3836749900 -0.2328190908 0.1059316697
4.3847238280 -0.1893989640 0.1065338902
4.3853319974 -0.1458836155 0.1071291174
4.3854986391 -0.1022772697 0.1077169818
4.3852229398 -0.0585841684 0.1082971099
4.3845041323 -0.0148085696 0.1088691244
4.3833414962 0.0290452526 0.1094326448
4.3817343575 0.0729730089 0.1099872876
4.3796820891 0.1169703945 0.1105326664
4.3771841108 0.1610330901 0.1110683925
4.3742398897 0.2051567622 0.1115940752
4.3708489401 0.2493370636 0.1121093220
4.3670108238 0.2935696336 0.1126137393
4.3627251504 0.3378500987 0.1131069324
4.3579915769 0.3821740731 0.1135885065
4.3528098085 0.4265371587 0.1140580661
4.3471795981 0.4709349461 0.1145152168
4.3411007469 0.5153630150 0.1149595646
4.3345731043 0.5598169345 0.1153907169
4.3275965679 0.6042922630 0.1158082829
4.3201710835 0.6487845496 0.1162118740
4.3122966456 0.6932893345 0.1166011047
4.3039732970 0.7378021489 0.1169755924
4.2952011293 0.7823185156 0.1173349582
4.2859802823 0.8268339493 0.1176788279
4.2763109447 0.8713439582 0.1180068322
4.2661933537 0.9158440432 0.1183186069
4.2556277951 0.9603296988 0.1186137939
4.2446146035 1.0047964133 0.1188920415
4.2331541618 1.0492396699 0.1191530053
4.2212469019 1.0936549470 0.1193963487
4.2088933041 1.1380377183 0.1196217430
4.1960938971 1.1823834535 0.1198288681
4.1828492582 1.2266876183 0.1200174137
4.1691600130 1.2709456761 0.1201870794
4.1550268357 1.3151530876 0.1203375751
4.1404504486 1.3593053112 0.1204686219
4.1254316219 1.4033978034 0.1205799523
4.1099711743 1.4474260198 0.1206713112
4.0940699721 1.4913854156 0.1207424564
4.0777289295 1.5352714459 0.1207931585
4.0609490085 1.5790795654 0.1208232020
4.0437312186 1.6228052298 0.1208323860
4.0260766164 1.6664438964 0.1208205242
4.0079863060 1.7099910242 0.1207874456
3.9894614385 1.7534420742 0.1207329950
3.9705032117 1.7967925098 0.1206570332
3.9511128702 1.8400377978 0.1205594379
3.9312917050 1.8831734090 0.1204401040
3.9110410534 1.9261948179 0.1202989434
3.8903622985 1.9690975034 0.1201358862
3.8692568696 2.0118769494 0.1199508806
3.8477262411 2.0545286459 0.1197438932
3.8257719329 2.0970480884 0.1195149095
3.8033955102 2.1394307789 0.1192639340
3.7805985827 2.1816722259 0.1189909904
3.7573828048 2.2237679459 0.1186961221
3.7337498749 2.2657134630 0.1183793921
3.7097015358 2.3075043096 0.1180408832
3.6852395737 2.3491360264 0.1176806979
3.6603658185 2.3906041634 0.1172989591
3.6350821427 2.4319042807 0.1168958095
3.6093904623 2.4730319484 0.1164714118
3.5832927353 2.5139827466 0.1160259489
3.5567909622 2.5547522665 0.1155596234
3.5298871853 2.5953361109 0.1150726578
3.5025834883 2.6357298947 0.1145652944
3.4748819966 2.6759292449 0.1140377948
3.4467848763 2.7159298006 0.1134904402
3.4182943342 2.7557272146 0.1129235305
3.3894126172 2.7953171536 0.1123373844
3.3601420124 2.8346952981 0.1117323390
3.3304848465 2.8738573428 0.1111087495
3.3004434858 2.9127989969 0.1104669889
3.2700203351 2.9515159858 0.1098074468
3.2392178381 2.9900040502 0.1091305299
3.2080384771 3.0282589473 0.1084366610
3.1764847722 3.0662764499 0.1077262787
3.1445592814 3.1040523482 0.1069998367
3.1122645999 3.1415824500 0.1062578025
3.0796033600 3.1788625812 0.1055006579
3.0465782308 3.2158885854 0.1047288979
3.0131919181 3.2526563245 0.1039430301
2.9794471637 3.2891616793 0.1031435736
2.9453467450 3.3254005509 0.1023310580
2.9108934752 3.3613688596 0.1015060236
2.8760902025 3.3970625463 0.1006690201
2.8409398106 3.4324775714 0.0998206062
2.8054452174 3.4676099169 0.0989613479
2.7696093753 3.5024555864 0.0980918177
2.7334352706 3.5370106052 0.0972125949
2.6969259236 3.5712710206 0.0963242639
2.6600843883 3.6052329018 0.0954274137
2.6229137519 3.6388923412 0.0945226363
2.5854171344 3.6722454550 0.0936105264
2.5475976887 3.7052883827 0.0926916805
2.5094586002 3.7380172877 0.0917666960
2.4710030869 3.7704283574 0.0908361706
2.4322343983 3.8025178044 0.0899007005
2.3931558160 3.8342818665 0.0889608802
2.3537706529 3.8657168069 0.0880173018
2.3140822538 3.8968189142 0.0870705541
2.2740939940 3.9275845036 0.0861212212
2.2338092799 3.9580099170 0.0851698821
2.1932315488 3.9880915230 0.0842171100
2.1523642682 4.0178257173 0.0832634716
2.1112109360 4.0472089237 0.0823095258
2.0697750802 4.0762375936 0.0813558232
2.0280602585 4.1049082071 0.0804029061
1.9860700587 4.1332172726 0.0794513065
1.9438080976 4.1611613281 0.0785015466
1.9012780215 4.1887369406 0.0775541375
1.8584835060 4.2159407069 0.0766095791
1.8154282554 4.2427692543 0.0756683588
1.7721160029 4.2692192400 0.0747309519
1.7285505102 4.2952873525 0.0737978204
1.6847355675 4.3209703114 0.0728694128
1.6406749932 4.3462648674 0.0719461637
1.5963726337 4.3711678036 0.0710284933
1.5518323633 4.3956759351 0.0701168070
1.5070580841 4.4197861093 0.0692114955
1.4620537257 4.4434952069 0.0683129339
1.4168232448 4.4668001415 0.0674214819
1.3713706258 4.4896978604 0.0665374834
1.3256998795 4.5121853448 0.0656612665
1.2798150439 4.5342596103 0.0647931430
1.2337201837 4.5559177066 0.0639334089
1.1874193897 4.5771567189 0.0630823436
1.1409167792 4.5979737673 0.0622402107
1.0942164956 4.6183660074 0.0614072573
1.0473227079 4.6383306311 0.0605837144
1.0002396112 4.6578648662 0.0597697968
0.9529714257 4.6769659771 0.0589657036
0.9055223970 4.6956312652 0.0581716177
0.8578967957 4.7138580692 0.0573877064
0.8100989174 4.7316437651 0.0566141218
0.7621330821 4.7489857669 0.0558510003
0.7140036343 4.7658815269 0.0550984637
0.6657149425 4.7823285357 0.0543566187
0.6172713993 4.7983243229 0.0536255579
0.5686774208 4.8138664571 0.0529053594
0.5199374467 4.8289525465 0.0521960878
0.4710559396 4.8435802389 0.0514977942
0.4220373850 4.8577472223 0.0508105166
0.3728862912 4.8714512250 0.0501342805
0.3236071888 4.8846900161 0.0494690987
0.2742046301 4.8974614057 0.0488149728
0.2246831895 4.9097632451 0.0481718924
0.1750474628 4.9215934271 0.0475398365
0.1253020667 4.9329498866 0.0469187734
0.0754516389 4.9438306007 0.0463086612
0.0255008376 4.9542335888 0.0457094486
-0.0245456591 4.9641569130 0.0451210749
-0.0746831529 4.9735986789 0.0445434710
-0.1249069263 4.9825570348 0.0439765591
-0.1752122427 4.9910301732 0.0434202540
-0.2255943467 4.9990163300 0.0428744629
-0.2760484643 5.0065137857 0.0423390862
-0.3265698039 5.0135208649 0.0418140179
-0.3771535559 5.0200359370 0.0412991460
-0.4277948938 5.0260574165 0.0407943528
-0.4784889740 5.0315837629 0.0402995157
-0.5292309367 5.0366134814 0.0398145073
-0.5800159059 5.0411451227 0.0393391959
-0.6308389900 5.0451772837 0.0388734460
-0.6816952824 5.0487086075 0.0384171185
-0.7325798616 5.0517377835 0.0379700713
-0.7834877919 5.0542635479 0.0375321595
-0.8344141236 5.0562846840 0.0371032359
-0.8853538938 5.0578000222 0.0366831512
-0.9363021263 5.0588084401 0.0362717547
-0.9872538328 5.0593088632 0.0358688938
-1.0382040127 5.0593002646 0.0354744155
-1.0891476538 5.0587816658 0.0350881654
-1.1400797331 5.0577521361 0.0347099892
-1.1909952167 5.0562107938 0.0343397320
-1.2418890607 5.0541568054 0.0339772391
-1.2927562115 5.0515893865 0.0336223561
-1.3435916065 5.0485078017 0.0332749291
-1.3943901743 5.0449113651 0.0329348049
-1.4451468354 5.0407994397 0.0326018314
-1.4958565028 5.0361714387 0.0322758573
-1.5465140821 5.0310268247 0.0319567329
-1.5971144726 5.0253651103 0.0316443098
-1.6476525672 5.0191858583 0.0313384413
-1.6981232535 5.0124886818 0.0310389822
-1.7485214139 5.0052732442 0.0307457896
-1.7988419261 4.9975392596 0.0304587221
-1.8490796642 4.9892864927 0.0301776407
-1.8992294984 4.9805147593 0.0299024085
-1.9492862962 4.9712239259 0.0296328909
-1.9992449227 4.9614139102 0.0293689555
-2.0491002410 4.9510846813 0.0291104724
-2.0988471129 4.9402362595 0.0288573140
-2.1484803994 4.9288687166 0.0286093555
-2.1979949613 4.9169821761 0.0283664743
-2.2473856595 4.9045768131 0.0281285506
-2.2966473560 4.8916528544 0.0278954669
-2.3457749140 4.8782105789 0.0276671085
-2.3947631985 4.8642503174 0.0274433634
-2.4436070772 4.8497724525 0.0272241219
-2.4923014208 4.8347774193 0.0270092771
-2.5408411032 4.8192657049 0.0267987247
-2.5892210028 4.8032378486 0.0265923630
-2.6374360026 4.7866944422 0.0263900926
-2.6854809905 4.7696361297 0.0261918170
-2.7333508605 4.7520636078 0.0259974420
-2.7810405126 4.7339776254 0.0258068759
-2.8285448540 4.7153789840 0.0256200295
-2.8758587990 4.6962685377 0.0254368159
-2.9229772699 4.6766471931 0.0252571509
-2.9698951976 4.6565159096 0.0250809522
-3.0166075220 4.6358756989 0.0249081401
-3.0631091926 4.6147276255 0.0247386371
-3.1093951689 4.5930728067 0.0245723678
-3.1554604213 4.5709124121 0.0244092591
-3.2012999314 4.5482476641 0.0242492399
-3.2469086925 4.5250798379 0.0240922413
-3.2922817103 4.5014102610 0.0239381963
-3.3374140034 4.4772403136 0.0237870399
-3.3823006037 4.4525714285 0.0236387090
-3.4269365572 4.4274050911 0.0234931426
-3.4713169243 4.4017428391 0.0233502811
-3.5154367807 4.3755862627 0.0232100671
-3.5592912173 4.3489370048 0.0230724447
-3.6028753415 4.3217967601 0.0229373596
-3.6461842772 4.2941672761 0.0228047595
-3.6892131655 4.2660503522 0.0226745932
-3.7319571654 4.2374478401 0.0225468115
-3.7744114540 4.2083616435 0.0224213663
-3.8165712275 4.1787937182 0.0222982112
-3.8584317010 4.1487460717 0.0221773012
-3.8999881100 4.1182207636 0.0220585925
-3.9412357102 4.0872199049 0.0219420428
-3.9821697781 4.0557456585 0.0218276109
-4.0227856119 4.0238002386 0.0217152570
-4.0630785318 3.9913859110 0.0216049424
-4.1030438803 3.9585049925 0.0214966297
-4.1426770233 3.9251598512 0.0213902824
-4.1819733501 3.8913529063 0.0212858653
-4.2209282740 3.8570866276 0.0211833441
-4.2595372330 3.8223635360 0.0210826856
-4.2977956904 3.7871862026 0.0209838577
-4.3356991348 3.7515572493 0.0208868289
-4.3732430813 3.7154793480 0.0207915691
-4.4104230715 3.6789552208 0.0206980487
-4.4472346742 3.6419876397 0.0206062391
-4.4836734859 3.6045794267 0.0205161127
-4.5197351313 3.5667334531 0.0204276424
-4.5554152638 3.5284526397 0.0203408022
-4.5907095659 3.4897399566 0.0202555666
-4.6256137500 3.4505984227 0.0201719110
-4.6601235585 3.4110311060 0.0200898115
-4.6942347646 3.3710411229 0.0200092448
-4.7279431726 3.3306316382 0.0199301883
-4.7612446185 3.2898058650 0.0198526202
-4.7941349704 3.2485670642 0.0197765190
-4.8266101292 3.2069185447 0.0197018642
-4.8586660288 3.1648636625 0.0196286356
-4.8902986367 3.1224058211 0.0195568136
-4.9215039544 3.0795484710 0.0194863794
-4.9522780182 3.0362951094 0.0194173144
-4.9826168992 2.9926492800 0.0193496009
-5.0125167040 2.9486145729 0.0192832213
-5.0419735753 2.9041946239 0.0192181587
-5.0709836921 2.8593931147 0.0191543968
-5.0995432703 2.8142137724 0.0190919196
-5.1276485633 2.7686603693 0.0190307115
-5.1552958620 2.7227367224 0.0189707575
-5.1824814957 2.6764466935 0.0189120430
-5.2092018325 2.6297941886 0.0188545537
-5.2354532795 2.5827831576 0.0187982758
-5.2612322834 2.5354175941 0.0187431959
-5.2865353310 2.4877015352 0.0186893010
-5.3113589493 2.4396390608 0.0186365785
-5.3356997066 2.3912342938 0.0185850159
-5.3595542123 2.3424913993 0.0185346015
-5.3829191174 2.2934145845 0.0184853235
-5.4057911153 2.2440080985 0.0184371709
-5.4281669419 2.1942762316 0.0183901326
-5.4500433761 2.1442233152 0.0183441981
-5.4714172402 2.0938537214 0.0182993571
-5.4922854004 2.0431718628 0.0182555997
-5.5126447670 1.9921821917 0.0182129163
-5.5324922950 1.9408892001 0.0181712975
-5.5518249845 1.8892974195 0.0181307342
-5.5706398808 1.8374114200 0.0180912176
-5.5889340753 1.7852358102 0.0180527394
-5.6067047054 1.7327752369 0.0180152912
-5.6239489550 1.6800343848 0.0179788652
-5.6406640552 1.6270179755 0.0179434537
-5.6568472843 1.5737307679 0.0179090492
-5.6724959682 1.5201775574 0.0178756446
-5.6876074811 1.4663631753 0.0178432330
-5.7021792453 1.4122924888 0.0178118078
-5.7162087322 1.3579704003 0.0177813624
-5.7296934623 1.3034018473 0.0177518908
-5.7426310052 1.2485918014 0.0177233871
-5.7550189809 1.1935452686 0.0176958454
-5.7668550592 1.1382672882 0.0176692604
-5.7781369605 1.0827629329 0.0176436267
-5.7888624560 1.0270373079 0.0176189395
-5.7990293681 0.9710955509 0.0175951937
-5.8086355708 0.9149428312 0.0175723850
-5.8176789897 0.8585843496 0.0175505088
-5.8261576026 0.8020253378 0.0175295611
-5.8340694399 0.7452710579 0.0175095379
-5.8414125844 0.6883268022 0.0174904354
-5.8481851722 0.6311978922 0.0174722501
-5.8543853926 0.5738896787 0.0174549787
-5.8600114886 0.5164075409 0.0174386181
-5.8650617571 0.4587568862 0.0174231653
-5.8695345490 0.4009431495 0.0174086176
-5.8734282700 0.3429717929 0.0173949724
-5.8767413802 0.2848483052 0.0173822275
-5.8794723949 0.2265782012 0.0173703807
-5.8816198846 0.1681670212 0.0173594300
-5.8831824752 0.1096203308 0.0173493737
-5.8841588486 0.0509437204 0.0173402103
-5.8845477425 -0.0078571958 0.0173319383
-5.8843479508 -0.0667767800 0.0173245566
-5.8835583242 -0.1258093712 0.0173180642
-5.8821777699 -0.1849492858 0.0173124602
-5.8802052520 -0.2441908183 0.0173077442
-5.8776397917 -0.3035282415 0.0173039155
-5.8744804679 -0.3629558076 0.0173009741
-5.8707264168 -0.4224677480 0.0172989198
-5.8663768324 -0.4820582742 0.0172977528
-5.8614309667 -0.5417215786 0.0172974734
-5.8558881301 -0.6014518347 0.0172980821
-5.8497476910 -0.6612431973 0.0172995796
-5.8430090765 -0.7210898041 0.0173019668
-5.8356717726 -0.7809857753 0.0173052448
-5.8277353240 -0.8409252146 0.0173094148
-5.8191993344 -0.9009022092 0.0173144783
-5.8100634669 -0.9609108315 0.0173204369
-5.8003274439 -1.0209451385 0.0173272924
-5.7899910473 -1.0809991730 0.0173350468
-5.7790541185 -1.1410669636 0.0173437025
-5.7675165591 -1.2011425261 0.0173532617
-5.7553783303 -1.2612198638 0.0173637271
-5.7426394536 -1.3212929674 0.0173751014
-5.7293000103 -1.3813558161 0.0173873877
-5.7153601423 -1.4414023784 0.0174005891
-5.7008200519 -1.5014266126 0.0174147090
-5.6856800019 -1.5614224673 0.0174297510
-5.6699403155 -1.6213838810 0.0174457189
-5.6536013768 -1.6813047845 0.0174626167
-5.6366636305 -1.7411791004 0.0174804486
-5.6191275824 -1.8010007440 0.0174992189
-5.6009937991 -1.8607636236 0.0175189323
-5.5822629080 -1.9204616409 0.0175395937
-5.5629355978 -1.9800886927 0.0175612079
-5.5430126184 -2.0396386706 0.0175837804
-5.5224947805 -2.0991054616 0.0176073165
-5.5013829564 -2.1584829486 0.0176318220
-5.4796780793 -2.2177650119 0.0176573027
-5.4573811440 -2.2769455290 0.0176837648
-5.4344932062 -2.3360183752 0.0177112148
-5.4110153834 -2.3949774244 0.0177396591
-5.3869488540 -2.4538165502 0.0177691046
-5.3622948580 -2.5125296255 0.0177995584
-5.3370546966 -2.5711105238 0.0178310278
-5.3112297325 -2.6295531199 0.0178635204
-5.2848213895 -2.6878512901 0.0178970439
-5.2578311529 -2.7459989129 0.0179316065
-5.2302605691 -2.8039898698 0.0179672164
-5.2021112459 -2.8618180461 0.0180038822
-5.1733848523 -2.9194773308 0.0180416129
-5.1440831185 -2.9769616179 0.0180804173
-5.1142078356 -3.0342648070 0.0181203051
-5.0837608560 -3.0913808034 0.0181612857
-5.0527440932 -3.1483035192 0.0182033692
-5.0211595213 -3.2050268738 0.0182465657
-4.9890091755 -3.2615447943 0.0182908859
-4.9562951519 -3.3178512165 0.0183363405
-4.9230196070 -3.3739400854 0.0183829405
-4.8891847582 -3.4298053556 0.0184306976
-4.8547928832 -3.4854409921 0.0184796233
-4.8198463203 -3.5408409711 0.0185297297
-4.7843474679 -3.5959992803 0.0185810293
-4.7482987848 -3.6509099197 0.0186335347
-4.7117027898 -3.7055669022 0.0186872589
-4.6745620615 -3.7599642542 0.0187422155
-4.6368792385 -3.8140960164 0.0187984180
-4.5986570189 -3.8679562441 0.0188558807
-4.5598981603 -3.9215390080 0.0189146179
-4.5206054799 -3.9748383950 0.0189746446
-4.4807818539 -4.0278485085 0.0190359760
-4.4404302175 -4.0805634693 0.0190986275
-4.3995535649 -4.1329774160 0.0191626154
-4.3581549489 -4.1850845058 0.0192279559
-4.3162374808 -4.2368789150 0.0192946658
-4.2738043302 -4.2883548398 0.0193627626
-4.2308587248 -4.3395064966 0.0194322637
-4.1874039503 -4.3903281230 0.0195031874
-4.1434433501 -4.4408139782 0.0195755521
-4.0989803250 -4.4909583435 0.0196493770
-4.0540183330 -4.5407555233 0.0197246815
-4.0085608893 -4.5901998455 0.0198014857
-3.9626115659 -4.6392856619 0.0198798099
-3.9161739912 -4.6880073492 0.0199596751
-3.8692518501 -4.7363593094 0.0200411029
-3.8218488834 -4.7843359705 0.0201241153
-3.7739688878 -4.8319317870 0.0202087348
-3.7256157156 -4.8791412406 0.0202949846
-3.6767932744 -4.9259588408 0.0203828883
-3.6275055266 -4.9723791255 0.0204724702
-3.5777564894 -5.0183966617 0.0205637551
-3.5275502347 -5.0640060458 0.0206567685
-3.4768908882 -5.1092019046 0.0207515365
-3.4257826295 -5.1539788955 0.0208480858
-3.3742296919 -5.1983317077 0.0209464438
-3.3222363619 -5.2422550619 0.0210466384
-3.2698069787 -5.2857437118 0.0211486985
-3.2169459343 -5.3287924442 0.0212526535
-3.1636576730 -5.3713960795 0.0213585335
-3.1099466907 -5.4135494727 0.0214663693
-3.0558175354 -5.4552475137 0.0215761928
-3.0012748058 -5.4964851279 0.0216880361
-2.9463231519 -5.5372572769 0.0218019327
-2.8909672741 -5.5775589590 0.0219179165
-2.8352119229 -5.6173852097 0.0220360224
-2.7790618988 -5.6567311025 0.0221562862
-2.7225220514 -5.6955917492 0.0222787443
-2.6655972798 -5.7339623007 0.0224034345
-2.6082925313 -5.7718379475 0.0225303951
-2.5506128020 -5.8092139201 0.0226596655
-2.4925631354 -5.8460854898 0.0227912862
-2.4341486229 -5.8824479692 0.0229252985
-2.3753744026 -5.9182967126 0.0230617448
-2.3162456596 -5.9536271168 0.0232006687
-2.2567676250 -5.9884346213 0.0233421147
-2.1969455761 -6.0227147094 0.0234861285
-2.1367848351 -6.0564629081 0.0236327569
-2.0762907696 -6.0896747891 0.0237820480
-2.0154687917 -6.1223459692 0.0239340511
-1.9543243573 -6.1544721106 0.0240888166
-1.8928629663 -6.1860489220 0.0242463963
-1.8310901616 -6.2170721585 0.0244068432
-1.7690115289 -6.2475376226 0.0245702119
-1.7066326964 -6.2774411643 0.0247365582
-1.6439593337 -6.3067786821 0.0249059392
-1.5809971521 -6.3355461229 0.0250784139
-1.5177519036 -6.3637394833 0.0252540424
-1.4542293808 -6.3913548093 0.0254328865
-1.3904354159 -6.4183881974 0.0256150097
-1.3263758808 -6.4448357947 0.0258004770
-1.2620566862 -6.4706937996 0.0259893553
-1.1974837813 -6.4959584623 0.0261817129
-1.1326631532 -6.5206260853 0.0263776202
-1.0676008264 -6.5446930236 0.0265771494
-1.0023028623 -6.5681556856 0.0267803745
-0.9367753588 -6.5910105332 0.0269873714
-0.8710244496 -6.6132540827 0.0271982184
-0.8050563037 -6.6348829046 0.0274129953
-0.7388771251 -6.6558936248 0.0276317846
-0.6724931520 -6.6762829247 0.0278546705
-0.6059106562 -6.6960475414 0.0280817399
-0.5391359431 -6.7151842686 0.0283130818
-0.4721753505 -6.7336899570 0.0285487875
-0.4050352484 -6.7515615144 0.0287889510
-0.3377220383 -6.7687959063 0.0290336689
-0.2702421530 -6.7853901564 0.0292830401
-0.2026020554 -6.8013413472 0.0295371665
-0.1348082386 -6.8166466199 0.0297961526
-0.0668672250 -6.8313031753 0.0300601060
0.0012144343 -6.8453082740 0.0303291371
0.0694301600 -6.8586592367 0.0306033594
0.1377733450 -6.8713534450 0.0308828895
0.2062373553 -6.8833883413 0.0311678473
0.2748155303 -6.8947614295 0.0314583560
0.3435011837 -6.9054702753 0.0317545424
0.4122876036 -6.9155125066 0.0320565367
0.4811680535 -6.9248858139 0.0323644727
0.5501357729 -6.9335879505 0.0326784883
0.6191839775 -6.9416167330 0.0329987251
0.6883058602 -6.9489700419 0.0333253285
0.7574945916 -6.9556458215 0.0336584486
0.8267433204 -6.9616420804 0.0339982393
0.8960451742 -6.9669568920 0.0343448593
0.9653932600 -6.9715883948 0.0346984714
1.0347806651 -6.9755347926 0.0350592436
1.1042004571 -6.9787943548 0.0354273486
1.1736456852 -6.9813654171 0.0358029639
1.2431093802 -6.9832463812 0.0361862724
1.3125845556 -6.9844357156 0.0365774624
1.3820642080 -6.9849319559 0.0369767275
1.4515413176 -6.9847337048 0.0373842671
1.5210088491 -6.9838396324 0.0378002866
1.5904597520 -6.9822484770 0.0382249973
1.6598869614 -6.9799590448 0.0386586169
1.7292833987 -6.9769702103 0.0391013695
1.7986419722 -6.9732809169 0.0395534858
1.8679555772 -6.9688901768 0.0400152037
1.9372170976 -6.9637970714 0.0404867679
2.0064194056 -6.9580007517 0.0409684306
2.0755553628 -6.9515004381 0.0414604518
2.1446178208 -6.9442954213 0.0419630990
2.2135996218 -6.9363850621 0.0424766480
2.2824935988 -6.9277687913 0.0430013831
2.3512925769 -6.9184461109 0.0435375971
2.4199893737 -6.9084165936 0.0440855917
2.4885767995 -6.8976798830 0.0446456781
2.5570476582 -6.8862356940 0.0452181768
2.6253947482 -6.8740838133 0.0458034185
2.6936108631 -6.8612240990 0.0464017436
2.7616887910 -6.8476564812 0.0470135033
2.8296213169 -6.8333809619 0.0476390600
2.8974012223 -6.8183976155 0.0482787869
2.9650212861 -6.8027065889 0.0489330690
3.0324742848 -6.7863081014 0.0496023032
3.0997529935 -6.7692024451 0.0502868991
3.1668501869 -6.7513899851 0.0509872790
3.2337586391 -6.7328711595 0.0517038783
3.3004711242 -6.7136464796 0.0524371462
3.3669804176 -6.6937165301 0.0531875462
3.4332792964 -6.6730819690 0.0539555563
3.4993605394 -6.6517435282 0.0547416696
3.5652169279 -6.6297020132 0.0555463949
3.6308412472 -6.6069583032 0.0563702573
3.6962262858 -6.5835133515 0.0572137981
3.7613648368 -6.5593681857 0.0580775764
3.8262496982 -6.5345239071 0.0589621687
3.8908736737 -6.5089816917 0.0598681703
3.9552295730 -6.4827427895 0.0607961950
4.0193102122 -6.4558085253 0.0617468768
4.0831084150 -6.4281802982 0.0627208696
4.1466170125 -6.3998595819 0.0637188484
4.2098288442 -6.3708479249 0.0647415100
4.2727367584 -6.3411469502 0.0657895733
4.3353336126 -6.3107583559 0.0668637805
4.3976122740 -6.2796839148 0.0679648976
4.4595656206 -6.2479254745 0.0690937153
4.5211865406 -6.2154849577 0.0702510495
4.5824679339 -6.1823643619 0.0714377428
4.6434027122 -6.1485657598 0.0726546646
4.7039837992 -6.1140912991 0.0739027123
4.7642041316 -6.0789432024 0.0751828123
4.8240566592 -6.0431237677 0.0764959208
4.8835343454 -6.0066353678 0.0778430247
4.9426301676 -5.9694804508 0.0792251426
5.0013371180 -5.9316615398 0.0806433261
5.0596482034 -5.8931812332 0.0820986601
5.1175564461 -5.8540422044 0.0835922648
5.1750548842 -5.8142472018 0.0851252960
5.2321365717 -5.7737990492 0.0866989465
5.2887945792 -5.7327006454 0.0883144474
5.3450219943 -5.6909549640 0.0899730690
5.4008119216 -5.6485650541 0.0916761220
5.4561574833 -5.6055340396 0.0934249588
5.5110518196 -5.5618651194 0.0952209749
5.5654880887 -5.5175615675 0.0970656096
5.6194594675 -5.4726267327 0.0989603479
5.6729591514 -5.4270640388 0.1009067217
5.7259803552 -5.3808769845 0.1029063107
5.7785163128 -5.3340691433 0.1049607440
5.8305602776 -5.2866441634 0.1070717019
5.8821055231 -5.2386057678 0.1092409165
5.9331453425 -5.1899577543 0.1114701737
5.9836730492 -5.1407039952 0.1137613145
6.0336819775 -5.0908484374 0.1161162362
6.0831654817 -5.0403951023 0.1185368939
6.1321169369 -4.9893480859 0.1210253026
6.1805297395 -4.9377115584 0.1235835378
6.2283973066 -4.8854897646 0.1262137371
6.2757130763 -4.8326870234 0.1289181023
6.3224705083 -4.7793077279 0.1316989005
6.3686630834 -4.7253563456 0.1345584652
6.4142843036 -4.6708374178 0.1374991982
6.4593276925 -4.6157555600 0.1405235711
6.5037867953 -4.5601154616 0.1436341265
6.5476551784 -4.5039218860 0.1468334793
6.5909264297 -4.4471796703 0.1501243183
6.6335941587 -4.3898937254 0.1535094078
6.6756519966 -4.3320690358 0.1569915878
6.7170935955 -4.2737106599 0.1605737766
6.7579126290 -4.2148237294 0.1642589712
6.7981027924 -4.1554134496 0.1680502485
6.8376578021 -4.0954850991 0.1719507664
6.8765713952 -4.0350440302 0.1759637648
6.9148373302 -3.9740956680 0.1800925665
6.9524493872 -3.9126455113 0.1843405777
6.9894013660 -3.8506991317 0.1887112890
7.0256870878 -3.7882621743 0.1932082755
7.0613003945 -3.7253403569 0.1978351976
7.0962351486 -3.6619394703 0.2025958009
7.1304852324 -3.5980653785 0.2074939164
7.1640445487 -3.5337240182 0.2125334602
7.1969070211 -3.4689213989 0.2177184332
7.2290665925 -3.4036636029 0.2230529209
7.2605172258 -3.3379567852 0.2285410921
7.2912529038 -3.2718071736 0.2341871979
7.3212676294 -3.2052210681 0.2399955706
7.3505554246 -3.1382048415 0.2459706225
7.3791103310 -3.0707649394 0.2521168430
7.4069264100 -3.0029078794 0.2584387964
7.4339977428 -2.9346402515 0.2649411204
7.4603184295 -2.8659687184 0.2716285228
7.4858825900 -2.7969000148 0.2785057766
7.5106843640 -2.7274409477 0.2855777171
7.5347179111 -2.6575983964 0.2928492388
7.5579774103 -2.5873793122 0.3003252897
7.5804570613 -2.5167907186 0.3080108638
7.6021510841 -2.4458397110 0.3159109989
7.6230537194 -2.3745334569 0.3240307688
7.6431592287 -2.3028791955 0.3323752757
7.6624618958 -2.2308842381 0.3409496411
7.6809560263 -2.1585559675 0.3497590016
7.6986359485 -2.0859018382 0.3588084981
7.7154960144 -2.0129293765 0.3681032630
7.7315306003 -1.9396461799 0.3776484130
7.7467341080 -1.8660599174 0.3874490391
7.7611009650 -1.7921783293 0.3975101926
7.7746256271 -1.7180092271 0.4078368684
7.7873025786 -1.6435604930 0.4184339992
7.7991263338 -1.5688400803 0.4293064374
7.8100914390 -1.4938560131 0.4404589367
7.8201924744 -1.4186163855 0.4518961369
7.8294240554 -1.3431293623 0.4636225513
7.8377808347 -1.2674031784 0.4756425456
7.8452575057 -1.1914461382 0.4879603116
7.8518488038 -1.1152666158 0.5005798571
7.8575495090 -1.0388730545 0.5135049827
7.8623544494 -0.9622739667 0.5267392554
7.8662585050 -0.8854779331 0.5402859819
7.8692566095 -0.8084936026 0.5541481964
7.8713437539 -0.7313296920 0.5683286300
7.8725149921 -0.6539949855 0.5828296771
7.8727654446 -0.5764983335 0.5976533715
7.8720903009 -0.4988486531 0.6128013683
7.8704848250 -0.4210549271 0.6282749096
7.8679443626 -0.3431262030 0.6440747829
7.8644643448 -0.2650715927 0.6602012985
7.8600402918 -0.1869002715 0.6766542713
7.8546678207 -0.1086214777 0.6934329722
7.8483426528 -0.0302445113 0.7105360945
7.8410606181 0.0482212670 0.7279617309
7.8328176618 0.1267664361 0.7457073391
7.8236098532 0.2053815164 0.7637697005
7.8134333933 0.2840569706 0.7821448876
7.8022846200 0.3627832050 0.8008282397
7.7901600179 0.4415505705 0.8198143215
7.7770562287 0.5203493645 0.8390968836
7.7629700565 0.5991698324 0.8586688429
7.7478984774 0.6780021683 0.8785222448
7.7318386521 0.7568365177 0.8986482245
7.7147879330 0.8356629791 0.9190369838
7.6967438728 0.9144716054 0.9396777651
7.6777042369 0.9932524058 0.9605588158
7.6576670158 1.0719953490 0.9816673611
7.6366304307 1.1506903644 1.0029895902
7.6145929472 1.2293273441 1.0245106260
7.5915532884 1.3078961465 1.0462145041
7.5675104430 1.3863865983 1.0680841626
7.5424636765 1.4647884965 1.0901014244
7.5164125456 1.5430916119 1.1122469855
7.4893569084 1.6212856927 1.1345004107
7.4612969338 1.6993604657 1.1568401289
7.4322331161 1.7773056406 1.1792434324
7.4021662860 1.8551109137 1.2016864861
7.3710976198 1.9327659705 1.2241443333
7.3390286522 2.0102604886 1.2465909093
7.3059612891 2.0875841434 1.2689990687
7.2718978143 2.1647266099 1.2913406010
7.2368409025 2.2416775670 1.3135862622
7.2007936305 2.3184267023 1.3357058215
7.1637594837 2.3949637155 1.3576680897
7.1257423669 2.4712783220 1.3794409682
7.0867466143 2.5473602586 1.4009915190
7.0467769947 2.6231992873 1.4222860050
7.0058387205 2.6987851981 1.4432899589
6.9639374545 2.7741078167 1.4639682756
6.9210793146 2.8491570067 1.4842852656
6.8772708791 2.9239226744 1.5042047434
6.8325191916 2.9983947748 1.5236901423
6.7868317625 3.0725633159 1.5427045798
6.7402165722 3.1464183619 1.5612109643
6.6926820713 3.2199500405 1.5791721296
6.6442371805 3.2931485468 1.5965509129
6.5948912899 3.3660041465 1.6133102748
6.5446542548 3.4385071833 1.6294134509
6.4935363928 3.5106480829 1.6448240412
6.4415484795 3.5824173558 1.6595061372
6.3887017392 3.6538056048 1.6734244855
6.3350078394 3.7248035288 1.6865445883
6.2804788816 3.7954019260 1.6988328293
6.2251273884 3.8655916997 1.7102566417
6.1689662927 3.9353638634 1.7207846197
6.1120089267 4.0047095427 1.7303866346
6.0542690030 4.0736199812 1.7390339963
5.9957605995 4.1420865449 1.7466995763
5.9364981455 4.2101007245 1.7533579043
5.8764964001 4.2776541392 1.7589853152
5.8157704292 4.3447385420 1.7635600752
5.7543355919 4.4113458212 1.7670624569
5.6922075147 4.4774680030 1.7694748627
5.6294020630 4.5430972566 1.7707819411
5.5659353264 4.6082258953 1.7709706407
5.5018235902 4.6728463781 1.7700303061
5.4370833032 4.7369513135 1.7679527645
5.3717310600 4.8005334610 1.7647323660
5.3057835727 4.8635857314 1.7603660422
5.2392576367 4.9261011892 1.7548533547
5.1721701075 4.9880730543 1.7481965192
5.1045378762 5.0494947013 1.7404004239
5.0363778344 5.1103596602 1.7314726395
4.9677068457 5.1706616179 1.7214234119
4.8985417248 5.2303944170 1.7102656494
4.8288992058 5.2895520555 1.6980148975
4.7587959068 5.3481286860 1.6846892804
4.6882483148 5.4061186161 1.6703094720
4.6172727559 5.4635163056 1.6548986337
4.5458853619 5.5203163653 1.6384823126
4.4741020508 5.5765135564 1.6210883726
4.4019385063 5.6321027877 1.6027469153
4.3294101517 5.6870791134 1.5834901757
4.2565321188 5.7414377300 1.5633523455
4.1833192408 5.7951739753 1.5423695273
4.1097860280 5.8482833248 1.5205795905
4.0359466465 5.9007613880 1.4980220080
3.9618149015 5.9526039051 1.4747377020
3.8874042274 6.0038067452 1.4507689506
3.8127276701 6.0543659014 1.4261592106
3.7377978729 6.1042774865 1.4009529149
3.6626270705 6.1535377311 1.3751953807
3.5872270779 6.2021429783 1.3489326328
3.5116092825 6.2500896797 1.3222112081
3.4357846394 6.2973743918 1.2950780231
3.3597636673 6.3439937721 1.2675802267
3.2835564461 6.3899445738 1.2397650053
3.2071726160 6.4352236427 1.2116794479
3.1306213784 6.4798279129 1.1833704071
3.0539114989 6.5237544014 1.1548843176
2.9770513102 6.5670002056 1.1262670778
2.9000487178 6.6095624982 1.0975639143
2.8229112078 6.6514385228 1.0688192239
2.7456458530 6.6926255909 1.0400764761
2.6682593234 6.7331210774 1.0113780894
2.5907578980 6.7729224160 0.9827652999
2.5131474729 6.8120270972 0.9542780847
2.4354335766 6.8504326631 0.9259550637
2.3576213854 6.8881367041 0.8978333890
2.2797157316 6.9251368567 0.8699486960
2.2017211245 6.9614307989 0.8423350250
2.1236417652 6.9970162475 0.8150247523
2.0454815601 7.0318909559 0.7880485494
1.9672441414 7.0660527099 0.7614353377
1.8889328824 7.0994993267 0.7352122494
1.8105509157 7.1322286510 0.7094046101
1.7321011519 7.1642385540 0.6840359133
1.6535862960 7.1955269303 0.6591278160
1.5750088675 7.2260916967 0.6347001365
1.4963712167 7.2559307899 0.6107708575
1.4176755448 7.2850421656 0.5873561435
1.3389239198 7.3134237965 0.5644703559
1.2601182957 7.3410736714 0.5421260833
1.1812605292 7.3679897941 0.5203341708
1.1023523970 7.3941701828 0.4991037591
1.0233956126 7.4196128688 0.4784423275
0.9443918423 7.4443158968 0.4583557403
0.8653427212 7.4682773237 0.4388483008
0.7862498683 7.4914952190 0.4199228047
0.7071149011 7.5139676646 0.4015806004
0.6279394498 7.5356927545 0.3838216520
0.5487251707 7.5566685957 0.3666446014
0.4694737586 7.5768933078 0.3500468369
0.3901869593 7.5963650241 0.3340245614
0.3108665810 7.6150818919 0.3185728606
0.2315145044 7.6330420732 0.3036857746
0.1521326934 7.6502437455 0.2893563684
0.0727232036 7.6666851029 0.2755768033
-0.0067118084 7.6823643568 0.2623384070
-0.0861700779 7.6972797373 0.2496317445
-0.1656492247 7.7114294942 0.2374466876
-0.2451467466 7.7248118980 0.2257724831
-0.3246600140 7.7374252416 0.2145978200
-0.4041862645 7.7492678415 0.2039108950
-0.4837225991 7.7603380391 0.1936994759
-0.5632659777 7.7706342022 0.1839509637
-0.6428132169 7.7801547264 0.1746524520
-0.7223609868 7.7888980368 0.1657907843
-0.8019058092 7.7968625895 0.1573526088
-0.8814440565 7.8040468727 0.1493244304
-0.9609719508 7.8104494091 0.1416926609
-1.0404855632 7.8160687568 0.1344436656
-1.1199808143 7.8209035110 0.1275638075
-1.1994534748 7.8249523059 0.1210394892
-1.2788991660 7.8282138158 0.1148571912
-1.3583133617 7.8306867571 0.1090035080
-1.4376913898 7.8323698896 0.1034651810
-1.5170284340 7.8332620181 0.0982291295
-1.5963195369 7.8333619940 0.0932824775
-1.6755596018 7.8326687166 0.0886125798
-1.7547433963 7.8311811348 0.0842070436
-1.8338655551 7.8288982485 0.0800537491
-1.9129205834 7.8258191096 0.0761408668
-1.9919028604 7.8219428243 0.0724568726
-2.0708066429 7.8172685534 0.0689905614
-2.1496260694 7.8117955143 0.0657310569
-2.2283551636 7.8055229821 0.0626678215
-2.3069878385 7.7984502909 0.0597906625
-2.3855179008 7.7905768347 0.0570897373
-2.4639390547 7.7819020690 0.0545555568
-2.5422449060 7.7724255117 0.0521789871
-2.6204289667 7.7621467441 0.0499512500
-2.6984846587 7.7510654122 0.0478639215
-2.7764053183 7.7391812275 0.0459089295
-2.8541842002 7.7264939679 0.0440785507
-2.9318144819 7.7130034792 0.0423654056
-3.0092892675 7.6987096750 0.0407624531
-3.0866015916 7.6836125385 0.0392629840
-3.1637444239 7.6677121228 0.0378606145
-3.2407106726 7.6510085517 0.0365492776
-3.3174931882 7.6335020206 0.0353232155
-3.3940847677 7.6151927973 0.0341769704
-3.4704781578 7.5960812222 0.0331053755
-3.5466660590 7.5761677094 0.0321035454
-3.6226411286 7.5554527470 0.0311668666
-3.6983959843 7.5339368979 0.0302909872
-3.7739232077 7.5116208002 0.0294718070
-3.8492153474 7.4885051675 0.0287054675
-3.9242649220 7.4645907899 0.0279883417
-3.9990644231 7.4398785339 0.0273170239
-4.0736063187 7.4143693430 0.0266883197
-4.1478830554 7.3880642382 0.0260992363
-4.2218870615 7.3609643181 0.0255469724
-4.2956107497 7.3330707595 0.0250289092
-4.3690465194 7.3043848176 0.0245426002
-4.4421867594 7.2749078261 0.0240857630
-4.5150238502 7.2446411978 0.0236562697
-4.5875501662 7.2135864244 0.0232521388
-4.6597580779 7.1817450771 0.0228715264
-4.7316399545 7.1491188066 0.0225127187
-4.8031881651 7.1157093433 0.0221741239
-4.8743950816 7.0815184974 0.0218542649
-4.9452530799 7.0465481591 0.0215517720
-5.0157545422 7.0108002986 0.0212653767
-5.0858918583 6.9742769663 0.0209939045
-5.1556574279 6.9369802929 0.0207362690
-5.2250436618 6.8989124892 0.0204914663
-5.2940429839 6.8600758467 0.0202585689
-5.3626478321 6.8204727369 0.0200367208
-5.4308506605 6.7801056118 0.0198251326
-5.4986439404 6.7389770036 0.0196230762
-5.5660201620 6.6970895252 0.0194298813
-5.6329718354 6.6544458695 0.0192449302
-5.6994914922 6.6110488098 0.0190676546
-5.7655716867 6.5669011994 0.0188975318
-5.8312049970 6.5220059721 0.0187340809
-5.8963840265 6.4763661413 0.0185768601
-5.9611014048 6.4299848006 0.0184254632
-6.0253497888 6.3828651235 0.0182795171
-6.0891218643 6.3350103630 0.0181386791
-6.1524103465 6.2864238518 0.0180026346
-6.2152079813 6.2371090020 0.0178710946
-6.2775075464 6.1870693052 0.0177437937
-6.3393018523 6.1363083317 0.0176204884
-6.4005837432 6.0848297311 0.0175009548
-6.4613460982 6.0326372316 0.0173849874
-6.5215818319 5.9797346400 0.0172723975
-6.5812838956 5.9261258416 0.0171630116
-6.6404452783 5.8718147996 0.0170566702
-6.6990590073 5.8168055553 0.0169532266
-6.7571181495 5.7611022276 0.0168525459
-6.8146158119 5.7047090129 0.0167545038
-6.8715451429 5.6476301848 0.0166589857
-6.9278993325 5.5898700937 0.0165658862
-6.9836716141 5.5314331670 0.0164751077
-7.0388552643 5.4723239080 0.0163865602
-7.0934436048 5.4125468965 0.0163001606
-7.1474300021 5.3521067879 0.0162158318
-7.2008078692 5.2910083131 0.0161335024
-7.2535706663 5.2292562783 0.0160531062
-7.3057119009 5.1668555644 0.0159745817
-7.3572251295 5.1038111268 0.0158978717
-7.4081039578 5.0401279951 0.0158229228
-7.4583420416 4.9758112730 0.0157496854
-7.5079330878 4.9108661373 0.0156781129
-7.5568708548 4.8452978380 0.0156081620
-7.6051491535 4.7791116979 0.0155397920
-7.6527618482 4.7123131121 0.0154729647
-7.6997028568 4.6449075476 0.0154076442
-7.7459661521 4.5769005432 0.0153437967
-7.7915457623 4.5082977085 0.0152813904
-7.8364357717 4.4391047240 0.0152203954
-7.8806303213 4.3693273406 0.0151607832
-7.9241236101 4.2989713788 0.0151025269
-7.9669098949 4.2280427288 0.0150456010
-8.0089834919 4.1565473496 0.0149899815
-8.0503387768 4.0844912689 0.0149356454
-8.0909701857 4.0118805824 0.0148825708
-8.1308722158 3.9387214532 0.0148307368
-8.1700394262 3.8650201118 0.0147801238
-8.2084664382 3.7907828552 0.0147307127
-8.2461479363 3.7160160465 0.0146824854
-8.2830786689 3.6407261144 0.0146354248
-8.3192534488 3.5649195530 0.0145895141
-8.3546671538 3.4886029205 0.0145447377
-8.3893147275 3.4117828397 0.0145010802
-8.4231911800 3.3344659966 0.0144585273
-8.4562915883 3.2566591402 0.0144170648
-8.4886110970 3.1783690822 0.0143766794
-8.5201449193 3.0996026960 0.0143373583
-8.5508883370 3.0203669164 0.0142990891
-8.5808367015 2.9406687389 0.0142618600
-8.6099854346 2.8605152192 0.0142256595
-8.6383300284 2.7799134727 0.0141904768
-8.6658660467 2.6988706738 0.0141563013
-8.6925891251 2.6173940551 0.0141231230
-8.7184949718 2.5354909072 0.0140909320
-8.7435793679 2.4531685780 0.0140597193
-8.7678381684 2.3704344717 0.0140294757
-8.7912673023 2.2872960485 0.0140001928
-8.8138627737 2.2037608242 0.0139718623
-8.8356206618 2.1198363688 0.0139444764
-8.8565371217 2.0355303068 0.0139180275
-8.8766083851 1.9508503157 0.0138925084
-8.8958307606 1.8658041258 0.0138679121
-8.9142006342 1.7803995197 0.0138442322
-8.9317144701 1.6946443310 0.0138214623
-8.9483688108 1.6085464441 0.0137995965
-8.9641602780 1.5221137936 0.0137786289
-8.9790855729 1.4353543631 0.0137585543
-8.9931414768 1.3482761851 0.0137393673
-9.0063248513 1.2608873397 0.0137210633
-9.0186326393 1.1731959543 0.0137036376
-9.0300618649 1.0852102030 0.0136870858
-9.0406096341 0.9969383053 0.0136714039
-9.0502731357 0.9083885258 0.0136565880
-9.0590496407 0.8195691736 0.0136426347
-9.0669365040 0.7304886011 0.0136295405
-9.0739311637 0.6411552034 0.0136173025
-9.0800311423 0.5515774180 0.0136059178
-9.0852340468 0.4617637232 0.0135953839
-9.0895375693 0.3717226383 0.0135856984
-9.0929394870 0.2814627218 0.0135768593
-9.0954376629 0.1909925717 0.0135688647
-9.0970300465 0.1003208238 0.0135617130
-9.0977146734 0.0094561513 0.0135554028
-9.0974896663 -0.0815927357 0.0135499330
-9.0963532352 -0.1728170918 0.0135453027
-9.0943036777 -0.2642081362 0.0135415111
-9.0913393793 -0.3557570540 0.0135385580
-9.0874588138 -0.4474549971 0.0135364430
-9.0826605438 -0.5392930847 0.0135351662
-9.0769432208 -0.6312624043 0.0135347278
-9.0703055855 -0.7233540126 0.0135351283
-9.0627464682 -0.8155589360 0.0135363684
-9.0542647892 -0.9078681720 0.0135384491
-9.0448595589 -1.0002726895 0.0135413716
-9.0345298783 -1.0927634300 0.0135451372
-9.0232749388 -1.1853313080 0.0135497476
-9.0110940231 -1.2779672126 0.0135552047
-8.9979865052 -1.3706620080 0.0135615105
-8.9839518503 -1.4634065336 0.0135686675
-8.9689896155 -1.5561916061 0.0135766782
-8.9530994500 -1.6490080200 0.0135855455
-8.9362810952 -1.7418465482 0.0135952723
-8.9185343846 -1.8346979423 0.0136058621
-8.8998592444 -1.9275529350 0.0136173183
-8.8802556940 -2.0204022403 0.0136296448
-8.8597238454 -2.1132365537 0.0136428456
-8.8382639039 -2.2060465536 0.0136569250
-8.8158761679 -2.2988229027 0.0136718875
-8.7925610298 -2.3915562485 0.0136877381
-8.7683189753 -2.4842372238 0.0137044817
-8.7431505838 -2.5768564479 0.0137221237
-8.7170565289 -2.6694045281 0.0137406696
-8.6900375782 -2.7618720600 0.0137601254
-8.6620945932 -2.8542496279 0.0137804973
-8.6332285299 -2.9465278071 0.0138017915
-8.6034404387 -3.0386971637 0.0138240149
-8.5727314643 -3.1307482560 0.0138471744
-8.5411028459 -3.2226716354 0.0138712774
-8.5085559175 -3.3144578470 0.0138963313
-8.4750921076 -3.4060974311 0.0139223440
-8.4407129393 -3.4975809236 0.0139493239
-8.4054200307 -3.5888988574 0.0139772792
-8.3692150944 -3.6800417629 0.0140062190
-8.3320999381 -3.7710001693 0.0140361522
-8.2940764640 -3.8617646053 0.0140670884
-8.2551466693 -3.9523256002 0.0140990373
-8.2153126459 -4.0426736850 0.0141320091
-8.1745765805 -4.1327993928 0.0141660144
-8.1329407546 -4.2226932604 0.0142010638
-8.0904075444 -4.3123458288 0.0142371687
-8.0469794208 -4.4017476444 0.0142743406
-8.0026589492 -4.4908892598 0.0143125914
-7.9574487898 -4.5797612350 0.0143519336
-7.9113516971 -4.6683541381 0.0143923798
-7.8643705201 -4.7566585462 0.0144339432
-7.8165082019 -4.8446650469 0.0144766373
-7.7677677800 -4.9323642385 0.0145204762
-7.7181523861 -5.0197467317 0.0145654741
-7.6676652457 -5.1068031500 0.0146116461
-7.6163096782 -5.1935241308 0.0146590074
-7.5640890966 -5.2799003268 0.0147075738
-7.5110070076 -5.3659224063 0.0147573616
-7.4570670112 -5.4515810546 0.0148083874
-7.4022728008 -5.5368669749 0.0148606685
-7.3466281627 -5.6217708891 0.0149142227
-7.2901369760 -5.7062835390 0.0149690683
-7.2328032127 -5.7903956872 0.0150252241
-7.1746309369 -5.8740981178 0.0150827095
-7.1156243054 -5.9573816379 0.0151415445
-7.0557875666 -6.0402370780 0.0152017496
-6.9951250609 -6.1226552935 0.0152633459
-6.9336412201 -6.2046271651 0.0153263552
-6.8713405676 -6.2861436002 0.0153908000
-6.8082277173 -6.3671955338 0.0154567033
-6.7443073744 -6.4477739293 0.0155240887
-6.6795843340 -6.5278697797 0.0155929809
-6.6140634819 -6.6074741081 0.0156634048
-6.5477497934 -6.6865779693 0.0157353864
-6.4806483335 -6.7651724503 0.0158089523
-6.4127642563 -6.8432486715 0.0158841299
-6.3441028051 -6.9207977875 0.0159609474
-6.2746693115 -6.9978109880 0.0160394339
-6.2044691953 -7.0742794991 0.0161196192
-6.1335079644 -7.1501945839 0.0162015341
-6.0617912140 -7.2255475436 0.0162852103
-5.9893246263 -7.3003297184 0.0163706803
-5.9161139706 -7.3745324885 0.0164579777
-5.8421651023 -7.4481472750 0.0165471371
-5.7674839626 -7.5211655410 0.0166381940
-5.6920765785 -7.5935787923 0.0167311850
-5.6159490619 -7.6653785783 0.0168261479
-5.5391076095 -7.7365564934 0.0169231215
-5.4615585021 -7.8071041775 0.0170221458
-5.3833081043 -7.8770133168 0.0171232619
-5.3043628642 -7.9462756455 0.0172265124
-5.2247293124 -8.0148829456 0.0173319408
-5.1444140621 -8.0828270490 0.0174395923
-5.0634238085 -8.1500998375 0.0175495133
-4.9817653280 -8.2166932442 0.0176617515
-4.8994454779 -8.2825992542 0.0177763563
-4.8164711960 -8.3478099057 0.0178933783
-4.7328494998 -8.4123172909 0.0180128700
-4.6485874864 -8.4761135564 0.0181348854
-4.5636923314 -8.5391909051 0.0182594799
-4.4781712888 -8.6015415959 0.0183867111
-4.3920316905 -8.6631579458 0.0185166380
-4.3052809451 -8.7240323297 0.0186493218
-4.2179265382 -8.7841571821 0.0187848253
-4.1299760310 -8.8435249975 0.0189232134
-4.0414370606 -8.9021283315 0.0190645533
-3.9523173384 -8.9599598016 0.0192089139
-3.8626246504 -9.0170120881 0.0193563668
-3.7723668560 -9.0732779350 0.0195069855
-3.6815518877 -9.1287501506 0.0196608461
-3.5901877502 -9.1834216089 0.0198180271
-3.4982825201 -9.2372852499 0.0199786097
-3.4058443451 -9.2903340806 0.0201426776
-3.3128814431 -9.3425611762 0.0203103173
-3.2194021021 -9.3939596803 0.0204816182
-3.1254146790 -9.4445228064 0.0206566728
-3.0309275992 -9.4942438382 0.0208355765
-2.9359493560 -9.5431161307 0.0210184281
-2.8404885097 -9.5911331110 0.0212053295
-2.7445536870 -9.6382882789 0.0213963864
-2.6481535802 -9.6845752080 0.0215917078
-2.5512969469 -9.7299875465 0.0217914068
-2.4539926086 -9.7745190176 0.0219956001
-2.3562494508 -9.8181634206 0.0222044086
-2.2580764215 -9.8609146319 0.0224179574
-2.1594825310 -9.9027666052 0.0226363761
-2.0604768510 -9.9437133728 0.0228597989
-1.9610685137 -9.9837490461 0.0230883645
-1.8612667113 -10.0228678164 0.0233222168
-1.7610806952 -10.0610639558 0.0235615050
-1.6605197752 -10.0983318176 0.0238063834
-1.5595933185 -10.1346658375 0.0240570122
-1.4583107495 -10.1700605341 0.0243135572
-1.3566815484 -10.2045105094 0.0245761906
-1.2547152508 -10.2380104501 0.0248450908
-1.1524214469 -10.2705551277 0.0251204428
-1.0498097806 -10.3021393997 0.0254024388
-0.9468899487 -10.3327582100 0.0256912779
-0.8436717002 -10.3624065898 0.0259871671
-0.7401648355 -10.3910796581 0.0262903210
-0.6363792055 -10.4187726226 0.0266009628
-0.5323247108 -10.4454807800 0.0269193240
-0.4280113010 -10.4711995172 0.0272456452
-0.3234489738 -10.4959243117 0.0275801765
-0.2186477744 -10.5196507321 0.0279231778
-0.1136177943 -10.5423744390 0.0282749192
-0.0083691706 -10.5640911856 0.0286356818
0.0970879144 -10.5847968182 0.0290057577
0.2027432346 -10.6044872770 0.0293854510
0.3085865206 -10.6231585967 0.0297750779
0.4146074607 -10.6408069068 0.0301749678
0.5207957015 -10.6574284329 0.0305854635
0.6271408487 -10.6730194965 0.0310069220
0.7336324683 -10.6875765163 0.0314397150
0.8402600872 -10.7010960082 0.0318842302
0.9470131938 -10.7135745863 0.0323408711
1.0538812390 -10.7250089634 0.0328100587
1.1608536373 -10.7353959513 0.0332922319
1.2679197670 -10.7447324617 0.0337878482
1.3750689716 -10.7530155066 0.0342973853
1.4822905602 -10.7602421988 0.0348213414
1.5895738085 -10.7664097525 0.0353602364
1.6969079595 -10.7715154840 0.0359146135
1.8042822244 -10.7755568120 0.0364850395
1.9116857832 -10.7785312579 0.0370721069
2.0191077857 -10.7804364470 0.0376764346
2.1265373520 -10.7812701084 0.0382986694
2.2339635735 -10.7810300757 0.0389394877
2.3413755135 -10.7797142877 0.0395995969
2.4487622082 -10.7773207883 0.0402797365
2.5561126667 -10.7738477277 0.0409806807
2.6634158727 -10.7692933625 0.0417032399
2.7706607845 -10.7636560561 0.0424482621
2.8778363359 -10.7569342792 0.0432166356
2.9849314367 -10.7491266107 0.0440092911
3.0919349741 -10.7402317374 0.0448272035
3.1988358118 -10.7302484549 0.0456713946
3.3056227923 -10.7191756681 0.0465429360
3.4122847366 -10.7070123915 0.0474429513
3.5188104444 -10.6937577495 0.0483726191
3.6251886957 -10.6794109770 0.0493331766
3.7314082506 -10.6639714200 0.0503259218
3.8374578494 -10.6474385353 0.0513522182
3.9433262144 -10.6298118920 0.0524134975
4.0490020488 -10.6110911710 0.0535112637
4.1544740380 -10.5912761657 0.0546470978
4.2597308498 -10.5703667826 0.0558226615
4.3647611343 -10.5483630413 0.0570397019
4.4695535248 -10.5252650755 0.0583000572
4.5740966373 -10.5010731328 0.0596056611
4.6783790712 -10.4757875752 0.0609585488
4.7823894093 -10.4494088799 0.0623608633
4.8861162175 -10.4219376392 0.0638148608
4.9895480451 -10.3933745614 0.0653229188
5.0926734251 -10.3637204707 0.0668875420
5.1954808728 -10.3329763079 0.0685113706
5.2979588871 -10.3011431306 0.0701971888
5.4000959492 -10.2682221139 0.0719479326
5.5018805222 -10.2342145507 0.0737666996
5.6033010514 -10.1991218517 0.0756567596
5.7043459629 -10.1629455467 0.0776215629
5.8050036632 -10.1256872841 0.0796647544
5.9052625387 -10.0873488319 0.0817901836
6.0051109543 -10.0479320779 0.0840019169
6.1045372523 -10.0074390306 0.0863042544
6.2035297521 -9.9658718189 0.0887017407
6.3020767478 -9.9232326932 0.0911991809
6.4001665070 -9.8795240258 0.0938016612
6.4977872701 -9.8347483112 0.0965145619
6.5949272471 -9.7889081666 0.0993435759
6.6915746159 -9.7420063331 0.1022947339
6.7877175210 -9.6940456753 0.1053744237
6.8833440706 -9.6450291827 0.1085894087
6.9784423330 -9.5949599697 0.1119468545
7.0730003343 -9.5438412771 0.1154543662
7.1670060567 -9.4916764717 0.1191199999
7.2604474331 -9.4384690479 0.1229522963
7.3533123433 -9.3842226281 0.1269603198
7.4455886104 -9.3289409635 0.1311536982
7.5372639983 -9.2726279351 0.1355426368
7.6283262041 -9.2152875543 0.1401379730
7.7187628531 -9.1569239642 0.1449512233
7.8085614951 -9.0975414405 0.1499946179
7.8977095975 -9.0371443922 0.1552811453
7.9861945373 -8.9757373633 0.1608246173
8.0740035959 -8.9133250337 0.1666397167
8.1611239512 -8.8499122202 0.1727420478
8.2475426683 -8.7855038786 0.1791482133
8.3332466914 -8.7201051044 0.1858758728
8.4182228349 -8.6537211346 0.1929438123
8.5024577710 -8.5863573497 0.2003720323
8.5859380217 -8.5180192747 0.2081818144
8.6686499443 -8.4487125817 0.2163958204
8.7505797199 -8.3784430914 0.2250381819
8.8317133398 -8.3072167756 0.2341345974
8.9120365898 -8.2350397591 0.2437124472
8.9915350361 -8.1619183225 0.2538008966
9.0701940063 -8.0878589046 0.2644310302
9.1479985732 -8.0128681051 0.2756359699
9.2249335335 -7.9369526878 0.2874510263
9.3009833886 -7.8601195837 0.2999138355
9.3761323205 -7.7823758943 0.3130645288
9.4503641695 -7.7037288955 0.3269458917
9.5236624071 -7.6241860413 0.3416035529
9.5960101091 -7.5437549678 0.3570861699
9.6673899259 -7.4624434983 0.3734456383
9.7377840513 -7.3802596473 0.3907373077
9.8071741885 -7.2972116263 0.4090202127
9.8755415135 -7.2133078488 0.4283573237
9.9428666377 -7.1285569366 0.4488158030
10.0091295657 -7.0429677255 0.4704672889
10.0743096514 -6.9565492727 0.4933881875
10.1383855518 -6.8693108635 0.5176599849
10.2013351756 -6.7812620190 0.5433695822
10.2631356307 -6.6924125047 0.5706096419
10.3237631672 -6.6027723389 0.5994789581
10.3831931159 -6.5123518023 0.6300828494
10.4413998248 -6.4211614480 0.6625335666
10.4983565896 -6.3292121120 0.6969507240
10.5540355811 -6.2365149252 0.7334617554
10.6084077672 -6.1430813250 0.7722023857
10.6614428316 -6.0489230689 0.8133171254
10.7131090856 -5.9540522481 0.8569597886
10.7633733763 -5.8584813025 0.9032940288
10.8122009890 -5.7622230363 0.9524938922
10.8595555444 -5.6652906354 1.0047443901
10.9053988894 -5.5676976848 1.0602420889
10.9496909829 -5.4694581879 1.1191957100
10.9923897753 -5.3705865872 1.1818267400
11.0334510830 -5.2710977853 1.2483700475
11.0728284552 -5.1710071683 1.3190745031
11.1104730361 -5.0703306300 1.3942035927
11.1463334214 -4.9690845975 1.4740360187
11.1803555082 -4.8672860589 1.5588662836
11.2124823400 -4.7649525921 1.6490052452
11.2426539466 -4.6621023950 1.7447806311
11.2708071793 -4.5587543184 1.8465375001
11.2968755427 -4.4549278990 1.9546386350
11.3207890225 -4.3506433962 2.0694648534
11.3424739115 -4.2459218290 2.1914152134
11.3618526344 -4.1407850152 2.3209070944
11.3788435728 -4.0352556134 2.4583761256
11.3933608931 -3.9293571651 2.6042759368
11.4053143772 -3.8231141401 2.7590777025
11.4146092598 -3.7165519828 2.9232694425
11.4211460746 -3.6096971607 3.0973550411
11.4248205121 -3.5025772139 3.2818529445
11.4255232939 -3.3952208066 3.4772944928
11.4231400643 -3.2876577796 3.6842218392
11.4175513072 -3.1799192039 3.9031854079
11.4086322903 -3.0720374351 4.1347408292
11.3962530437 -2.9640461683 4.3794452995
11.3802783799 -2.8559804934 4.6378533145
11.3605679581 -2.7478769494 4.9105117163
11.3369764034 -2.6397735787 5.1979539994
11.3093534873 -2.5317099795 5.5006937974
11.2775443792 -2.4237273564 5.8192175390
11.2413899750 -2.3158685678 6.1539762133
11.2007273106 -2.2081781704 6.5053762315
11.1553900778 -2.1007024589 6.8737692767
11.1052092447 -1.9934894991 7.2594412668
11.0500137844 -1.8865891556 7.6626004404
10.9896315377 -1.7800531121 8.0833644063
10.9238902117 -1.6739348797 8.5217464649
10.8526184921 -1.5682897976 8.9776414145
10.7756473504 -1.4631750211 9.4508102759
10.6928114451 -1.3586494933 9.9408654136
10.6039507309 -1.2547739068 10.4472546835
10.5089121741 -1.1516106429 10.9692465654
10.4075516536 -1.0492236978 11.5059151269
10.2997359850 -0.9476785844 12.0561263633
10.1853450732 -0.8470422174 12.6185256564
10.0642742070 -0.7473827713 13.1915271312
9.9364363904 -0.6487695205 13.7733054947
9.8017648238 -0.5512726475 14.3617906672
9.6602153284 -0.4549630351 14.9546660520
9.5117688333 -0.3599120254 15.5493708418
9.3564337887 -0.2661911585 16.1431069797
9.1942484733 -0.1738718863 16.7328511358
9.0252831691 -0.0830252621 17.3153722755
8.8496421204 0.0062783908 17.8872549585
8.6674652265 0.0939698287 18.4449285385
8.4789294106 0.1799812540 18.9847022567
8.2842496060 0.2642466937 19.5028059732
8.0836793038 0.3467023870 19.9954361020
7.8775106144 0.4272871765 20.4588060758
7.6660738017 0.5059428975 20.8892004347
7.4497362590 0.5826147618 21.2830314369
7.2289009072 0.6572517285 21.6368969456
7.0040040079 0.7298068568 21.9476380896
6.7755124087 0.8002376345 22.2123950930
6.5439202440 0.8685062764 22.4286597332
6.3097451267 0.9345799889 22.5943229519
6.0735238838 0.9984311948 22.7077160135
5.8358079375 1.0600377115 22.7676437425
5.5971583887 1.1193828842 22.7734089997
5.3581408897 1.1764556692 22.7248274849
5.1193204248 1.2312506634 22.6222321962
4.8812561108 1.2837680835 22.4664675660
4.6444960998 1.3340136926 22.2588734214
4.4095726866 1.3819986773 22.0012592639
4.1769977197 1.4277394758 21.6958696525
3.9472584122 1.4712575630 21.3453420695
3.7208136002 1.5125791948 20.9526583981
3.4980905159 1.5517351175 20.5210916341
3.2794821084 1.5887602449 20.0541491288
3.0653449560 1.6236933140 19.5555145050
2.8559977594 1.6565765212 19.0289895213
2.6517204098 1.6874551430 18.4784370146
2.4527536276 1.7163771516 17.9077265355
2.2592991201 1.7433928316 17.3206843446
2.0715202324 1.7685543925 16.7210471314
1.8895430334 1.7919155964 16.1124216764
1.7134577716 1.8135313953 15.4982501741
1.5433206677 1.8334575820 14.8817812446
1.3791559628 1.8517504616 14.2660471276
1.2209581655 1.8684665446 13.6538466703
1.0686944472 1.8836622605 13.0477338078
0.9223071301 1.8973936969 12.4500111721
0.7817162182 1.9097163623 11.8627283448
0.6468219260 1.9206849747 11.2876842024
0.5175071665 1.9303532740 10.7264327680
0.3936399697 1.9387738593 10.1802920088
0.2750758009 1.9459980492 9.6503550024
0.1616597587 1.9520757646 9.1375029382
0.0532286383 1.9570554325 8.6424194591
-0.0503871534 1.9609839099 8.1656058886
-0.1493618369 1.9639064252 7.7073969443
-0.2438726570 1.9658665370 7.2679765894
-0.3340984367 1.9669061081 6.8473937375
-0.4202182868 1.9670652922 6.4455775624
-0.5024104667 1.9663825343 6.0623522191
-0.5808513863 1.9648945801 5.6974508527
-0.6557147464 1.9626364963 5.3505287561
-0.7271708049 1.9596416973 5.0211756203
-0.7953857625 1.9559419802 4.7089268323
-0.8605212554 1.9515675645 4.4132738039
-0.9227339482 1.9465471368 4.1336733383
-0.9821752151 1.9409078991 3.8695560479
-1.0389909022 1.9346756200 3.6203338631
-1.0933211601 1.9278746885 3.3854066737
-1.1453003400 1.9205281682 3.1641681528
-1.1950569442 1.9126578532 2.9560108190
-1.2427136251 1.9042843244 2.7603303936
-1.2883872234 1.8954270051 2.5765295124
-1.3321888432 1.8861042169 2.4040208488
-1.3742239543 1.8763332341 2.2422297070
-1.4145925191 1.8661303374 2.0905961371
-1.4533891401 1.8555108666 1.9485766262
-1.4907032209 1.8444892712 1.8156454133
-1.5266191409 1.8330791602 1.6912954724
-1.5612164380 1.8212933495 1.5750392072
-1.5945699976 1.8091439078 1.4664088948
-1.6267502454 1.7966422009 1.3649569133
-1.6578233420 1.7837989340 1.2702557848
-1.6878513774 1.7706241919 1.1818980623
-1.7168925643 1.7571274777 1.0994960860
-1.7450014284 1.7433177493 1.0226816315
-1.7722289956 1.7292034544 0.9511054687
-1.7986229747 1.7147925637 0.8844368511
-1.8242279342 1.7000926022 0.8223629489
-1.8490854746 1.6851106786 0.7645882401
-1.8732343944 1.6698535137 0.7108338708
-1.8967108494 1.6543274668 0.6608369954
-1.9195485059 1.6385385604 0.6143501041
-1.9417786878 1.6224925041 0.5711403450
-1.9634305165 1.6061947165 0.5309888481
-1.9845310447 1.5896503457 0.4936900549
-2.0051053835 1.5728642896 0.4590510582
-2.0251768233 1.5558412133 0.4268909560
-2.0447669484 1.5385855671 0.3970402208
-2.0638957456 1.5211016020 0.3693400890
-2.0825817071 1.5033933851 0.3436419687
-2.1008419273 1.4854648135 0.3198068697
-2.1186921947 1.4673196278 0.2977048556
-2.1361470782 1.4489614239 0.2772145183
-2.1532200085 1.4303936653 0.2582224759
-2.1699233544 1.4116196928 0.2406228928
-2.1862684953 1.3926427355 0.2243170235
-2.2022658882 1.3734659197 0.2092127778
-2.2179251317 1.3540922773 0.1952243087
-2.2332550256 1.3345247546 0.1822716216
-2.2482636262 1.3147662194 0.1702802044
-2.2629582991 1.2948194679 0.1591806779
-2.2773457681 1.2746872316 0.1489084655
-2.2914321607 1.2543721831 0.1394034816
-2.3052230514 1.2338769419 0.1306098382
-2.3187235017 1.2132040795 0.1224755686
-2.3319380973 1.1923561243 0.1149523673
-2.3448709831 1.1713355660 0.1079953460
-2.3575258963 1.1501448600 0.1015628039
-2.3699061962 1.1287864310 0.0956160129
-2.3820148931 1.1072626769 0.0901190154
-2.3938546746 1.0855759716 0.0850384352
-2.4054279305 1.0637286686 0.0803433005
-2.4167367753 1.0417231035 0.0760048780
-2.4277830703 1.0195615967 0.0719965178
-2.4385684431 0.9972464557 0.0682935085
-2.4490943064 0.9747799777 0.0648729413
-2.4593618752 0.9521644511 0.0617135840
-2.4693721829 0.9294021577 0.0587957624
-2.4791260962 0.9064953744 0.0561012500
-2.4886243292 0.8834463747 0.0536131656
-2.4978674564 0.8602574304 0.0513158769
-2.5068559241 0.8369308124 0.0491949110
-2.5155900625 0.8134687926 0.0472368719
-2.5240700953 0.7898736446 0.0454293621
-2.5322961499 0.7661476446 0.0437609107
-2.5402682659 0.7422930729 0.0422209062
-2.5479864038 0.7183122140 0.0407995341
-2.5554504526 0.6942073580 0.0394877185
-2.5626602368 0.6699808008 0.0382770679
-2.5696155233 0.6456348451 0.0371598256
-2.5763160274 0.6211718009 0.0361288223
-2.5827614185 0.5965939857 0.0351774329
-2.5889513258 0.5719037251 0.0342995364
-2.5948853428 0.5471033536 0.0334894785
-2.6005630319 0.5221952143 0.0327420366
-2.6059839290 0.4971816595 0.0320523876
-2.6111475471 0.4720650512 0.0314160786
-2.6160533801 0.4468477609 0.0308289983
-2.6207009061 0.4215321701 0.0302873521
-2.6250895906 0.3961206704 0.0297876375
-2.6292188895 0.3706156633 0.0293266227
-2.6330882517 0.3450195609 0.0289013260
-2.6366971215 0.3193347857 0.0285089965
-2.6400449413 0.2935637703 0.0281470968
-2.6431311532 0.2677089581 0.0278132867
-2.6459552014 0.2417728028 0.0275054084
-2.6485165342 0.2157577684 0.0272214721
-2.6508146052 0.1896663297 0.0269596434
-2.6528488753 0.1635009717 0.0267182316
-2.6546188141 0.1372641896 0.0264956780
-2.6561239010 0.1109584891 0.0262905464
-2.6573636271 0.0845863858 0.0261015134
-2.6583374957 0.0581504057 0.0259273597
-2.6590450238 0.0316530844 0.0257669618
-2.6594857430 0.0050969677 0.0256192850
-2.6596592006 -0.0215153892 0.0254833761
-2.6595649601 -0.0481814213 0.0253583575
-2.6592026026 -0.0748985544 0.0252434210
-2.6585717268 -0.1016642049 0.0251378222
-2.6576719507 -0.1284757800 0.0250408762
-2.6565029111 -0.1553306783 0.0249519521
-2.6550642652 -0.1822262894 0.0248704694
-2.6533556907 -0.2091599944 0.0247958939
-2.6513768864 -0.2361291661 0.0247277338
-2.6491275725 -0.2631311690 0.0246655368
-2.6466074916 -0.2901633598 0.0246088866
-2.6438164085 -0.3172230873 0.0245574001
-2.6407541109 -0.3443076928 0.0245107252
-2.6374204100 -0.3714145104 0.0244685380
-2.6338151403 -0.3985408669 0.0244305403
-2.6299381604 -0.4256840822 0.0243964583
-2.6257893528 -0.4528414698 0.0243660401
-2.6213686249 -0.4800103364 0.0243390540
-2.6166759086 -0.5071879828 0.0243152873
-2.6117111609 -0.5343717038 0.0242945442
-2.6064743637 -0.5615587883 0.0242766452
-2.6009655248 -0.5887465198 0.0242614249
-2.5951846771 -0.6159321768 0.0242487317
-2.5891318798 -0.6431130324 0.0242384263
-2.5828072177 -0.6702863553 0.0242303806
-2.5762108017 -0.6974494095 0.0242244773
-2.5693427692 -0.7245994549 0.0242206086
-2.5622032837 -0.7517337473 0.0242186755
-2.5547925355 -0.7788495390 0.0242185872
-2.5471107414 -0.8059440785 0.0242202607
-2.5391581448 -0.8330146114 0.0242236195
-2.5309350162 -0.8600583802 0.0242285937
-2.5224416527 -0.8870726248 0.0242351195
-2.5136783787 -0.9140545826 0.0242431379
-2.5046455454 -0.9410014888 0.0242525956
-2.4953435315 -0.9679105770 0.0242634433
-2.4857727425 -0.9947790788 0.0242756362
-2.4759336115 -1.0216042247 0.0242891334
-2.4658265987 -1.0483832442 0.0243038975
-2.4554521917 -1.0751133658 0.0243198944
-2.4448109055 -1.1017918175 0.0243370929
-2.4339032826 -1.1284158271 0.0243554650
-2.4227298928 -1.1549826224 0.0243749848
-2.4112913335 -1.1814894315 0.0243956292
-2.3995882296 -1.2079334831 0.0244173770
-2.3876212334 -1.2343120067 0.0244402092
-2.3753910249 -1.2606222329 0.0244641085
-2.3628983113 -1.2868613937 0.0244890595
-2.3501438277 -1.3130267229 0.0245150482
-2.3371283366 -1.3391154561 0.0245420623
-2.3238526278 -1.3651248312 0.0245700907
-2.3103175188 -1.3910520886 0.0245991235
-2.2965238547 -1.4168944715 0.0246291522
-2.2824725078 -1.4426492262 0.0246601691
-2.2681643781 -1.4683136023 0.0246921677
-2.2536003928 -1.4938848532 0.0247251423
-2.2387815067 -1.5193602360 0.0247590882
-2.2237087018 -1.5447370122 0.0247940013
-2.2083829875 -1.5700124475 0.0248298783
-2.1928054005 -1.5951838127 0.0248667168
-2.1769770047 -1.6202483835 0.0249045147
-2.1608988914 -1.6452034410 0.0249432706
-2.1445721786 -1.6700462717 0.0249829839
-2.1279980119 -1.6947741681 0.0250236542
-2.1111775636 -1.7193844292 0.0250652818
-2.0941120332 -1.7438743600 0.0251078672
-2.0768026470 -1.7682412724 0.0251514116
-2.0592506582 -1.7924824855 0.0251959165
-2.0414573468 -1.8165953256 0.0252413836
-2.0234240194 -1.8405771264 0.0252878154
-2.0051520094 -1.8644252297 0.0253352141
-1.9866426768 -1.8881369855 0.0253835828
-1.9678974079 -1.9117097521 0.0254329246
-1.9489176156 -1.9351408965 0.0254832429
-1.9297047389 -1.9584277949 0.0255345414
-1.9102602433 -1.9815678325 0.0255868240
-1.8905856203 -2.0045584043 0.0256400950
-1.8706823873 -2.0273969151 0.0256943588
-1.8505520880 -2.0500807797 0.0257496200
-1.8301962916 -2.0726074235 0.0258058835
-1.8096165932 -2.0949742824 0.0258631544
-1.7888146135 -2.1171788033 0.0259214378
-1.7677919988 -2.1392184445 0.0259807394
-1.7465504208 -2.1610906756 0.0260410646
-1.7250915765 -2.1827929781 0.0261024193
-1.7034171879 -2.2043228456 0.0261648095
-1.6815290023 -2.2256777840 0.0262282414
-1.6594287919 -2.2468553117 0.0262927212
-1.6371183536 -2.2678529604 0.0263582554
-1.6145995091 -2.2886682744 0.0264248506
-1.5918741046 -2.3092988119 0.0264925137
-1.5689440108 -2.3297421446 0.0265612515
-1.5458111224 -2.3499958583 0.0266310711
-1.5224773587 -2.3700575529 0.0267019797
-1.4989446627 -2.3899248430 0.0267739847
-1.4752150011 -2.4095953578 0.0268470935
-1.4512903648 -2.4290667418 0.0269213139
-1.4271727679 -2.4483366546 0.0269966535
-1.4028642479 -2.4674027715 0.0270731203
-1.3783668657 -2.4862627837 0.0271507222
-1.3536827051 -2.5049143984 0.0272294676
-1.3288138731 -2.5233553393 0.0273093645
-1.3037624993 -2.5415833468 0.0273904216
-1.2785307358 -2.5595961779 0.0274726472
-1.2531207573 -2.5773916072 0.0275560502
-1.2275347606 -2.5949674264 0.0276406393
-1.2017749649 -2.6123214449 0.0277264234
-1.1758436108 -2.6294514903 0.0278134117
-1.1497429611 -2.6463554081 0.0279016131
-1.1234752999 -2.6630310623 0.0279910372
-1.0970429326 -2.6794763357 0.0280816933
-1.0704481861 -2.6956891300 0.0281735909
-1.0436934079 -2.7116673661 0.0282667398
-1.0167809665 -2.7274089843 0.0283611497
-0.9897132509 -2.7429119447 0.0284568305
-0.9624926707 -2.7581742271 0.0285537923
-0.9351216555 -2.7731938318 0.0286520453
-0.9076026549 -2.7879687792 0.0287515996
-0.8799381383 -2.8024971105 0.0288524658
-0.8521305949 -2.8167768879 0.0289546544
-0.8241825330 -2.8308061946 0.0290581759
-0.7960964802 -2.8445831351 0.0291630411
-0.7678749831 -2.8581058357 0.0292692609
-0.7395206069 -2.8713724445 0.0293768464
-0.7110359355 -2.8843811314 0.0294858085
-0.6824235709 -2.8971300889 0.0295961586
-0.6536861332 -2.9096175319 0.0297079079
-0.6248262607 -2.9218416981 0.0298210680
-0.5958466088 -2.9338008480 0.0299356503
-0.5667498506 -2.9454932654 0.0300516666
-0.5375386764 -2.9569172577 0.0301691287
-0.5082157932 -2.9680711556 0.0302880485
-0.4787839249 -2.9789533137 0.0304084379
-0.4492458118 -2.9895621110 0.0305303092
-0.4196042104 -2.9998959502 0.0306536745
-0.3898618931 -3.0099532589 0.0307785462
-0.3600216481 -3.0197324893 0.0309049367
-0.3300862792 -3.0292321183 0.0310328587
-0.3000586051 -3.0384506482 0.0311623247
-0.2699414598 -3.0473866064 0.0312933475
-0.2397376919 -3.0560385458 0.0314259399
-0.2094501644 -3.0644050449 0.0315601150
-0.1790817547 -3.0724847084 0.0316958858
-0.1486353540 -3.0802761667 0.0318332653
-0.1181138673 -3.0877780768 0.0319722670
-0.0875202128 -3.0949891219 0.0321129040
-0.0568573222 -3.1019080120 0.0322551898
-0.0261281400 -3.1085334838 0.0323991380
0.0046643769 -3.1148643012 0.0325447621
0.0355172590 -3.1208992550 0.0326920757
0.0664275246 -3.1266371637 0.0328410927
0.0973921806 -3.1320768731 0.0329918268
0.1284082221 -3.1372172568 0.0331442920
0.1594726327 -3.1420572162 0.0332985022
0.1905823855 -3.1465956808 0.0334544714
0.2217344425 -3.1508316085 0.0336122138
0.2529257556 -3.1547639852 0.0337717435
0.2841532662 -3.1583918256 0.0339330747
0.3154139062 -3.1617141731 0.0340962216
0.3467045977 -3.1647300997 0.0342611986
0.3780222537 -3.1674387067 0.0344280201
0.4093637780 -3.1698391245 0.0345967003
0.4407260658 -3.1719305124 0.0347672538
0.4721060041 -3.1737120598 0.0349396949
0.5035004714 -3.1751829851 0.0351140382
0.5349063387 -3.1763425367 0.0352902981
0.5663204694 -3.1771899929 0.0354684891
0.5977397197 -3.1777246617 0.0356486258
0.6291609387 -3.1779458816 0.0358307226
0.6605809693 -3.1778530210 0.0360147941
0.6919966477 -3.1774454790 0.0362008546
0.7234048043 -3.1767226849 0.0363889188
0.7548022637 -3.1756840988 0.0365790011
0.7861858451 -3.1743292114 0.0367711158
0.8175523628 -3.1726575444 0.0369652773
0.8488986262 -3.1706686504 0.0371614999
0.8802214401 -3.1683621129 0.0373597980
0.9115176054 -3.1657375468 0.0375601856
0.9427839190 -3.1627945982 0.0377626769
0.9740171744 -3.1595329446 0.0379672860
1.0052141618 -3.1559522947 0.0381740267
1.0363716684 -3.1520523893 0.0383829130
1.0674864792 -3.1478330003 0.0385939585
1.0985553764 -3.1432939316 0.0388071768
1.1295751408 -3.1384350190 0.0390225814
1.1605425512 -3.1332561300 0.0392401857
1.1914543854 -3.1277571644 0.0394600027
1.2223074199 -3.1219380536 0.0396820455
1.2530984308 -3.1157987615 0.0399063270
1.2838241938 -3.1093392840 0.0401328595
1.3144814846 -3.1025596495 0.0403616558
1.3450670791 -3.0954599185 0.0405927278
1.3755777541 -3.0880401840 0.0408260876
1.4060102871 -3.0803005714 0.0410617468
1.4363614571 -3.0722412386 0.0412997170
1.4666280447 -3.0638623761 0.0415400092
1.4968068324 -3.0551642070 0.0417826343
1.5268946049 -3.0461469870 0.0420276030
1.5568881496 -3.0368110045 0.0422749254
1.5867842571 -3.0271565805 0.0425246114
1.6165797208 -3.0171840691 0.0427766704
1.6462713381 -3.0068938567 0.0430311119
1.6758559101 -2.9962863630 0.0432879443
1.7053302424 -2.9853620402 0.0435471760
1.7346911449 -2.9741213735 0.0438088151
1.7639354327 -2.9625648810 0.0440728688
1.7930599262 -2.9506931135 0.0443393442
1.8220614511 -2.9385066550 0.0446082477
1.8509368393 -2.9260061222 0.0448795852
1.8796829289 -2.9131921648 0.0451533622
1.9082965647 -2.9000654653 0.0454295835
1.9367745983 -2.8866267393 0.0457082534
1.9651138886 -2.8728767353 0.0459893754
1.9933113023 -2.8588162344 0.0462729527
2.0213637139 -2.8444460510 0.0465589875
2.0492680059 -2.8297670322 0.0468474815
2.0770210701 -2.8147800578 0.0471384357
2.1046198067 -2.7994860407 0.0474318503
2.1320611254 -2.7838859265 0.0477277247
2.1593419455 -2.7679806935 0.0480260576
2.1864591962 -2.7517713529 0.0483268469
2.2134098172 -2.7352589484 0.0486300895
2.2401907586 -2.7184445566 0.0489357815
2.2667989816 -2.7013292866 0.0492439184
2.2932314587 -2.6839142801 0.0495544941
2.3194851741 -2.6662007114 0.0498675021
2.3455571237 -2.6481897871 0.0501829347
2.3714443159 -2.6298827465 0.0505007833
2.3971437721 -2.6112808610 0.0508210379
2.4226525260 -2.5923854345 0.0511436878
2.4479676251 -2.5731978029 0.0514687210
2.4730861302 -2.5537193346 0.0517961243
2.4980051166 -2.5339514298 0.0521258834
2.5227216734 -2.5138955207 0.0524579827
2.5472329045 -2.4935530718 0.0527924053
2.5715359288 -2.4729255789 0.0531291333
2.5956278807 -2.4520145701 0.0534681470
2.6195059100 -2.4308216047 0.0538094256
2.6431671823 -2.4093482739 0.0541529469
2.6666088799 -2.3875962003 0.0544986873
2.6898282015 -2.3655670377 0.0548466216
2.7128223631 -2.3432624713 0.0551967231
2.7355885972 -2.3206842175 0.0555489636
2.7581241546 -2.2978340238 0.0559033133
2.7804263038 -2.2747136685 0.0562597407
2.8024923318 -2.2513249606 0.0566182128
2.8243195439 -2.2276697400 0.0569786947
2.8459052640 -2.2037498772 0.0573411499
2.8672468360 -2.1795672730 0.0577055402
2.8883416229 -2.1551238584 0.0580718253
2.9091870078 -2.1304215947 0.0584399631
2.9297803935 -2.1054624733 0.0588099100
2.9501192036 -2.0802485154 0.0591816202
2.9702008829 -2.0547817719 0.0595550459
2.9900228969 -2.0290643233 0.0599301371
3.0095827328 -2.0030982794 0.0603068422
3.0288778991 -1.9768857796 0.0606851073
3.0479059268 -1.9504289922 0.0610648766
3.0666643694 -1.9237301143 0.0614460918
3.0851508031 -1.8967913720 0.0618286925
3.1033628268 -1.8696150199 0.0622126163
3.1212980627 -1.8422033412 0.0625977986
3.1389541568 -1.8145586472 0.0629841723
3.1563287793 -1.7866832773 0.0633716682
3.1734196244 -1.7585795985 0.0637602143
3.1902244109 -1.7302500059 0.0641497369
3.2067408820 -1.7016969222 0.0645401595
3.2229668065 -1.6729227972 0.0649314034
3.2388999786 -1.6439301076 0.0653233873
3.2545382184 -1.6147213572 0.0657160273
3.2698793718 -1.5852990764 0.0661092374
3.2849213107 -1.5556658225 0.0665029288
3.2996619337 -1.5258241789 0.0668970104
3.3140991668 -1.4957767549 0.0672913884
3.3282309630 -1.4655261855 0.0676859664
3.3420553026 -1.4350751315 0.0680806454
3.3555701937 -1.4044262793 0.0684753241
3.3687736720 -1.3735823405 0.0688698984
3.3816638019 -1.3425460516 0.0692642617
3.3942386766 -1.3113201735 0.0696583047
3.4064964179 -1.2799074915 0.0700519156
3.4184351768 -1.2483108154 0.0704449797
3.4300531333 -1.2165329794 0.0708373802
3.4413484971 -1.1845768411 0.0712289976
3.4523195081 -1.1524452814 0.0716197095
3.4629644366 -1.1201412043 0.0720093912
3.4732815830 -1.0876675370 0.0723979153
3.4832692782 -1.0550272295 0.0727851520
3.4929258839 -1.0222232546 0.0731709690
3.5022497933 -0.9892586069 0.0735552316
3.5112394312 -0.9561363026 0.0739378024
3.5198932539 -0.9228593799 0.0743185418
3.5282097495 -0.8894308983 0.0746973076
3.5361874381 -0.8558539386 0.0750739555
3.5438248722 -0.8221316025 0.0754483389
3.5511206370 -0.7882670119 0.0758203089
3.5580733508 -0.7542633088 0.0761897143
3.5646816648 -0.7201236554 0.0765564019
3.5709442631 -0.6858512337 0.0769202164
3.5768598635 -0.6514492452 0.0772810006
3.5824272174 -0.6169209102 0.0776385951
3.5876451104 -0.5822694676 0.0779928391
3.5925123621 -0.5474981748 0.0783435695
3.5970278263 -0.5126103077 0.0786906219
3.6011903911 -0.4776091602 0.0790338301
3.6049989796 -0.4424980433 0.0793730265
3.6084525498 -0.4072802853 0.0797080421
3.6115500947 -0.3719592313 0.0800387065
3.6142906424 -0.3365382435 0.0803648482
3.6166732564 -0.3010207001 0.0806862945
3.6186970361 -0.2654099953 0.0810028718
3.6203611164 -0.2297095387 0.0813144059
3.6216646684 -0.1939227553 0.0816207214
3.6226068988 -0.1580530854 0.0819216426
3.6231870510 -0.1221039837 0.0822169935
3.6234044045 -0.0860789191 0.0825065974
3.6232582756 -0.0499813746 0.0827902779
3.6227480169 -0.0138148469 0.0830678581
3.6218730180 0.0224171542 0.0833391616
3.6206327056 0.0587111057 0.0836040122
3.6190265430 0.0950634722 0.0838622341
3.6170540312 0.1314707058 0.0841136523
3.6147147081 0.1679292471 0.0843580923
3.6120081492 0.2044355247 0.0845953809
3.6089339672 0.2409859562 0.0848253458
3.6054918129 0.2775769483 0.0850478162
3.6016813743 0.3142048974 0.0852626227
3.5975023775 0.3508661892 0.0854695976
3.5929545862 0.3875572001 0.0856685752
3.5880378022 0.4242742970 0.0858593919
3.5827518653 0.4610138379 0.0860418861
3.5770966534 0.4977721714 0.0862158988
3.5710720822 0.5345456384 0.0863812740
3.5646781062 0.5713305718 0.0865378581
3.5579147175 0.6081232968 0.0866855008
3.5507819468 0.6449201309 0.0868240549
3.5432798631 0.6817173854 0.0869533769
3.5354085737 0.7185113647 0.0870733269
3.5271682243 0.7552983675 0.0871837687
3.5185589988 0.7920746862 0.0872845704
3.5095811197 0.8288366078 0.0873756040
3.5002348479 0.8655804147 0.0874567466
3.4905204826 0.9023023848 0.0875278793
3.4804383615 0.9389987912 0.0875888884
3.4699888608 0.9756659032 0.0876396651
3.4591723947 1.0122999867 0.0876801061
3.4479894162 1.0488973046 0.0877101133
3.4364404165 1.0854541172 0.0877295942
3.4245259249 1.1219666818 0.0877384622
3.4122465092 1.1584312540 0.0877366364
3.3996027754 1.1948440879 0.0877240424
3.3865953677 1.2312014365 0.0877006118
3.3732249682 1.2674995517 0.0876662829
3.3594922974 1.3037346847 0.0876210002
3.3453981136 1.3399030868 0.0875647153
3.3309432131 1.3760010098 0.0874973866
3.3161284300 1.4120247060 0.0874189794
3.3009546363 1.4479704287 0.0873294662
3.2854227416 1.4838344324 0.0872288268
3.2695336932 1.5196129736 0.0871170483
3.2532884757 1.5553023113 0.0869941253
3.2366881114 1.5908987067 0.0868600597
3.2197336597 1.6263984238 0.0867148614
3.2024262174 1.6617977300 0.0865585478
3.1847669183 1.6970928966 0.0863911439
3.1667569330 1.7322801990 0.0862126828
3.1483974693 1.7673559169 0.0860232052
3.1296897715 1.8023163346 0.0858227598
3.1106351205 1.8371577417 0.0856114030
3.0912348338 1.8718764338 0.0853891993
3.0714902651 1.9064687122 0.0851562210
3.0514028044 1.9409308845 0.0849125482
3.0309738778 1.9752592646 0.0846582689
3.0102049471 2.0094501739 0.0843934788
2.9890975099 2.0434999415 0.0841182815
2.9676530996 2.0774049041 0.0838327880
2.9458732848 2.1111614065 0.0835371171
2.9237596696 2.1447658015 0.0832313952
2.9013138931 2.1782144518 0.0829157558
2.8785376293 2.2115037290 0.0825903399
2.8554325871 2.2446300148 0.0822552956
2.8320005100 2.2775897000 0.0819107781
2.8082431759 2.3103791862 0.0815569494
2.7841623971 2.3429948860 0.0811939782
2.7597600198 2.3754332232 0.0808220398
2.7350379241 2.4076906330 0.0804413159
2.7099980243 2.4397635622 0.0800519943
2.6846422678 2.4716484697 0.0796542691
2.6589726355 2.5033418272 0.0792483396
2.6329911414 2.5348401198 0.0788344110
2.6066998326 2.5661398455 0.0784126938
2.5801007892 2.5972375157 0.0779834036
2.5531961238 2.6281296557 0.0775467609
2.5259879814 2.6588128056 0.0771029905
2.4984785391 2.6892835203 0.0766523217
2.4706700063 2.7195383696 0.0761949878
2.4425646242 2.7495739385 0.0757312260
2.4141646658 2.7793868276 0.0752612771
2.3854724356 2.8089736540 0.0747853846
2.3564902689 2.8383310513 0.0743037954
2.3272205327 2.8674556699 0.0738167588
2.2976656246 2.8963441769 0.0733245266
2.2678279732 2.9249932570 0.0728273526
2.2377100372 2.9533996130 0.0723254921
2.2073143059 2.9815599661 0.0718192019
2.1766432986 3.0094710554 0.0713087402
2.1456995646 3.0371296389 0.0707943657
2.1144856831 3.0645324941 0.0702763379
2.0830042625 3.0916764180 0.0697549160
2.0512579406 3.1185582274 0.0692303595
2.0192493845 3.1451747589 0.0687029277
1.9869812903 3.1715228699 0.0681728787
1.9544563826 3.1975994390 0.0676404698
1.9216774146 3.2234013654 0.0671059572
1.8886471680 3.2489255700 0.0665695953
1.8553684526 3.2741689956 0.0660316368
1.8218441060 3.2991286070 0.0654923322
1.7880769935 3.3238013917 0.0649519296
1.7540700084 3.3481843597 0.0644106746
1.7198260709 3.3722745443 0.0638688097
1.6853481283 3.3960690021 0.0633265744
1.6506391553 3.4195648137 0.0627842048
1.6157021528 3.4427590833 0.0622419333
1.5805401486 3.4656489401 0.0616999884
1.5451561966 3.4882315374 0.0611585949
1.5095533770 3.5105040539 0.0606179730
1.4737347957 3.5324636934 0.0600783385
1.4377035845 3.5541076854 0.0595399028
1.4014629006 3.5754332853 0.0590028723
1.3650159264 3.5964377748 0.0584674484
1.3283658694 3.6171184621 0.0579338277
1.2915159621 3.6374726822 0.0574022013
1.2544694615 3.6574977974 0.0568727550
1.2172296489 3.6771911971 0.0563456691
1.1797998301 3.6965502989 0.0558211184
1.1421833344 3.7155725481 0.0552992719
1.1043835154 3.7342554184 0.0547802930
1.0664037497 3.7525964123 0.0542643391
1.0282474376 3.7705930610 0.0537515618
0.9899180021 3.7882429250 0.0532421067
0.9514188894 3.8055435944 0.0527361136
0.9127535679 3.8224926888 0.0522337160
0.8739255286 3.8390878581 0.0517350417
0.8349382846 3.8553267826 0.0512402123
0.7957953706 3.8712071730 0.0507493433
0.7565003433 3.8867267711 0.0502625445
0.7170567805 3.9018833499 0.0497799195
0.6774682811 3.9166747136 0.0493015659
0.6377384649 3.9310986984 0.0488275755
0.5978709725 3.9451531724 0.0483580344
0.5578694644 3.9588360360 0.0478930227
0.5177376216 3.9721452222 0.0474326148
0.4774791445 3.9850786968 0.0469768796
0.4370977533 3.9976344584 0.0465258803
0.3965971873 4.0098105393 0.0460796748
0.3559812049 4.0216050052 0.0456383154
0.3152535830 4.0330159556 0.0452018493
0.2744181170 4.0440415242 0.0447703186
0.2334786203 4.0546798791 0.0443437602
0.1924389242 4.0649292228 0.0439222062
0.1513028775 4.0747877928 0.0435056838
0.1100743462 4.0842538616 0.0430942157
0.0687572130 4.0933257370 0.0426878199
0.0273553776 4.1020017626 0.0422865100
-0.0141272445 4.1102803174 0.0418902954
-0.0556867215 4.1181598167 0.0414991815
-0.0973191061 4.1256387121 0.0411131695
-0.1390204357 4.1327154915 0.0407322568
-0.1807867327 4.1393886797 0.0403564372
-0.2226140049 4.1456568383 0.0399857009
-0.2644982457 4.1515185661 0.0396200348
-0.3064354345 4.1569724993 0.0392594224
-0.3484215371 4.1620173117 0.0389038441
-0.3904525062 4.1666517147 0.0385532774
-0.4325242814 4.1708744579 0.0382076971
-0.4746327896 4.1746843292 0.0378670750
-0.5167739457 4.1780801546 0.0375313808
-0.5589436527 4.1810607989 0.0372005815
-0.6011378019 4.1836251657 0.0368746419
-0.6433522738 4.1857721976 0.0365535247
-0.6855829378 4.1875008762 0.0362371908
-0.7278256532 4.1888102226 0.0359255990
-0.7700762690 4.1896992975 0.0356187065
-0.8123306249 4.1901672012 0.0353164690
-0.8545845510 4.1902130739 0.0350188406
-0.8968338689 4.1898360959 0.0347257740
-0.9390743913 4.1890354878 0.0344372210
-0.9813019233 4.1878105104 0.0341531319
-1.0235122620 4.1861604653 0.0338734563
-1.0657011972 4.1840846946 0.0335981427
-1.1078645120 4.1815825813 0.0333271389
-1.1499979827 4.1786535495 0.0330603920
-1.1920973800 4.1752970644 0.0327978486
-1.2341584683 4.1715126326 0.0325394546
-1.2761770074 4.1672998018 0.0322851557
-1.3181487516 4.1626581617 0.0320348971
-1.3600694512 4.1575873435 0.0317886239
-1.4019348524 4.1520870201 0.0315462809
-1.4437406975 4.1461569065 0.0313078128
-1.4854827260 4.1397967598 0.0310731645
-1.5271566744 4.1330063791 0.0308422807
-1.5687582769 4.1257856060 0.0306151063
-1.6102832658 4.1181343244 0.0303915863
-1.6517273719 4.1100524606 0.0301716660
-1.6930863248 4.1015399836 0.0299552909
-1.7343558537 4.0925969050 0.0297424069
-1.7755316873 4.0832232794 0.0295329603
-1.8166095549 4.0734192040 0.0293268976
-1.8575851861 4.0631848190 0.0291241660
-1.8984543118 4.0525203078 0.0289247129
-1.9392126643 4.0414258967 0.0287284866
-1.9798559779 4.0299018551 0.0285354355
-2.0203799894 4.0179484960 0.0283455090
-2.0607804384 4.0055661752 0.0281586569
-2.1010530676 3.9927552923 0.0279748296
-2.1411936237 3.9795162899 0.0277939781
-2.1811978573 3.9658496543 0.0276160543
-2.2210615237 3.9517559152 0.0274410106
-2.2607803835 3.9372356458 0.0272688001
-2.3003502022 3.9222894629 0.0270993768
-2.3397667519 3.9069180270 0.0269326950
-2.3790258105 3.8911220420 0.0267687103
-2.4181231631 3.8749022554 0.0266073785
-2.4570546018 3.8582594587 0.0264486565
-2.4958159267 3.8411944868 0.0262925017
-2.5344029457 3.8237082183 0.0261388726
-2.5728114755 3.8058015755 0.0259877280
-2.6110373419 3.7874755244 0.0258390278
-2.6490763799 3.7687310746 0.0256927325
-2.6869244348 3.7495692795 0.0255488033
-2.7245773618 3.7299912359 0.0254072023
-2.7620310275 3.7099980846 0.0252678922
-2.7992813092 3.6895910097 0.0251308365
-2.8363240961 3.6687712390 0.0249959994
-2.8731552898 3.6475400438 0.0248633459
-2.9097708040 3.6258987389 0.0247328416
-2.9461665659 3.6038486827 0.0246044528
-2.9823385159 3.5813912768 0.0244781468
-3.0182826082 3.5585279664 0.0243538911
-3.0539948117 3.5352602399 0.0242316543
-3.0894711098 3.5115896289 0.0241114054
-3.1247075012 3.4875177083 0.0239931143
-3.1597000003 3.4630460962 0.0238767513
-3.1944446377 3.4381764536 0.0237622877
-3.2289374603 3.4129104844 0.0236496950
-3.2631745322 3.3872499357 0.0235389456
-3.2971519347 3.3611965972 0.0234300125
-3.3308657671 3.3347523014 0.0233228692
-3.3643121470 3.3079189232 0.0232174900
-3.3974872106 3.2806983804 0.0231138494
-3.4303871133 3.2530926329 0.0230119228
-3.4630080300 3.2251036831 0.0229116862
-3.4953461557 3.1967335756 0.0228131158
-3.5273977058 3.1679843969 0.0227161886
-3.5591589164 3.1388582756 0.0226208822
-3.5906260450 3.1093573821 0.0225271745
-3.6217953709 3.0794839285 0.0224350441
-3.6526631953 3.0492401685 0.0223444698
-3.6832258421 3.0186283972 0.0222554313
-3.7134796580 2.9876509509 0.0221679085
-3.7434210132 2.9563102072 0.0220818817
-3.7730463018 2.9246085844 0.0219973320
-3.8023519417 2.8925485420 0.0219142407
-3.8313343758 2.8601325799 0.0218325895
-3.8599900719 2.8273632384 0.0217523606
-3.8883155231 2.7942430983 0.0216735367
-3.9163072486 2.7607747806 0.0215961009
-3.9439617936 2.7269609461 0.0215200365
-3.9712757300 2.6928042953 0.0214453274
-3.9982456569 2.6583075686 0.0213719578
-4.0248682007 2.6234735456 0.0212999124
-4.0511400155 2.5883050449 0.0212291760
-4.0770577840 2.5528049245 0.0211597342
-4.1026182172 2.5169760809 0.0210915725
-4.1278180553 2.4808214493 0.0210246769
-4.1526540679 2.4443440031 0.0209590340
-4.1771230542 2.4075467541 0.0208946303
-4.2012218438 2.3704327519 0.0208314530
-4.2249472968 2.3330050836 0.0207694894
-4.2482963041 2.2952668741 0.0207087272
-4.2712657882 2.2572212852 0.0206491544
-4.2938527029 2.2188715159 0.0205907592
-4.3160540344 2.1802208019 0.0205335303
-4.3378668011 2.1412724152 0.0204774566
-4.3592880544 2.1020296643 0.0204225271
-4.3803148787 2.0624958935 0.0203687314
-4.4009443919 2.0226744829 0.0203160592
-4.4211737458 1.9825688480 0.0202645005
-4.4410001266 1.9421824395 0.0202140454
-4.4604207549 1.9015187429 0.0201646846
-4.4794328862 1.8605812785 0.0201164088
-4.4980338115 1.8193736008 0.0200692090
-4.5162208572 1.7778992985 0.0200230765
-4.5339913858 1.7361619939 0.0199780028
-4.5513427962 1.6941653429 0.0199339796
-4.5682725236 1.6519130345 0.0198909990
-4.5847780405 1.6094087907 0.0198490531
-4.6008568566 1.5666563658 0.0198081344
-4.6165065192 1.5236595466 0.0197682355
-4.6317246137 1.4804221518 0.0197293494
-4.6465087635 1.4369480316 0.0196914692
-4.6608566309 1.3932410677 0.0196545881
-4.6747659168 1.3493051726 0.0196186997
-4.6882343616 1.3051442895 0.0195837977
-4.7012597451 1.2607623920 0.0195498761
-4.7138398869 1.2161634836 0.0195169290
-4.7259726467 1.1713515975 0.0194849508
-4.7376559247 1.1263307961 0.0194539359
-4.7488876618 1.0811051708 0.0194238792
-4.7596658398 1.0356788416 0.0193947756
-4.7699884821 0.9900559568 0.0193666202
-4.7798536533 0.9442406924 0.0193394083
-4.7892594600 0.8982372522 0.0193131354
-4.7982040510 0.8520498670 0.0192877971
-4.8066856174 0.8056827943 0.0192633894
-4.8147023931 0.7591403182 0.0192399083
-4.8222526547 0.7124267487 0.0192173500
-4.8293347222 0.6655464216 0.0191957109
-4.8359469591 0.6185036978 0.0191749876
-4.8420877723 0.5713029633 0.0191551768
-4.8477556129 0.5239486284 0.0191362755
-4.8529489761 0.4764451277 0.0191182807
-4.8576664017 0.4287969194 0.0191011898
-4.8619064739 0.3810084850 0.0190850001
-4.8656678220 0.3330843291 0.0190697093
-4.8689491204 0.2850289786 0.0190553151
-4.8717490887 0.2368469826 0.0190418155
-4.8740664924 0.1885429119 0.0190292086
-4.8759001425 0.1401213586 0.0190174926
-4.8772488961 0.0915869356 0.0190066660
-4.8781116567 0.0429442763 0.0189967274
-4.8784873739 -0.0058019660 0.0189876756
-4.8783750441 -0.0546471182 0.0189795094
-4.8777737106 -0.1035864882 0.0189722279
-4.8766824635 -0.1526153650 0.0189658305
-4.8751004403 -0.2017290195 0.0189603164
-4.8730268256 -0.2509227046 0.0189556853
-4.8704608519 -0.3001916558 0.0189519370
-4.8674017992 -0.3495310917 0.0189490712
-4.8638489955 -0.3989362141 0.0189470880
-4.8598018167 -0.4484022091 0.0189459877
-4.8552596872 -0.4979242468 0.0189457707
-4.8502220795 -0.5474974824 0.0189464374
-4.8446885148 -0.5971170561 0.0189479885
-4.8386585629 -0.6467780939 0.0189504249
-4.8321318424 -0.6964757081 0.0189537477
-4.8251080211 -0.7462049978 0.0189579580
-4.8175868154 -0.7959610485 0.0189630571
-4.8095679914 -0.8457389340 0.0189690465
-4.8010513643 -0.8955337159 0.0189759280
-4.7920367988 -0.9453404445 0.0189837033
-4.7825242092 -0.9951541584 0.0189923744
-4.7725135594 -1.0449698863 0.0190019435
-4.7620048632 -1.0947826468 0.0190124130
-4.7509981843 -1.1445874490 0.0190237852
-4.7394936362 -1.1943792924 0.0190360630
-4.7274913826 -1.2441531679 0.0190492490
-4.7149916374 -1.2939040588 0.0190633464
-4.7019946647 -1.3436269406 0.0190783583
-4.6885007790 -1.3933167817 0.0190942879
-4.6745103449 -1.4429685430 0.0191111390
-4.6600237777 -1.4925771801 0.0191289150
-4.6450415432 -1.5421376427 0.0191476200
-4.6295641578 -1.5916448755 0.0191672579
-4.6135921883 -1.6410938181 0.0191878330
-4.5971262524 -1.6904794058 0.0192093497
-4.5801670184 -1.7397965706 0.0192318126
-4.5627152054 -1.7890402414 0.0192552264
-4.5447715832 -1.8382053441 0.0192795962
-4.5263369725 -1.8872868021 0.0193049270
-4.5074122446 -1.9362795377 0.0193312242
-4.4879983221 -1.9851784719 0.0193584934
-4.4680961779 -2.0339785248 0.0193867402
-4.4477068362 -2.0826746163 0.0194159706
-4.4268313718 -2.1312616668 0.0194461907
-4.4054709104 -2.1797345976 0.0194774069
-4.3836266286 -2.2280883313 0.0195096256
-4.3612997539 -2.2763177920 0.0195428535
-4.3384915644 -2.3244179068 0.0195770978
-4.3152033892 -2.3723836054 0.0196123654
-4.2914366080 -2.4202098207 0.0196486637
-4.2671926513 -2.4678914898 0.0196860004
-4.2424730004 -2.5154235543 0.0197243832
-4.2172791869 -2.5628009604 0.0197638201
-4.1916127935 -2.6100186601 0.0198043195
-4.1654754529 -2.6570716112 0.0198458898
-4.1388688486 -2.7039547782 0.0198885397
-4.1117947144 -2.7506631323 0.0199322782
-4.0842548346 -2.7971916526 0.0199771144
-4.0562510435 -2.8435353261 0.0200230578
-4.0277852258 -2.8896891481 0.0200701181
-3.9988593162 -2.9356481236 0.0201183052
-3.9694752993 -2.9814072667 0.0201676293
-3.9396352099 -3.0269616019 0.0202181008
-3.9093411324 -3.0723061642 0.0202697306
-3.8785952009 -3.1174359999 0.0203225294
-3.8473995992 -3.1623461668 0.0203765087
-3.8157565604 -3.2070317353 0.0204316799
-3.7836683671 -3.2514877881 0.0204880548
-3.7511373512 -3.2957094214 0.0205456456
-3.7181658934 -3.3396917451 0.0206044646
-3.6847564236 -3.3834298834 0.0206645246
-3.6509114206 -3.4269189753 0.0207258384
-3.6166334114 -3.4701541751 0.0207884195
-3.5819249721 -3.5131306530 0.0208522813
-3.5467887268 -3.5558435955 0.0209174380
-3.5112273478 -3.5982882059 0.0209839036
-3.4752435555 -3.6404597051 0.0210516928
-3.4388401182 -3.6823533318 0.0211208204
-3.4020198519 -3.7239643430 0.0211913019
-3.3647856198 -3.7652880147 0.0212631527
-3.3271403327 -3.8063196425 0.0213363888
-3.2890869485 -3.8470545418 0.0214110267
-3.2506284718 -3.8874880484 0.0214870829
-3.2117679541 -3.9276155193 0.0215645745
-3.1725084933 -3.9674323327 0.0216435191
-3.1328532336 -4.0069338890 0.0217239344
-3.0928053652 -4.0461156110 0.0218058387
-3.0523681244 -4.0849729445 0.0218892508
-3.0115447929 -4.1235013590 0.0219741896
-2.9703386976 -4.1616963477 0.0220606746
-2.9287532110 -4.1995534284 0.0221487259
-2.8867917501 -4.2370681441 0.0222383637
-2.8444577767 -4.2742360631 0.0223296089
-2.8017547971 -4.3110527797 0.0224224828
-2.7586863616 -4.3475139149 0.0225170072
-2.7152560643 -4.3836151164 0.0226132043
-2.6714675432 -4.4193520597 0.0227110968
-2.6273244793 -4.4547204480 0.0228107079
-2.5828305969 -4.4897160132 0.0229120615
-2.5379896630 -4.5243345158 0.0230151816
-2.4928054871 -4.5585717461 0.0231200933
-2.4472819209 -4.5924235243 0.0232268216
-2.4014228579 -4.6258857006 0.0233353927
-2.3552322333 -4.6589541565 0.0234458329
-2.3087140238 -4.6916248047 0.0235581692
-2.2618722466 -4.7238935897 0.0236724294
-2.2147109600 -4.7557564884 0.0237886416
-2.1672342625 -4.7872095103 0.0239068347
-2.1194462927 -4.8182486982 0.0240270381
-2.0713512287 -4.8488701288 0.0241492821
-2.0229532881 -4.8790699126 0.0242735974
-1.9742567277 -4.9088441951 0.0244000156
-1.9252658427 -4.9381891566 0.0245285686
-1.8759849669 -4.9671010132 0.0246592895
-1.8264184718 -4.9955760167 0.0247922118
-1.7765707668 -5.0236104556 0.0249273698
-1.7264462984 -5.0512006552 0.0250647987
-1.6760495502 -5.0783429780 0.0252045343
-1.6253850423 -5.1050338246 0.0253466132
-1.5744573308 -5.1312696335 0.0254910729
-1.5232710077 -5.1570468820 0.0256379517
-1.4718307005 -5.1823620865 0.0257872886
-1.4201410717 -5.2072118029 0.0259391238
-1.3682068183 -5.2315926271 0.0260934980
-1.3160326719 -5.2555011953 0.0262504531
-1.2636233975 -5.2789341845 0.0264100316
-1.2109837939 -5.3018883130 0.0265722775
-1.1581186928 -5.3243603406 0.0267372351
-1.1050329587 -5.3463470692 0.0269049502
-1.0517314880 -5.3678453433 0.0270754694
-0.9982192093 -5.3888520500 0.0272488403
-0.9445010823 -5.4093641197 0.0274251117
-0.8905820978 -5.4293785268 0.0276043334
-0.8364672772 -5.4488922893 0.0277865563
-0.7821616719 -5.4679024698 0.0279718326
-0.7276703631 -5.4864061759 0.0281602155
-0.6729984610 -5.5044005602 0.0283517593
-0.6181511049 -5.5218828211 0.0285465199
-0.5631334622 -5.5388502027 0.0287445540
-0.5079507283 -5.5552999958 0.0289459199
-0.4526081261 -5.5712295376 0.0291506772
-0.3971109055 -5.5866362125 0.0293588866
-0.3414643428 -5.6015174524 0.0295706104
-0.2856737405 -5.6158707370 0.0297859123
-0.2297444265 -5.6296935942 0.0300048573
-0.1736817542 -5.6429836002 0.0302275120
-0.1174911015 -5.6557383802 0.0304539445
-0.0611778702 -5.6679556088 0.0306842244
-0.0047474863 -5.6796330097 0.0309184230
0.0517946014 -5.6907683568 0.0311566131
0.1084429210 -5.7013594742 0.0313988691
0.1651919785 -5.7114042363 0.0316452674
0.2220362582 -5.7209005685 0.0318958858
0.2789702229 -5.7298464474 0.0321508042
0.3359883150 -5.7382399011 0.0324101040
0.3930849562 -5.7460790094 0.0326738688
0.4502545486 -5.7533619040 0.0329421839
0.5074914750 -5.7600867695 0.0332151366
0.5647900995 -5.7662518428 0.0334928164
0.6221447678 -5.7718554138 0.0337753146
0.6795498079 -5.7768958257 0.0340627247
0.7369995306 -5.7813714754 0.0343551426
0.7944882299 -5.7852808135 0.0346526660
0.8520101835 -5.7886223447 0.0349553951
0.9095596536 -5.7913946280 0.0352634326
0.9671308873 -5.7935962772 0.0355768831
1.0247181166 -5.7952259608 0.0358958541
1.0823155598 -5.7962824025 0.0362204554
1.1399174215 -5.7967643815 0.0365507993
1.1975178931 -5.7966707325 0.0368870009
1.2551111537 -5.7960003461 0.0372291778
1.3126913702 -5.7947521691 0.0375774504
1.3702526981 -5.7929252044 0.0379319419
1.4277892819 -5.7905185119 0.0382927784
1.4852952558 -5.7875312078 0.0386600890
1.5427647441 -5.7839624656 0.0390340057
1.6001918618 -5.7798115159 0.0394146637
1.6575707152 -5.7750776467 0.0398022012
1.7148954021 -5.7697602037 0.0401967597
1.7721600129 -5.7638585903 0.0405984842
1.8293586308 -5.7573722680 0.0410075227
1.8864853323 -5.7503007563 0.0414240270
1.9435341879 -5.7426436334 0.0418481524
2.0004992628 -5.7344005357 0.0422800575
2.0573746168 -5.7255711585 0.0427199051
2.1141543057 -5.7161552559 0.0431678614
2.1708323814 -5.7061526410 0.0436240967
2.2274028923 -5.6955631861 0.0440887851
2.2838598842 -5.6843868230 0.0445621051
2.3401974009 -5.6726235427 0.0450442387
2.3964094841 -5.6602733960 0.0455353729
2.4524901748 -5.6473364934 0.0460356986
2.5084335134 -5.6338130053 0.0465454112
2.5642335403 -5.6197031620 0.0470647105
2.6198842963 -5.6050072540 0.0475938012
2.6753798235 -5.5897256320 0.0481328928
2.7307141659 -5.5738587071 0.0486821992
2.7858813697 -5.5574069508 0.0492419393
2.8408754832 -5.5403708950 0.0498123375
2.8956905587 -5.5227511323 0.0503936230
2.9503206526 -5.5045483162 0.0509860304
3.0047598254 -5.4857631607 0.0515897993
3.0590021427 -5.4663964408 0.0522051751
3.1130416754 -5.4464489924 0.0528324087
3.1668725011 -5.4259217124 0.0534717568
3.2204887037 -5.4048155587 0.0541234816
3.2738843744 -5.3831315504 0.0547878515
3.3270536120 -5.3608707677 0.0554651408
3.3799905240 -5.3380343519 0.0561556300
3.4326892267 -5.3146235057 0.0568596056
3.4851438456 -5.2906394929 0.0575773608
3.5373485163 -5.2660836387 0.0583091951
3.5892973849 -5.2409573295 0.0590554146
3.6409846089 -5.2152620131 0.0598163321
3.6924043569 -5.1889991986 0.0605922673
3.7435508099 -5.1621704565 0.0613835467
3.7944181618 -5.1347774184 0.0621905039
3.8450006195 -5.1068217775 0.0630134796
3.8952924037 -5.0783052881 0.0638528218
3.9452877496 -5.0492297660 0.0647088858
3.9949809072 -5.0195970881 0.0655820345
4.0443661418 -4.9894091925 0.0664726381
4.0934377347 -4.9586680787 0.0673810748
4.1421899839 -4.9273758071 0.0683077302
4.1906172041 -4.8955344996 0.0692529979
4.2387137277 -4.8631463388 0.0702172797
4.2864739052 -4.8302135685 0.0712009849
4.3338921056 -4.7967384934 0.0722045312
4.3809627170 -4.7627234790 0.0732283446
4.4276801475 -4.7281709519 0.0742728590
4.4740388250 -4.6930833990 0.0753385168
4.5200331983 -4.6574633683 0.0764257687
4.5656577372 -4.6213134681 0.0775350738
4.6109069337 -4.5846363671 0.0786668997
4.6557753017 -4.5474347947 0.0798217224
4.7002573779 -4.5097115401 0.0810000263
4.7443477226 -4.4714694532 0.0822023046
4.7880409196 -4.4327114434 0.0834290585
4.8313315772 -4.3934404804 0.0846807982
4.8742143285 -4.3536595935 0.0859580420
4.9166838320 -4.3133718718 0.0872613168
4.9587347721 -4.2725804638 0.0885911578
5.0003618594 -4.2312885774 0.0899481085
5.0415598319 -4.1894994798 0.0913327205
5.0823234543 -4.1472164972 0.0927455538
5.1226475197 -4.1044430149 0.0941871761
5.1625268497 -4.0611824766 0.0956581630
5.2019562944 -4.0174383850 0.0971590979
5.2409307336 -3.9732143010 0.0986905716
5.2794450772 -3.9285138436 0.1002531823
5.3174942654 -3.8833406902 0.1018475351
5.3550732693 -3.8376985757 0.1034742421
5.3921770916 -3.7915912930 0.1051339217
5.4288007670 -3.7450226920 0.1068271987
5.4649393627 -3.6979966804 0.1085547037
5.5005879788 -3.6505172225 0.1103170729
5.5357417492 -3.6025883395 0.1121149472
5.5703958417 -3.5542141095 0.1139489728
5.6045454585 -3.5053986666 0.1158197994
5.6381858374 -3.4561462011 0.1177280807
5.6713122514 -3.4064609593 0.1196744734
5.7039200096 -3.3563472432 0.1216596370
5.7360044583 -3.3058094098 0.1236842322
5.7675609806 -3.2548518715 0.1257489215
5.7985849973 -3.2034790958 0.1278543675
5.8290719679 -3.1516956044 0.1300012326
5.8590173907 -3.0995059733 0.1321901779
5.8884168031 -3.0469148328 0.1344218626
5.9172657826 -2.9939268668 0.1366969428
5.9455599477 -2.9405468126 0.1390160706
5.9732949576 -2.8867794607 0.1413798931
6.0004665131 -2.8326296545 0.1437890514
6.0270703578 -2.7781022898 0.1462441789
6.0531022780 -2.7232023145 0.1487459008
6.0785581034 -2.6679347287 0.1512948325
6.1034337079 -2.6123045837 0.1538915779
6.1277250106 -2.5563169823 0.1565367284
6.1514279755 -2.4999770777 0.1592308612
6.1745386128 -2.4432900741 0.1619745381
6.1970529796 -2.3862612255 0.1647683031
6.2189671807 -2.3288958356 0.1676126812
6.2402773685 -2.2711992577 0.1705081771
6.2609797443 -2.2131768941 0.1734552721
6.2810705595 -2.1548341954 0.1764544230
6.3005461154 -2.0961766606 0.1795060601
6.3194027644 -2.0372098365 0.1826105851
6.3376369105 -1.9779393173 0.1857683685
6.3552450110 -1.9183707438 0.1889797472
6.3722235764 -1.8585098035 0.1922450234
6.3885691707 -1.7983622302 0.1955644614
6.4042784141 -1.7379338030 0.1989382844
6.4193479824 -1.6772303461 0.2023666729
6.4337746082 -1.6162577283 0.2058497625
6.4475550816 -1.5550218631 0.2093876403
6.4606862521 -1.4935287071 0.2129803419
6.4731650286 -1.4317842601 0.2166278493
6.4849883806 -1.3697945647 0.2203300885
6.4961533389 -1.3075657059 0.2240869258
6.5066569978 -1.2451038099 0.2278981637
6.5164965151 -1.1824150438 0.2317635399
6.5256691132 -1.1195056155 0.2356827236
6.5341720802 -1.0563817730 0.2396553124
6.5420027720 -0.9930498033 0.2436808273
6.5491586124 -0.9295160319 0.2477587120
6.5556370947 -0.8657868226 0.2518883291
6.5614357822 -0.8018685771 0.2560689568
6.5665523108 -0.7377677336 0.2602997839
6.5709843896 -0.6734907661 0.2645799083
6.5747298019 -0.6090441845 0.2689083346
6.5777864059 -0.5444345339 0.2732839698
6.5801521379 -0.4796683932 0.2777056191
6.5818250125 -0.4147523746 0.2821719834
6.5828031240 -0.3496931228 0.2866816583
6.5830846475 -0.2844973152 0.2912331289
6.5826678408 -0.2191716604 0.2958247671
6.5815510467 -0.1537228965 0.3004548284
6.5797326926 -0.0881577921 0.3051214515
6.5772112931 -0.0224831443 0.3098226533
6.5739854517 0.0432942215 0.3145563272
6.5700538618 0.1091674530 0.3193202411
6.5654153082 0.1751296714 0.3241120353
6.5600686693 0.2411739723 0.3289292198
6.5540129180 0.3072934271 0.3337691738
6.5472471233 0.3734810831 0.3386291433
6.5397704522 0.4397299650 0.3435062400
6.5315821714 0.5060330761 0.3483974407
6.5226816481 0.5723833982 0.3532995863
6.5130683522 0.6387738935 0.3582093813
6.5027418581 0.7051975054 0.3631233938
6.4917018454 0.7716471597 0.3680380564
6.4799481008 0.8381157647 0.3729496652
6.4674805201 0.9045962131 0.3778543823
6.4542991093 0.9710813834 0.3827482368
6.4404039858 1.0375641404 0.3876271265
6.4257953799 1.1040373354 0.3924868186
6.4104736367 1.1704938089 0.3973229547
6.3944392176 1.2369263915 0.4021310537
6.3776927004 1.3033279045 0.4069065132
6.3602347814 1.3696911606 0.4116446140
6.3420662768 1.4360089658 0.4163405262
6.3231881240 1.5022741211 0.4209893150
6.3036013816 1.5684794229 0.4255859424
6.2833072313 1.6346176640 0.4301252749
6.2623069787 1.7006816350 0.4346020907
6.2406020543 1.7666641265 0.4390110894
6.2181940140 1.8325579297 0.4433468938
6.1950845397 1.8983558368 0.4476040602
6.1712754401 1.9640506430 0.4517770879
6.1467686516 2.0296351487 0.4558604317
6.1215662378 2.0951021595 0.4598485043
6.0956703902 2.1604444878 0.4637356895
6.0690834288 2.2256549537 0.4675163534
6.0418078014 2.2907263876 0.4711848593
6.0138460838 2.3556516308 0.4747355713
5.9852009798 2.4204235359 0.4781628694
5.9558753207 2.4850349690 0.4814611633
5.9258720644 2.5494788115 0.4846249079
5.8951942953 2.6137479607 0.4876486084
5.8638452238 2.6778353307 0.4905268372
5.8318281843 2.7417338540 0.4932542500
5.7991466349 2.8054364838 0.4958256003
5.7658041562 2.8689361943 0.4982357466
5.7318044499 2.9322259813 0.5004796700
5.6971513368 2.9952988645 0.5025524925
5.6618487551 3.0581478891 0.5044494885
5.6259007596 3.1207661260 0.5061660952
5.5893115189 3.1831466730 0.5076979291
5.5520853129 3.2452826566 0.5090408057
5.5142265308 3.3071672335 0.5101907470
5.4757396694 3.3687935906 0.5111439949
5.4366293300 3.4301549464 0.5118970268
5.3969002143 3.4912445530 0.5124465725
5.3565571238 3.5520556967 0.5127896195
5.3156049558 3.6125816981 0.5129234281
5.2740486999 3.6728159144 0.5128455450
5.2318934342 3.7327517399 0.5125538145
5.1891443240 3.7923826073 0.5120463849
5.1458066168 3.8517019874 0.5113217207
5.1018856383 3.9107033912 0.5103786140
5.0573867892 3.9693803710 0.5092161897
5.0123155424 4.0277265201 0.5078339129
4.9666774382 4.0857354737 0.5062315960
4.9204780792 4.1434009107 0.5044094062
4.8737231287 4.2007165537 0.5023678669
4.8264183057 4.2576761694 0.5001078628
4.7785693799 4.3142735693 0.4976306423
4.7301821682 4.3705026112 0.4949378192
4.6812625312 4.4263571988 0.4920313722
4.6318163694 4.4818312821 0.4889136452
4.5818496167 4.5369188583 0.4855873436
4.5313682386 4.5916139726 0.4820555328
4.4803782277 4.6459107180 0.4783216338
4.4288856002 4.6998032353 0.4743894182
4.3768963893 4.7532857142 0.4702629979
4.3244166443 4.8063523935 0.4659468223
4.2714524262 4.8589975609 0.4614456682
4.2180098035 4.9112155530 0.4567646308
4.1640948473 4.9630007561 0.4519091054
4.1097136299 5.0143476063 0.4468847846
4.0548722210 5.0652505894 0.4416976429
3.9995766849 5.1157042402 0.4363539268
3.9438330748 5.1657031434 0.4308601252
3.8876474315 5.2152419337 0.4252229629
3.8310257825 5.2643152958 0.4194493947
3.7739741372 5.3129179636 0.4135465754
3.7164984847 5.3610447200 0.4075218444
3.6586047912 5.4086903978 0.4013827014
3.6002989991 5.4558498794 0.3951368017
3.5415870247 5.5025180960 0.3887919296
3.4824747565 5.5486900273 0.3823559793
3.4229680527 5.5943607021 0.3758369249
3.3630727414 5.6395251981 0.3692428168
3.3027946190 5.6841786411 0.3625817558
3.2421394491 5.7283162045 0.3558618708
3.1811129621 5.7719331100 0.3490912918
3.1197208543 5.8150246270 0.3422781426
3.0579687884 5.8575860724 0.3354305166
2.9958623929 5.8996128097 0.3285564555
2.9334072624 5.9411002494 0.3216639238
2.8706089576 5.9820438493 0.3147608017
2.8074730063 6.0224391132 0.3078548636
2.7440049041 6.0622815905 0.3009537592
2.6802101155 6.1015668771 0.2940649867
2.6160940736 6.1402906148 0.2871958901
2.5516621823 6.1784484908 0.2803536425
2.4869198185 6.2160362374 0.2735452245
2.4218723323 6.2530496321 0.2667774118
2.3565250488 6.2894844976 0.2600567654
2.2908832709 6.3253367010 0.2533896176
2.2249522797 6.3606021546 0.2467820594
2.1587373377 6.3952768149 0.2402399335
2.0922436906 6.4293566830 0.2337688224
2.0254765690 6.4628378047 0.2273740411
1.9584411913 6.4957162697 0.2210606315
1.8911427656 6.5279882124 0.2148333539
1.8235864924 6.5596498115 0.2086966838
1.7557775668 6.5906972899 0.2026548080
1.6877211809 6.6211269152 0.1967116203
1.6194225269 6.6509349992 0.1908707218
1.5508867985 6.6801178987 0.1851354178
1.4821191944 6.7086720147 0.1795087205
1.4131249204 6.7365937935 0.1739933475
1.3439091919 6.7638797262 0.1685917263
1.2744772361 6.7905263493 0.1633059954
1.2048342949 6.8165302445 0.1581380095
1.1349856269 6.8418880396 0.1530893431
1.0649365099 6.8665964081 0.1481612968
0.9946922430 6.8906520698 0.1433549029
0.9242581488 6.9140517912 0.1386709322
0.8536395758 6.9367923856 0.1341099023
0.7828418999 6.9588707137 0.1296720841
0.7118705269 6.9802836839 0.1253575122
0.6407308938 7.0010282525 0.1211659924
0.5694284711 7.0211014246 0.1170971119
0.4979687642 7.0405002538 0.1131502492
0.4263573146 7.0592218436 0.1093245837
0.3545997019 7.0772633469 0.1056191067
0.2827015451 7.0946219672 0.1020326315
0.2106685032 7.1112949589 0.0985638044
0.1385062771 7.1272796276 0.0952111153
0.0662206099 7.1425733309 0.0919729091
-0.0061827115 7.1571734786 0.0888473959
-0.0786978565 7.1710775337 0.0858326623
-0.1513189494 7.1842830127 0.0829266823
-0.2240400691 7.1967874860 0.0801273276
-0.2968552491 7.2085885788 0.0774323781
-0.3697584763 7.2196839714 0.0748395326
-0.4427436917 7.2300713999 0.0723464186
-0.5158047897 7.2397486568 0.0699506019
-0.5889356185 7.2487135914 0.0676495965
-0.6621299797 7.2569641107 0.0654408736
-0.7353816291 7.2644981797 0.0633218706
-0.8086842764 7.2713138219 0.0612899995
-0.8820315861 7.2774091203 0.0593426550
-0.9554171776 7.2827822176 0.0574772225
-1.0288346259 7.2874313168 0.0556910852
-1.1022774621 7.2913546819 0.0539816313
-1.1757391744 7.2945506384 0.0523462603
-1.2492132084 7.2970175738 0.0507823892
-1.3226929682 7.2987539384 0.0492874585
-1.3961718175 7.2997582452 0.0478589370
-1.4696430800 7.3000290713 0.0464943272
-1.5431000408 7.2995650577 0.0451911692
-1.6165359475 7.2983649101 0.0439470454
-1.6899440109 7.2964273996 0.0427595837
-1.7633174065 7.2937513627 0.0416264609
-1.8366492755 7.2903357023 0.0405454057
-1.9099327260 7.2861793876 0.0395142012
-1.9831608342 7.2812814554 0.0385306870
-2.0563266457 7.2756410094 0.0375927611
-2.1294231769 7.2692572218 0.0366983818
-2.2024434160 7.2621293330 0.0358455680
-2.2753803244 7.2542566521 0.0350324012
-2.3482268383 7.2456385575 0.0342570254
-2.4209758695 7.2362744972 0.0335176479
-2.4936203073 7.2261639891 0.0328125393
-2.5661530192 7.2153066215 0.0321400333
-2.6385668530 7.2037020533 0.0314985266
-2.7108546374 7.1913500145 0.0308864786
-2.7830091839 7.1782503063 0.0303024102
-2.8550232876 7.1644028017 0.0297449036
-2.9268897291 7.1498074454 0.0292126007
-2.9986012754 7.1344642546 0.0287042026
-3.0701506813 7.1183733189 0.0282184682
-3.1415306908 7.1015348005 0.0277542126
-3.2127340383 7.0839489349 0.0273103062
-3.2837534497 7.0656160306 0.0268856727
-3.3545816443 7.0465364697 0.0264792882
-3.4252113351 7.0267107078 0.0260901789
-3.4956352309 7.0061392746 0.0257174200
-3.5658460370 6.9848227739 0.0253601338
-3.6358364566 6.9627618834 0.0250174881
-3.7055991918 6.9399573555 0.0246886946
-3.7751269452 6.9164100170 0.0243730069
-3.8444124206 6.8921207696 0.0240697191
-3.9134483243 6.8670905896 0.0237781642
-3.9822273664 6.8413205284 0.0234977121
-4.0507422616 6.8148117124 0.0232277679
-4.1189857306 6.7875653431 0.0229677710
-4.1869505010 6.7595826973 0.0227171926
-4.2546293084 6.7308651271 0.0224755348
-4.3220148974 6.7014140600 0.0222423287
-4.3891000229 6.6712309990 0.0220171332
-4.4558774507 6.6403175223 0.0217995335
-4.5223399588 6.6086752839 0.0215891394
-4.5884803385 6.5763060133 0.0213855847
-4.6542913950 6.5432115155 0.0211885249
-4.7197659487 6.5093936709 0.0209976371
-4.7848968361 6.4748544358 0.0208126177
-4.8496769105 6.4395958418 0.0206331822
-4.9140990434 6.4036199959 0.0204590634
-4.9781561250 6.3669290810 0.0202900108
-5.0418410653 6.3295253550 0.0201257895
-5.1051467950 6.2914111515 0.0199661791
-5.1680662664 6.2525888792 0.0198109729
-5.2305924541 6.2130610222 0.0196599772
-5.2927183564 6.1728301398 0.0195130103
-5.3544369953 6.1318988663 0.0193699017
-5.4157414184 6.0902699110 0.0192304915
-5.4766246989 6.0479460581 0.0190946299
-5.5370799367 6.0049301667 0.0189621759
-5.5971002596 5.9612251704 0.0188329975
-5.6566788236 5.9168340773 0.0187069706
-5.7158088140 5.8717599701 0.0185839787
-5.7744834461 5.8260060055 0.0184639123
-5.8326959663 5.7795754145 0.0183466683
-5.8904396525 5.7324715018 0.0182321500
-5.9477078150 5.6846976459 0.0181202661
-6.0044937976 5.6362572990 0.0180109309
-6.0607909779 5.5871539865 0.0179040634
-6.1165927686 5.5373913071 0.0177995873
-6.1718926179 5.4869729324 0.0176974306
-6.2266840102 5.4359026067 0.0175975253
-6.2809604673 5.3841841470 0.0174998073
-6.3347155489 5.3318214424 0.0174042157
-6.3879428531 5.2788184542 0.0173106929
-6.4406360177 5.2251792154 0.0172191846
-6.4927887205 5.1709078308 0.0171296391
-6.5443946802 5.1160084762 0.0170420073
-6.5954476573 5.0604853985 0.0169562427
-6.6459414544 5.0043429156 0.0168723010
-6.6958699175 4.9475854156 0.0167901402
-6.7452269362 4.8902173567 0.0167097201
-6.7940064446 4.8322432673 0.0166310026
-6.8422024223 4.7736677450 0.0165539512
-6.8898088947 4.7144954570 0.0164785311
-6.9368199340 4.6547311391 0.0164047092
-6.9832296595 4.5943795958 0.0163324537
-7.0290322389 4.5334456998 0.0162617341
-7.0742218885 4.4719343919 0.0161925214
-7.1187928741 4.4098506803 0.0161247878
-7.1627395116 4.3471996401 0.0160585064
-7.2060561678 4.2839864137 0.0159936517
-7.2487372610 4.2202162097 0.0159301990
-7.2907772616 4.1558943025 0.0158681247
-7.3321706928 4.0910260326 0.0158074061
-7.3729121316 4.0256168055 0.0157480213
-7.4129962088 3.9596720914 0.0156899493
-7.4524176102 3.8931974253 0.0156331698
-7.4911710771 3.8261984058 0.0155776633
-7.5292514068 3.7586806954 0.0155234112
-7.5666534534 3.6906500194 0.0154703952
-7.6033721285 3.6221121662 0.0154185980
-7.6394024016 3.5530729860 0.0153680028
-7.6747393009 3.4835383911 0.0153185933
-7.7093779137 3.4135143549 0.0152703538
-7.7433133875 3.3430069117 0.0152232694
-7.7765409301 3.2720221563 0.0151773254
-7.8090558104 3.2005662432 0.0151325079
-7.8408533590 3.1286453863 0.0150888031
-7.8719289689 3.0562658583 0.0150461982
-7.9022780960 2.9834339904 0.0150046804
-7.9318962594 2.9101561715 0.0149642375
-7.9607790427 2.8364388481 0.0149248578
-7.9889220937 2.7622885232 0.0148865301
-8.0163211257 2.6877117561 0.0148492433
-8.0429719177 2.6127151620 0.0148129868
-8.0688703149 2.5373054110 0.0147777507
-8.0940122295 2.4614892280 0.0147435250
-8.1183936411 2.3852733919 0.0147103003
-8.1420105973 2.3086647350 0.0146780676
-8.1648592140 2.2316701427 0.0146468181
-8.1869356764 2.1542965525 0.0146165434
-8.2082362391 2.0765509537 0.0145872355
-8.2287572268 1.9984403868 0.0145588866
-8.2484950348 1.9199719428 0.0145314892
-8.2674461295 1.8411527624 0.0145050361
-8.2856070487 1.7619900361 0.0144795207
-8.3029744027 1.6824910026 0.0144549363
-8.3195448739 1.6026629490 0.0144312766
-8.3353152180 1.5225132096 0.0144085357
-8.3502822641 1.4420491656 0.0143867079
-8.3644429155 1.3612782444 0.0143657878
-8.3777941498 1.2802079187 0.0143457702
-8.3903330193 1.1988457064 0.0143266502
-8.4020566521 1.1171991691 0.0143084233
-8.4129622517 1.0352759123 0.0142910849
-8.4230470981 0.9530835842 0.0142746311
-8.4323085477 0.8706298751 0.0142590579
-8.4407440342 0.7879225168 0.0142443618
-8.4483510686 0.7049692821 0.0142305394
-8.4551272400 0.6217779834 0.0142175875
-8.4610702155 0.5383564730 0.0142055032
-8.4661777413 0.4547126417 0.0141942841
-8.4704476423 0.3708544179 0.0141839275
-8.4738778230 0.2867897679 0.0141744313
-8.4764662677 0.2025266941 0.0141657937
-8.4782110410 0.1180732347 0.0141580129
-8.4791102878 0.0334374631 0.0141510874
-8.4791622342 -0.0513725130 0.0141450159
-8.4783651872 -0.1363485524 0.0141397975
-8.4767175356 -0.2214824809 0.0141354314
-8.4742177501 -0.3067660924 0.0141319170
-8.4708643834 -0.3921911493 0.0141292540
-8.4666560711 -0.4777493836 0.0141274422
-8.4615915312 -0.5634324974 0.0141264818
-8.4556695651 -0.6492321638 0.0141263730
-8.4488890575 -0.7351400276 0.0141271166
-8.4412489770 -0.8211477064 0.0141287132
-8.4327483759 -0.9072467906 0.0141311640
-8.4233863907 -0.9934288451 0.0141344700
-8.4131622428 -1.0796854096 0.0141386329
-8.4020752380 -1.1660079995 0.0141436542
-8.3901247671 -1.2523881065 0.0141495360
-8.3773103061 -1.3388171998 0.0141562804
-8.3636314168 -1.4252867270 0.0141638898
-8.3490877462 -1.5117881139 0.0141723668
-8.3336790272 -1.5983127663 0.0141817143
-8.3174050791 -1.6848520709 0.0141919354
-8.3002658073 -1.7713973958 0.0142030333
-8.2822612036 -1.8579400907 0.0142150118
-8.2633913464 -1.9444714885 0.0142278745
-8.2436564008 -2.0309829064 0.0142416256
-8.2230566193 -2.1174656462 0.0142562693
-8.2015923410 -2.2039109950 0.0142718102
-8.1792639923 -2.2903102260 0.0142882532
-8.1560720873 -2.3766546004 0.0143056032
-8.1320172274 -2.4629353673 0.0143238656
-8.1071001016 -2.5491437640 0.0143430460
-8.0813214866 -2.6352710185 0.0143631502
-8.0546822471 -2.7213083491 0.0143841843
-8.0271833355 -2.8072469655 0.0144061547
-7.9988257924 -2.8930780699 0.0144290680
-7.9696107463 -2.9787928577 0.0144529312
-7.9395394141 -3.0643825185 0.0144777516
-7.9086131007 -3.1498382368 0.0145035365
-7.8768331992 -3.2351511930 0.0145302939
-7.8442011913 -3.3203125642 0.0145580317
-7.8107186466 -3.4053135250 0.0145867585
-7.7763872234 -3.4901452488 0.0146164829
-7.7412086682 -3.5747989080 0.0146472139
-7.7051848158 -3.6592656755 0.0146789609
-7.6683175897 -3.7435367253 0.0147117335
-7.6306090013 -3.8276032333 0.0147455418
-7.5920611505 -3.9114563784 0.0147803960
-7.5526762257 -3.9950873434 0.0148163068
-7.5124565034 -4.0784873156 0.0148532854
-7.4714043481 -4.1616474881 0.0148913430
-7.4295222128 -4.2445590602 0.0149304914
-7.3868126383 -4.3272132389 0.0149707427
-7.3432782538 -4.4096012391 0.0150121095
-7.2989217760 -4.4917142853 0.0150546046
-7.2537460097 -4.5735436116 0.0150982414
-7.2077538474 -4.6550804636 0.0151430336
-7.1609482691 -4.7363160982 0.0151889952
-7.1133323424 -4.8172417855 0.0152361409
-7.0649092224 -4.8978488091 0.0152844855
-7.0156821512 -4.9781284671 0.0153340447
-6.9656544582 -5.0580720732 0.0153848342
-6.9148295597 -5.1376709574 0.0154368704
-6.8632109586 -5.2169164670 0.0154901701
-6.8108022447 -5.2957999674 0.0155447507
-6.7576070940 -5.3743128432 0.0156006301
-6.7036292689 -5.4524464989 0.0156578265
-6.6488726177 -5.5301923600 0.0157163590
-6.5933410746 -5.6075418735 0.0157762468
-6.5370386593 -5.6844865094 0.0158375101
-6.4799694772 -5.7610177612 0.0159001693
-6.4221377184 -5.8371271469 0.0159642457
-6.3635476584 -5.9128062096 0.0160297610
-6.3042036569 -5.9880465192 0.0160967375
-6.2441101582 -6.0628396724 0.0161651984
-6.1832716908 -6.1371772941 0.0162351673
-6.1216928670 -6.2110510383 0.0163066686
-6.0593783826 -6.2844525886 0.0163797272
-5.9963330167 -6.3573736597 0.0164543691
-5.9325616313 -6.4298059977 0.0165306206
-5.8680691711 -6.5017413814 0.0166085090
-5.8028606632 -6.5731716230 0.0166880624
-5.7369412165 -6.6440885692 0.0167693096
-5.6703160218 -6.7144841015 0.0168522803
-5.6029903510 -6.7843501381 0.0169370049
-5.5349695569 -6.8536786337 0.0170235148
-5.4662590731 -6.9224615811 0.0171118424
-5.3968644134 -6.9906910118 0.0172020208
-5.3267911711 -7.0583589971 0.0172940841
-5.2560450193 -7.1254576487 0.0173880676
-5.1846317099 -7.1919791195 0.0174840073
-5.1125570736 -7.2579156049 0.0175819405
-5.0398270192 -7.3232593435 0.0176819055
-4.9664475333 -7.3880026176 0.0177839417
-4.8924246799 -7.4521377546 0.0178880896
-4.8177645998 -7.5156571276 0.0179943910
-4.7424735103 -7.5785531562 0.0181028888
-4.6665577048 -7.6408183074 0.0182136272
-4.5900235522 -7.7024450968 0.0183266518
-4.5128774964 -7.7634260887 0.0184420095
-4.4351260558 -7.8237538976 0.0185597485
-4.3567758232 -7.8834211890 0.0186799185
-4.2778334647 -7.9424206799 0.0188025707
-4.1983057196 -8.0007451397 0.0189277579
-4.1181993997 -8.0583873914 0.0190555344
-4.0375213890 -8.1153403121 0.0191859562
-3.9562786430 -8.1715968337 0.0193190808
-3.8744781879 -8.2271499443 0.0194549677
-3.7921271207 -8.2819926883 0.0195936782
-3.7092326082 -8.3361181678 0.0197352754
-3.6258018864 -8.3895195430 0.0198798243
-3.5418422602 -8.4421900334 0.0200273920
-3.4573611026 -8.4941229182 0.0201780477
-3.3723658542 -8.5453115373 0.0203318628
-3.2868640227 -8.5957492922 0.0204889107
-3.2008631823 -8.6454296466 0.0206492674
-3.1143709727 -8.6943461273 0.0208130111
-3.0273950991 -8.7424923249 0.0209802227
-2.9399433313 -8.7898618945 0.0211509855
-2.8520235028 -8.8364485569 0.0213253855
-2.7636435107 -8.8822460988 0.0215035116
-2.6748113146 -8.9272483740 0.0216854554
-2.5855349365 -8.9714493038 0.0218713117
-2.4958224594 -9.0148428780 0.0220611782
-2.4056820272 -9.0574231558 0.0222551560
-2.3151218440 -9.0991842659 0.0224533492
-2.2241501732 -9.1401204081 0.0226558659
-2.1327753369 -9.1802258533 0.0228628173
-2.0410057155 -9.2194949447 0.0230743187
-1.9488497464 -9.2579220983 0.0232904890
-1.8563159241 -9.2955018035 0.0235114514
-1.7634127987 -9.3322286244 0.0237373330
-1.6701489759 -9.3680971995 0.0239682657
-1.5765331158 -9.4031022435 0.0242043854
-1.4825739323 -9.4372385472 0.0244458332
-1.3882801927 -9.4705009786 0.0246927548
-1.2936607164 -9.5028844833 0.0249453011
-1.1987243747 -9.5343840853 0.0252036283
-1.1034800897 -9.5649948881 0.0254678983
-1.0079368340 -9.5947120744 0.0257382784
-0.9121036293 -9.6235309076 0.0260149422
-0.8159895462 -9.6514467323 0.0262980695
-0.7196037035 -9.6784549746 0.0265878465
-0.6229552667 -9.7045511429 0.0268844662
-0.5260534483 -9.7297308289 0.0271881288
-0.4289075063 -9.7539897076 0.0274990418
-0.3315267434 -9.7773235384 0.0278174202
-0.2339205069 -9.7997281655 0.0281434872
-0.1360981872 -9.8211995187 0.0284774745
-0.0380692174 -9.8417336137 0.0288196221
0.0601569274 -9.8613265528 0.0291701794
0.1585707313 -9.8799745258 0.0295294053
0.2571626377 -9.8976738102 0.0298975685
0.3559230510 -9.9144207717 0.0302749480
0.4548423363 -9.9302118654 0.0306618339
0.5539108212 -9.9450436356 0.0310585273
0.6531187958 -9.9589127168 0.0314653412
0.7524565140 -9.9718158341 0.0318826011
0.8519141940 -9.9837498038 0.0323106451
0.9514820192 -9.9947115341 0.0327498251
1.0511501390 -10.0046980251 0.0332005068
1.1509086695 -10.0137063699 0.0336630710
1.2507476942 -10.0217337549 0.0341379138
1.3506572651 -10.0287774601 0.0346254474
1.4506274030 -10.0348348600 0.0351261010
1.5506480989 -10.0399034238 0.0356403216
1.6507093141 -10.0439807158 0.0361685746
1.7508009813 -10.0470643964 0.0367113451
1.8509130055 -10.0491522220 0.0372691384
1.9510352645 -10.0502420458 0.0378424812
2.0511576096 -10.0503318179 0.0384319228
2.1512698668 -10.0494195865 0.0390380356
2.2513618369 -10.0475034973 0.0396614169
2.3514232967 -10.0445817950 0.0403026902
2.4514439996 -10.0406528229 0.0409625055
2.5514136762 -10.0357150238 0.0416415415
2.6513220352 -10.0297669403 0.0423405070
2.7511587638 -10.0228072152 0.0430601422
2.8509135289 -10.0148345919 0.0438012199
2.9505759769 -10.0058479147 0.0445645480
3.0501357354 -9.9958461295 0.0453509708
3.1495824133 -9.9848282841 0.0461613705
3.2489056010 -9.9727935281 0.0469966698
3.3480948720 -9.9597411141 0.0478578339
3.4471397827 -9.9456703974 0.0487458723
3.5460298733 -9.9305808368 0.0496618414
3.6447546682 -9.9144719948 0.0506068469
3.7433036769 -9.8973435377 0.0515820465
3.8416663939 -9.8791952364 0.0525886523
3.9398322997 -9.8600269668 0.0536279345
4.0377908612 -9.8398387095 0.0547012231
4.1355315317 -9.8186305508 0.0558099127
4.2330437520 -9.7964026827 0.0569554650
4.3303169501 -9.7731554036 0.0581394123
4.4273405418 -9.7488891180 0.0593633623
4.5241039313 -9.7236043376 0.0606290011
4.6205965108 -9.6973016809 0.0619380983
4.7168076613 -9.6699818741 0.0632925113
4.8127267528 -9.6416457511 0.0646941901
4.9083431436 -9.6122942541 0.0661451822
5.0036461816 -9.5819284336 0.0676476392
5.0986252032 -9.5505494488 0.0692038206
5.1932695341 -9.5181585683 0.0708161020
5.2875684888 -9.4847571700 0.0724869804
5.3815113705 -9.4503467414 0.0742190810
5.4750874706 -9.4149288805 0.0760151655
5.5682860694 -9.3785052954 0.0778781390
5.6610964343 -9.3410778051 0.0798110578
5.7535078205 -9.3026483399 0.0818171404
5.8455094701 -9.2632189412 0.0838997737
5.9370906109 -9.2227917627 0.0860625245
6.0282404568 -9.1813690700 0.0883091512
6.1189482061 -9.1389532414 0.0906436118
6.2092030406 -9.0955467682 0.0930700778
6.2989941250 -9.0511522548 0.0955929478
6.3883106056 -9.0057724198 0.0982168573
6.4771416084 -8.9594100957 0.1009466949
6.5654762381 -8.9120682296 0.1037876199
6.6533035772 -8.8637498838 0.1067450732
6.7406126827 -8.8144582361 0.1098247949
6.8273925849 -8.7641965804 0.1130328489
6.9136322860 -8.7129683270 0.1163756353
6.9993207570 -8.6607770034 0.1198599094
7.0844469348 -8.6076262545 0.1234928077
7.1689997197 -8.5535198439 0.1272818762
7.2529679740 -8.4984616535 0.1312350810
7.3363405170 -8.4424556849 0.1353608399
7.4191061211 -8.3855060598 0.1396680569
7.5012535092 -8.3276170211 0.1441661491
7.5827713518 -8.2687929329 0.1488650671
7.6636482605 -8.2090382819 0.1537753349
7.7438727829 -8.1483576781 0.1589080959
7.8234334002 -8.0867558558 0.1642751348
7.9023185203 -8.0242376743 0.1698889188
7.9805164712 -7.9608081190 0.1757626492
8.0580154957 -7.8964723029 0.1819103026
8.1348037454 -7.8312354669 0.1883466699
8.2108692718 -7.7651029818 0.1950874178
8.2862000196 -7.6980803492 0.2021491405
8.3607838191 -7.6301732030 0.2095494079
8.4346083759 -7.5613873106 0.2173068388
8.5076612628 -7.4917285750 0.2254411560
8.5799299092 -7.4212030359 0.2339732553
8.6514015900 -7.3498168718 0.2429252843
8.7220634154 -7.2775764015 0.2523207079
8.7919023170 -7.2044880869 0.2621844009
8.8609050364 -7.1305585340 0.2725427240
8.9290581099 -7.0557944961 0.2834236215
8.9963478548 -6.9802028758 0.2948567141
9.0627603529 -6.9037907276 0.3068734011
9.1282814342 -6.8265652608 0.3195069693
9.1928966586 -6.7485338421 0.3327927047
9.2565912971 -6.6697039993 0.3467680146
9.3193503119 -6.5900834238 0.3614725523
9.3811583344 -6.5096799747 0.3769483524
9.4419996424 -6.4285016827 0.3932399704
9.5018581367 -6.3465567535 0.4103946306
9.5607173140 -6.2638535725 0.4284623842
9.6185602414 -6.1804007092 0.4474962681
9.6753695257 -6.0962069220 0.4675524834
9.7311272844 -6.0112811634 0.4886905679
9.7858151122 -5.9256325855 0.5109735910
9.8394140473 -5.8392705455 0.5344683463
9.8919045355 -5.7522046122 0.5592455576
9.9432663908 -5.6644445725 0.5853800952
9.9934787566 -5.5760004381 0.6129511939
10.0425200621 -5.4868824533 0.6420426878
10.0903679776 -5.3971011024 0.6727432460
10.1369993683 -5.3066671181 0.7051466181
10.1823902431 -5.2155914906 0.7393518911
10.2265157042 -5.1238854769 0.7754637447
10.2693498919 -5.0315606100 0.8135927173
10.3108659267 -4.9386287105 0.8538554785
10.3510358512 -4.8451018966 0.8963750981
10.3898305665 -4.7509925966 0.9412813217
10.4272197674 -4.6563135607 0.9887108476
10.4631718752 -4.5610778746 1.0388075955
10.4976539677 -4.4652989725 1.0917229747
10.5306317054 -4.3689906525 1.1476161469
10.5620692579 -4.2721670913 1.2066542709
10.5919292260 -4.1748428603 1.2690127380
10.6201725618 -4.0770329430 1.3348753883
10.6467584882 -3.9787527519 1.4044346993
10.6716444158 -3.8800181477 1.4778919460
10.6947858591 -3.7808454588 1.5554573266
10.7161363508 -3.6812515011 1.6373500439
10.7356473574 -3.5812535999 1.7237983314
10.7532681941 -3.4808696113 1.8150394256
10.7689459400 -3.3801179460 1.9113194655
10.7826253562 -3.2790175926 2.0128933089
10.7942488057 -3.1775881428 2.1200242583
10.8037561769 -3.0758498165 2.2329836847
10.8110848111 -2.9738234887 2.3520505262
10.8161694375 -2.8715307163 2.4775106530
10.8189421145 -2.7689937662 2.6096560880
10.8193321792 -2.6662356433 2.7487840557
10.8172662090 -2.5632801200 2.8951958420
10.8126679958 -2.4601517649 3.0491954542
10.8054585338 -2.3568759727 3.2110880654
10.7955560245 -2.2534789938 3.3811781967
10.7828759043 -2.1499879639 3.5597676460
10.7673308899 -2.0464309329 3.7471531480
10.7488310518 -1.9428368942 3.9436237052
10.7272839172 -1.8392358122 4.1494576059
10.7025946017 -1.7356586488 4.3649191338
10.6746659771 -1.6321373894 4.5902548891
10.6433988812 -1.5287050662 4.8256897490
10.6086923639 -1.4253957786 5.0714225245
10.5704439830 -1.3222447135 5.3276211536
10.5285501530 -1.2192881589 5.5944175828
10.4829065344 -1.1165635169 5.8719023673
10.4334084992 -1.0141093107 6.1601187362
10.3799516346 -0.9119651870 6.4590566576
10.3224323254 -0.8101719144 6.7686463431
10.2607483943 -0.7087713723 7.0887518151
10.1947998044 -0.6078065383 7.4191641469
10.1244894356 -0.5073214619 7.7595948614
10.0497239319 -0.4073612361 8.1096690876
9.9704145836 -0.3079719556 8.4689193576
9.8864783330 -0.2092006679 8.8367791337
9.7978387617 -0.1110953140 9.2125773722
9.7044272014 -0.0137046580 9.5955332655
9.6061838478 0.0829217949 9.9847520411
9.5030589238 0.1787338902 10.3792216627
9.3950138749 0.2736809303 10.7778107191
9.2820225712 0.3677117916 11.1792677162
9.1640725073 0.4607750532 11.5822219308
9.0411659833 0.5528191391 11.9851860228
8.9133212590 0.6437924730 12.3865606383
8.7805736326 0.7336436413 12.7846409835
8.6429764531 0.8223215706 13.1776256683
8.5006020337 0.9097757145 13.5636278910
8.3535424256 0.9959562456 13.9406886467
8.2019100625 1.0808142612 14.3067925509
8.0458382240 1.1643019901 14.6598856448
7.8854813122 1.2463730032 14.9978950005
7.7210149175 1.3269824332 15.3187507638
7.5526356611 1.4060871832 15.6204088840
7.3805607965 1.4836461434 15.9008755200
7.2050275533 1.5596203974 16.1582321684
7.0262922584 1.6339734196 16.3906603638
6.8446291503 1.7066712714 16.5964672478
6.6603290113 1.7776827717 16.7741090355
6.4736975092 1.8469796666 16.9222141039
6.2850533419 1.9145367706 17.0396036576
6.0947262092 1.9803320949 17.1253099296
5.9030545466 2.0443469536 17.1785918723
5.7103832002 2.1065660437 17.1989470381
5.5170609469 2.1669775066 17.1861201721
5.3234379477 2.2255729596 17.1401077708
5.1298632170 2.2823475046 17.0611586832
4.9366820571 2.3372997115 16.9497706976
4.7442335682 2.3904315741 16.8066831114
4.5528482688 2.4417484442 16.6328657350
4.3628458103 2.4912589399 16.4295042484
4.1745328746 2.5389748330 16.1979825270
3.9882012731 2.5849109163 15.9398625709
3.8041262307 2.6290848513 15.6568619273
3.6225649270 2.6715170001 15.3508297510
3.4437552856 2.7122302463 15.0237220801
3.2679149950 2.7512497979 14.6775759263
3.0952408144 2.7886029903 14.3144842400
2.9259081137 2.8243190756 13.9365709462
2.7600706698 2.8584290110 13.5459668572
2.5978606877 2.8909652498 13.1447877236
2.4393890571 2.9219615227 12.7351127866
2.2847457816 2.9514526370 12.3189666847
2.1340006194 2.9794742654 11.8983022910
1.9872038550 3.0060627542 11.4749866535
1.8443872139 3.0312549318 11.0507888974
1.7055648976 3.0550879285 10.6273704635
1.5707346875 3.0775990088 10.2062777477
1.4398791251 3.0988254122 9.7889367877
1.3129667398 3.1188042067 9.3766500203
1.1899532911 3.1375721543 8.9705949161
1.0707830187 3.1551655898 8.5718242657
0.9553898940 3.1716203095 8.1812679833
0.8436988369 3.1869714743 7.7997361839
0.7356268965 3.2012535238 7.4279233223
0.6310843961 3.2145001016 7.0664132728
0.5299760204 3.2267439914 6.7156850991
0.4322018331 3.2380170650 6.3761192881
0.3376582452 3.2483502389 6.0480044850
0.2462389141 3.2577734387 5.7315443741
0.1578355516 3.2663155767 5.4268646219
0.0723386965 3.2740045317 5.1340199508
-0.0103616090 3.2808671397 4.8530009874
-0.0903751998 3.2869291900 4.5837409887
-0.1678112361 3.2922154270 4.3261223198
-0.2427777154 3.2967495573 4.0799826368
-0.3153810450 3.3005542616 3.8451207435
-0.3857256704 3.3036512104 3.6213020927
-0.4539137584 3.3060610832 3.4082639159
-0.5200449288 3.3078035907 3.2057199719
-0.5842160325 3.3088974998 3.0133649151
-0.6465209708 3.3093606598 2.8308782830
-0.7070505546 3.3092100314 2.6579281158
-0.7658923964 3.3084617159 2.4941742200
-0.8231308349 3.3071309864 2.3392710900
-0.8788468867 3.3052323188 2.1928705066
-0.9331182235 3.3027794238 2.0546238315
-0.9860191702 3.2997852788 1.9241840167
-1.0376207229 3.2962621598 1.8012073509
-1.0879905828 3.2922216733 1.6853549615
-1.1371932052 3.2876747877 1.5762940945
-1.1852898594 3.2826318639 1.4736991900
-1.2323386995 3.2771026862 1.3772527730
-1.2783948436 3.2710964913 1.2866461780
-1.3235104593 3.2646219978 1.2015801239
-1.3677348550 3.2576874338 1.1217651550
-1.4111145749 3.2503005642 1.0469219641
-1.4536934973 3.2424687170 0.9767816104
-1.4955129347 3.2341988085 0.9110856454
-1.5366117350 3.2254973677 0.8495861591
-1.5770263832 3.2163705599 0.7920457564
-1.6167911022 3.2068242088 0.7382374742
-1.6559379537 3.1968638180 0.6879446470
-1.6944969373 3.1864945918 0.6409607300
-1.7324960870 3.1757214543 0.5970890864
-1.7699615672 3.1645490684 0.5561427455
-1.8069177653 3.1529818534 0.5179441361
-1.8433873816 3.1410240018 0.4823248024
-1.8793915171 3.1286794955 0.4491251050
-1.9149497581 3.1159521204 0.4181939110
-1.9500802578 3.1028454816 0.3893882783
-1.9847998147 3.0893630163 0.3625731350
-2.0191239481 3.0755080069 0.3376209572
-2.0530669708 3.0612835933 0.3144114484
-2.0866420579 3.0466927840 0.2928312207
-2.1198613135 3.0317384670 0.2727734804
-2.1527358337 3.0164234201 0.2541377193
-2.1852757670 3.0007503205 0.2368294120
-2.2174903715 2.9847217534 0.2207597217
-2.2493880699 2.9683402210 0.2058452131
-2.2809765008 2.9516081500 0.1920075752
-2.3122625681 2.9345278993 0.1791733519
-2.3432524876 2.9171017667 0.1672736839
-2.3739518313 2.8993319960 0.1562440584
-2.4043655689 2.8812207824 0.1460240700
-2.4344981073 2.8627702788 0.1365571909
-2.4643533281 2.8439826010 0.1277905507
-2.4939346224 2.8248598323 0.1196747266
-2.5232449243 2.8054040291 0.1121635426
-2.5522867419 2.7856172242 0.1052138782
-2.5810621870 2.7655014317 0.0987854865
-2.6095730025 2.7450586503 0.0928408210
-2.6378205886 2.7242908670 0.0873448717
-2.6658060272 2.7032000604 0.0822650087
-2.6935301052 2.6817882038 0.0775708351
-2.7209933355 2.6600572679 0.0732340466
-2.7481959777 2.6380092234 0.0692282996
-2.7751380571 2.6156460436 0.0655290864
-2.8018193821 2.5929697068 0.0621136168
-2.8282395613 2.5699821978 0.0589607072
-2.8543980190 2.5466855106 0.0560506756
-2.8802940096 2.5230816496 0.0533652427
-2.9059266316 2.4991726315 0.0508874390
-2.9312948401 2.4749604867 0.0486015177
-2.9563974589 2.4504472612 0.0464928717
-2.9812331917 2.4256350169 0.0445479573
-3.0058006324 2.4005258337 0.0427542213
-3.0300982751 2.3751218103 0.0411000332
-3.0541245227 2.3494250650 0.0395746213
-3.0778776961 2.3234377366 0.0381680133
-3.1013560415 2.2971619858 0.0368709805
-3.1245577380 2.2705999951 0.0356749851
-3.1474809047 2.2437539701 0.0345721318
-3.1701236068 2.2166261399 0.0335551218
-3.1924838617 2.1892187576 0.0326172102
-3.2145596447 2.1615341011 0.0317521664
-3.2363488941 2.1335744729 0.0309542366
-3.2578495161 2.1053422014 0.0302181091
-3.2790593890 2.0768396404 0.0295388825
-3.2999763680 2.0480691699 0.0289120347
-3.3205982887 2.0190331962 0.0283333958
-3.3409229708 1.9897341523 0.0277991214
-3.3609482216 1.9601744978 0.0273056684
-3.3806718389 1.9303567192 0.0268497727
-3.4000916145 1.9002833303 0.0264284278
-3.4192053364 1.8699568717 0.0260388656
-3.4380107917 1.8393799116 0.0256785382
-3.4565057687 1.8085550452 0.0253451012
-3.4746880594 1.7774848952 0.0250363978
-3.4925554616 1.7461721115 0.0247504448
-3.5101057804 1.7146193713 0.0244854187
-3.5273368307 1.6828293794 0.0242396437
-3.5442464382 1.6508048674 0.0240115798
-3.5608324414 1.6185485943 0.0237998128
-3.5770926930 1.5860633461 0.0236030436
-3.5930250613 1.5533519360 0.0234200797
-3.6086274313 1.5204172037 0.0232498265
-3.6238977061 1.4872620162 0.0230912798
-3.6388338079 1.4538892666 0.0229435180
-3.6534336794 1.4203018748 0.0228056962
-3.6676952842 1.3865027869 0.0226770395
-3.6816166084 1.3524949753 0.0225568377
-3.6951956608 1.3182814384 0.0224444398
-3.7084304743 1.2838652002 0.0223392494
-3.7213191064 1.2492493105 0.0222407201
-3.7338596402 1.2144368446 0.0221483515
-3.7460501844 1.1794309028 0.0220616853
-3.7578888750 1.1442346105 0.0219803021
-3.7693738750 1.1088511179 0.0219038178
-3.7805033755 1.0732835998 0.0218318813
-3.7912755960 1.0375352552 0.0217641709
-3.8016887851 1.0016093072 0.0217003927
-3.8117412210 0.9655090030 0.0216402777
-3.8214312118 0.9292376129 0.0215835799
-3.8307570962 0.8927984310 0.0215300746
-3.8397172436 0.8561947742 0.0214795563
-3.8483100550 0.8194299823 0.0214318370
-3.8565339628 0.7825074175 0.0213867451
-3.8643874318 0.7454304646 0.0213441239
-3.8718689591 0.7082025299 0.0213038301
-3.8789770745 0.6708270418 0.0212657329
-3.8857103412 0.6333074500 0.0212297127
-3.8920673556 0.5956472252 0.0211956606
-3.8980467480 0.5578498591 0.0211634769
-3.9036471828 0.5199188638 0.0211330709
-3.9088673586 0.4818577717 0.0211043594
-3.9137060090 0.4436701351 0.0210772670
-3.9181619019 0.4053595260 0.0210517245
-3.9222338410 0.3669295354 0.0210276691
-3.9259206649 0.3283837738 0.0210050433
-3.9292212481 0.2897258700 0.0209837948
-3.9321345010 0.2509594711 0.0209638761
-3.9346593699 0.2120882425 0.0209452436
-3.9367948377 0.1731158673 0.0209278578
-3.9385399236 0.1340460456 0.0209116827
-3.9398936838 0.0948824949 0.0208966856
-3.9408552111 0.0556289493 0.0208828367
-3.9414236357 0.0162891593 0.0208701089
-3.9415981252 -0.0231331086 0.0208584777
-3.9413778844 -0.0626340723 0.0208479206
-3.9407621560 -0.1022099342 0.0208384176
-3.9397502205 -0.1418568819 0.0208299503
-3.9383413966 -0.1815710880 0.0208225020
-3.9365350408 -0.2213487113 0.0208160579
-3.9343305482 -0.2611858963 0.0208106043
-3.9317273525 -0.3010787740 0.0208061292
-3.9287249259 -0.3410234622 0.0208026216
-3.9253227792 -0.3810160659 0.0208000717
-3.9215204625 -0.4210526775 0.0207984708
-3.9173175646 -0.4611293773 0.0207978110
-3.9127137137 -0.5012422339 0.0207980855
-3.9077085773 -0.5413873044 0.0207992883
-3.9023018623 -0.5815606349 0.0208014139
-3.8964933150 -0.6217582609 0.0208044577
-3.8902827215 -0.6619762076 0.0208084159
-3.8836699077 -0.7022104903 0.0208132849
-3.8766547393 -0.7424571148 0.0208190620
-3.8692371219 -0.7827120777 0.0208257448
-3.8614170012 -0.8229713667 0.0208333316
-3.8531943632 -0.8632309616 0.0208418210
-3.8445692338 -0.9034868338 0.0208512120
-3.8355416796 -0.9437349470 0.0208615042
-3.8261118073 -0.9839712581 0.0208726972
-3.8162797642 -1.0241917170 0.0208847913
-3.8060457382 -1.0643922672 0.0208977871
-3.7954099576 -1.1045688457 0.0209116853
-3.7843726914 -1.1447173846 0.0209264870
-3.7729342497 -1.1848338104 0.0209421937
-3.7610949828 -1.2249140448 0.0209588071
-3.7488552822 -1.2649540047 0.0209763291
-3.7362155802 -1.3049496034 0.0209947619
-3.7231763499 -1.3448967506 0.0210141080
-3.7097381055 -1.3847913524 0.0210343700
-3.6959014021 -1.4246293122 0.0210555507
-3.6816668358 -1.4644065309 0.0210776535
-3.6670350438 -1.5041189077 0.0211006814
-3.6520067042 -1.5437623397 0.0211246382
-3.6365825364 -1.5833327230 0.0211495276
-3.6207633006 -1.6228259529 0.0211753534
-3.6045497984 -1.6622379244 0.0212021198
-3.5879428722 -1.7015645324 0.0212298313
-3.5709434057 -1.7408016719 0.0212584922
-3.5535523237 -1.7799452393 0.0212881073
-3.5357705919 -1.8189911320 0.0213186816
-3.5175992171 -1.8579352491 0.0213502200
-3.4990392474 -1.8967734915 0.0213827279
-3.4800917717 -1.9355017629 0.0214162108
-3.4607579199 -1.9741159700 0.0214506742
-3.4410388629 -2.0126120224 0.0214861241
-3.4209358127 -2.0509858338 0.0215225664
-3.4004500220 -2.0892333219 0.0215600073
-3.3795827844 -2.1273504091 0.0215984531
-3.3583354345 -2.1653330226 0.0216379106
-3.3367093474 -2.2031770951 0.0216783864
-3.3147059391 -2.2408785651 0.0217198874
-3.2923266661 -2.2784333775 0.0217624208
-3.2695730257 -2.3158374836 0.0218059939
-3.2464465556 -2.3530868419 0.0218506143
-3.2229488340 -2.3901774187 0.0218962895
-3.1990814793 -2.4271051877 0.0219430275
-3.1748461504 -2.4638661312 0.0219908364
-3.1502445464 -2.5004562404 0.0220397245
-3.1252784065 -2.5368715154 0.0220897002
-3.0999495099 -2.5731079662 0.0221407723
-3.0742596757 -2.6091616125 0.0221929497
-3.0482107629 -2.6450284847 0.0222462413
-3.0218046703 -2.6807046239 0.0223006567
-2.9950433363 -2.7161860826 0.0223562051
-2.9679287386 -2.7514689250 0.0224128965
-2.9404628947 -2.7865492273 0.0224707407
-2.9126478610 -2.8214230782 0.0225297479
-2.8844857332 -2.8560865796 0.0225899285
-2.8559786460 -2.8905358465 0.0226512931
-2.8271287731 -2.9247670078 0.0227138525
-2.7979383268 -2.9587762068 0.0227776179
-2.7684095581 -2.9925596009 0.0228426005
-2.7385447563 -3.0261133631 0.0229088119
-2.7083462493 -3.0594336815 0.0229762638
-2.6778164029 -3.0925167602 0.0230449683
-2.6469576211 -3.1253588195 0.0231149377
-2.6157723455 -3.1579560964 0.0231861844
-2.5842630556 -3.1903048450 0.0232587213
-2.5524322682 -3.2224013371 0.0233325615
-2.5202825377 -3.2542418620 0.0234077181
-2.4878164553 -3.2858227276 0.0234842049
-2.4550366495 -3.3171402607 0.0235620356
-2.4219457853 -3.3481908068 0.0236412244
-2.3885465645 -3.3789707313 0.0237217856
-2.3548417251 -3.4094764195 0.0238037340
-2.3208340416 -3.4397042768 0.0238870845
-2.2865263240 -3.4696507297 0.0239718523
-2.2519214186 -3.4993122256 0.0240580531
-2.2170222070 -3.5286852336 0.0241457027
-2.1818316062 -3.5577662447 0.0242348173
-2.1463525684 -3.5865517723 0.0243254133
-2.1105880805 -3.6150383524 0.0244175075
-2.0745411645 -3.6432225443 0.0245111172
-2.0382148765 -3.6711009307 0.0246062596
-2.0016123069 -3.6986701184 0.0247029527
-1.9647365803 -3.7259267384 0.0248012144
-1.9275908548 -3.7528674464 0.0249010634
-1.8901783221 -3.7794889231 0.0250025183
-1.8525022072 -3.8057878749 0.0251055984
-1.8145657680 -3.8317610338 0.0252103231
-1.7763722953 -3.8574051583 0.0253167124
-1.7379251122 -3.8827170332 0.0254247866
-1.6992275742 -3.9076934705 0.0255345662
-1.6602830685 -3.9323313096 0.0256460723
-1.6210950143 -3.9566274174 0.0257593264
-1.5816668621 -3.9805786893 0.0258743502
-1.5420020932 -4.0041820488 0.0259911659
-1.5021042203 -4.0274344484 0.0261097962
-1.4619767863 -4.0503328698 0.0262302642
-1.4216233643 -4.0728743243 0.0263525932
-1.3810475577 -4.0950558531 0.0264768073
-1.3402529993 -4.1168745278 0.0266029308
-1.2992433514 -4.1383274504 0.0267309884
-1.2580223053 -4.1594117542 0.0268610054
-1.2165935812 -4.1801246036 0.0269930076
-1.1749609276 -4.2004631950 0.0271270210
-1.1331281213 -4.2204247564 0.0272630723
-1.0910989667 -4.2400065487 0.0274011888
-1.0488772960 -4.2592058653 0.0275413979
-1.0064669683 -4.2780200325 0.0276837279
-0.9638718697 -4.2964464103 0.0278282074
-0.9210959128 -4.3144823924 0.0279748656
-0.8781430364 -4.3321254064 0.0281237320
-0.8350172051 -4.3493729146 0.0282748371
-0.7917224091 -4.3662224136 0.0284282115
-0.7482626637 -4.3826714356 0.0285838865
-0.7046420090 -4.3987175477 0.0287418940
-0.6608645095 -4.4143583529 0.0289022666
-0.6169342541 -4.4295914903 0.0290650371
-0.5728553552 -4.4444146352 0.0292302393
-0.5286319487 -4.4588254994 0.0293979073
-0.4842681935 -4.4728218319 0.0295680761
-0.4397682712 -4.4864014189 0.0297407810
-0.3951363857 -4.4995620839 0.0299160582
-0.3503767629 -4.5123016884 0.0300939443
-0.3054936502 -4.5246181322 0.0302744767
-0.2604913162 -4.5365093531 0.0304576935
-0.2153740502 -4.5479733279 0.0306436334
-0.1701461622 -4.5590080725 0.0308323357
-0.1248119821 -4.5696116417 0.0310238405
-0.0793758593 -4.5797821302 0.0312181886
-0.0338421627 -4.5895176722 0.0314154215
0.0117847200 -4.5988164423 0.0316155815
0.0575003828 -4.6076766553 0.0318187113
0.1033004012 -4.6160965665 0.0320248548
0.1491803334 -4.6240744725 0.0322340564
0.1951357203 -4.6316087105 0.0324463613
0.2411620856 -4.6386976594 0.0326618156
0.2872549369 -4.6453397399 0.0328804659
0.3334097656 -4.6515334141 0.0331023600
0.3796220474 -4.6572771868 0.0333275462
0.4258872428 -4.6625696046 0.0335560737
0.4722007975 -4.6674092573 0.0337879927
0.5185581428 -4.6717947770 0.0340233540
0.5649546961 -4.6757248392 0.0342622095
0.6113858611 -4.6791981626 0.0345046117
0.6578470285 -4.6822135093 0.0347506144
0.7043335763 -4.6847696853 0.0350002718
0.7508408700 -4.6868655405 0.0352536393
0.7973642636 -4.6884999688 0.0355107733
0.8438990995 -4.6896719086 0.0357717308
0.8904407092 -4.6903803428 0.0360365701
0.9369844136 -4.6906242992 0.0363053503
0.9835255235 -4.6904028502 0.0365781313
1.0300593401 -4.6897151135 0.0368549743
1.0765811554 -4.6885602524 0.0371359413
1.1230862527 -4.6869374752 0.0374210953
1.1695699067 -4.6848460363 0.0377105003
1.2160273845 -4.6822852356 0.0380042214
1.2624539456 -4.6792544192 0.0383023247
1.3088448428 -4.6757529795 0.0386048774
1.3551953220 -4.6717803549 0.0389119475
1.4015006233 -4.6673360306 0.0392236044
1.4477559811 -4.6624195382 0.0395399184
1.4939566246 -4.6570304564 0.0398609608
1.5400977785 -4.6511684106 0.0401868041
1.5861746629 -4.6448330732 0.0405175219
1.6321824944 -4.6380241641 0.0408531890
1.6781164863 -4.6307414502 0.0411938810
1.7239718488 -4.6229847462 0.0415396750
1.7697437900 -4.6147539142 0.0418906489
1.8154275159 -4.6060488640 0.0422468819
1.8610182310 -4.5968695532 0.0426084544
1.9065111389 -4.5872159874 0.0429754477
1.9519014428 -4.5770882203 0.0433479444
1.9971843455 -4.5664863534 0.0437260284
2.0423550505 -4.5554105368 0.0441097845
2.0874087621 -4.5438609687 0.0444992987
2.1323406861 -4.5318378957 0.0448946582
2.1771460297 -4.5193416130 0.0452959514
2.2218200030 -4.5063724642 0.0457032678
2.2663578184 -4.4929308417 0.0461166980
2.3107546918 -4.4790171864 0.0465363338
2.3550058426 -4.4646319880 0.0469622681
2.3991064948 -4.4497757851 0.0473945951
2.4430518768 -4.4344491652 0.0478334098
2.4868372220 -4.4186527645 0.0482788086
2.5304577699 -4.4023872684 0.0487308891
2.5739087658 -4.3856534111 0.0491897495
2.6171854617 -4.3684519760 0.0496554895
2.6602831165 -4.3507837954 0.0501282099
2.7031969968 -4.3326497508 0.0506080123
2.7459223775 -4.3140507729 0.0510949995
2.7884545417 -4.2949878411 0.0515892751
2.8307887812 -4.2754619845 0.0520909440
2.8729203978 -4.2554742810 0.0526001121
2.9148447033 -4.2350258576 0.0531168858
2.9565570200 -4.2141178906 0.0536413725
2.9980526803 -4.1927516054 0.0541736809
3.0393270285 -4.1709282764 0.0547139204
3.0803754212 -4.1486492273 0.0552622009
3.1211932271 -4.1259158306 0.0558186332
3.1617758279 -4.1027295081 0.0563833288
3.2021186181 -4.0790917305 0.0569564001
3.2422170064 -4.0550040174 0.0575379599
3.2820664158 -4.0304679374 0.0581281217
3.3216622845 -4.0054851081 0.0587269992
3.3610000652 -3.9800571957 0.0593347070
3.4000752266 -3.9541859154 0.0599513600
3.4388832539 -3.9278730309 0.0605770732
3.4774196491 -3.9011203547 0.0612119619
3.5156799311 -3.8739297478 0.0618561416
3.5536596365 -3.8463031196 0.0625097281
3.5913543202 -3.8182424282 0.0631728371
3.6287595559 -3.7897496798 0.0638455841
3.6658709364 -3.7608269287 0.0645280844
3.7026840736 -3.7314762776 0.0652204533
3.7391946003 -3.7016998772 0.0659228056
3.7753981695 -3.6714999259 0.0666352555
3.8112904554 -3.6408786702 0.0673579167
3.8468671535 -3.6098384041 0.0680909022
3.8821239816 -3.5783814692 0.0688343242
3.9170566802 -3.5465102546 0.0695882938
3.9516610126 -3.5142271966 0.0703529210
3.9859327654 -3.4815347788 0.0711283147
4.0198677494 -3.4484355318 0.0719145823
4.0534618002 -3.4149320329 0.0727118295
4.0867107779 -3.3810269064 0.0735201606
4.1196105680 -3.3467228230 0.0743396776
4.1521570823 -3.3120224998 0.0751704808
4.1843462589 -3.2769287001 0.0760126679
4.2161740625 -3.2414442335 0.0768663344
4.2476364855 -3.2055719552 0.0777315732
4.2787295482 -3.1693147662 0.0786084739
4.3094492990 -3.1326756130 0.0794971235
4.3397918153 -3.0956574875 0.0803976055
4.3697532038 -3.0582634265 0.0813100000
4.3993296010 -3.0204965119 0.0822343830
4.4285171738 -2.9823598701 0.0831708268
4.4573121196 -2.9438566723 0.0841193993
4.4857106674 -2.9049901335 0.0850801640
4.5137090779 -2.8657635132 0.0860531793
4.5413036438 -2.8261801143 0.0870384988
4.5684906909 -2.7862432836 0.0880361706
4.5952665779 -2.7459564108 0.0890462370
4.6216276976 -2.7053229291 0.0900687346
4.6475704765 -2.6643463143 0.0911036934
4.6730913763 -2.6230300847 0.0921511370
4.6981868936 -2.5813778010 0.0932110818
4.7228535609 -2.5393930659 0.0942835371
4.7470879464 -2.4970795238 0.0953685046
4.7708866557 -2.4544408606 0.0964659777
4.7942463312 -2.4114808033 0.0975759416
4.8171636527 -2.3682031199 0.0986983730
4.8396353385 -2.3246116190 0.0998332390
4.8616581457 -2.2807101493 0.1009804975
4.8832288703 -2.2365025995 0.1021400963
4.9043443477 -2.1919928983 0.1033119733
4.9250014540 -2.1471850133 0.1044960551
4.9451971059 -2.1020829513 0.1056922575
4.9649282608 -2.0566907578 0.1069004847
4.9841919181 -2.0110125168 0.1081206290
5.0029851194 -1.9650523499 0.1093525701
5.0213049490 -1.9188144165 0.1105961751
5.0391485340 -1.8723029136 0.1118512976
5.0565130456 -1.8255220749 0.1131177776
5.0733956991 -1.7784761705 0.1143954408
5.0897937544 -1.7311695070 0.1156840986
5.1057045165 -1.6836064268 0.1169835472
5.1211253365 -1.6357913076 0.1182935670
5.1360536115 -1.5877285620 0.1196139230
5.1504867852 -1.5394226377 0.1209443636
5.1644223486 -1.4908780165 0.1222846202
5.1778578406 -1.4420992137 0.1236344073
5.1907908485 -1.3930907783 0.1249934214
5.2032190080 -1.3438572925 0.1263613412
5.2151400041 -1.2944033710 0.1277378267
5.2265515721 -1.2447336603 0.1291225191
5.2374514972 -1.1948528388 0.1305150403
5.2478376154 -1.1447656167 0.1319149925
5.2577078141 -1.0944767344 0.1333219577
5.2670600326 -1.0439909628 0.1347354977
5.2758922628 -0.9933131027 0.1361551535
5.2842025487 -0.9424479848 0.1375804451
5.2919889883 -0.8914004683 0.1390108709
5.2992497335 -0.8401754410 0.1404459078
5.3059829902 -0.7887778185 0.1418850108
5.3121870192 -0.7372125447 0.1433276129
5.3178601368 -0.6854845897 0.1447731244
5.3230007152 -0.6335989504 0.1462209334
5.3276071828 -0.5815606497 0.1476704053
5.3316780247 -0.5293747363 0.1491208825
5.3352117836 -0.4770462835 0.1505716847
5.3382070598 -0.4245803891 0.1520221088
5.3406625119 -0.3719821749 0.1534714284
5.3425768570 -0.3192567864 0.1549188945
5.3439488717 -0.2664093915 0.1563637353
5.3447773921 -0.2134451804 0.1578051562
5.3450613143 -0.1603693653 0.1592423400
5.3447995949 -0.1071871795 0.1606744473
5.3439912516 -0.0539038769 0.1621006166
5.3426353634 -0.0005247312 0.1635199646
5.3407310709 0.0529449639 0.1649315865
5.3382775771 0.1064998962 0.1663345566
5.3352741475 0.1601347351 0.1677279289
5.3317201105 0.2138441324 0.1691107371
5.3276148579 0.2676227226 0.1704819955
5.3229578453 0.3214651238 0.1718407000
5.3177485920 0.3753659382 0.1731858281
5.3119866820 0.4293197526 0.1745163401
5.3056717638 0.4833211391 0.1758311801
5.2988035510 0.5373646562 0.1771292765
5.2913818224 0.5914448483 0.1784095431
5.2834064222 0.6455562473 0.1796708801
5.2748772608 0.6996933729 0.1809121756
5.2657943144 0.7538507335 0.1821323064
5.2561576253 0.8080228264 0.1833301389
5.2459673025 0.8622041381 0.1845045306
5.2352235215 0.9163891463 0.1856543325
5.2239265248 0.9705723197 0.1867783893
5.2120766216 1.0247481184 0.1878755410
5.1996741883 1.0789109945 0.1889446241
5.1867196683 1.1330553934 0.1899844749
5.1732135723 1.1871757545 0.1909939304
5.1591564784 1.2412665115 0.1919718285
5.1445490318 1.2953220926 0.1929170113
5.1293919451 1.3493369213 0.1938283266
5.1136859980 1.4033054184 0.1947046307
5.0974320376 1.4572220013 0.1955447891
5.0806309780 1.5110810853 0.1963476785
5.0632838005 1.5648770832 0.1971121886
5.0453915532 1.6186044069 0.1978372257
5.0269553506 1.6722574688 0.1985217143
5.0079763743 1.7258306812 0.1991645978
4.9884558719 1.7793184572 0.1997648418
4.9683951572 1.8327152113 0.2003214353
4.9477956098 1.8860153605 0.2008333952
4.9266586747 1.9392133252 0.2012997665
4.9049858622 1.9923035293 0.2017196242
4.8827787474 2.0452804003 0.2020920761
4.8600389699 2.0981383709 0.2024162655
4.8367682332 2.1508718800 0.2026913736
4.8129683044 2.2034753724 0.2029166198
4.7886410138 2.2559432996 0.2030912653
4.7637882545 2.3082701203 0.2032146143
4.7384119812 2.3604503021 0.2032860180
4.7125142104 2.4124783213 0.2033048738
4.6860970198 2.4643486633 0.2032706289
4.6591625472 2.5160558234 0.2031827814
4.6317129902 2.5675943079 0.2030408832
4.6037506054 2.6189586347 0.2028445407
4.5752777080 2.6701433333 0.2025934165
4.5462966709 2.7211429452 0.2022872308
4.5168099240 2.7719520256 0.2019257639
4.4868199531 2.8225651435 0.2015088567
4.4563293002 2.8729768822 0.2010364116
4.4253405618 2.9231818391 0.2005083940
4.3938563881 2.9731746277 0.1999248337
4.3618794825 3.0229498777 0.1992858255
4.3294126011 3.0725022351 0.1985915291
4.2964585515 3.1218263628 0.1978421711
4.2630201917 3.1709169414 0.1970380442
4.2291004294 3.2197686703 0.1961795083
4.1947022217 3.2683762672 0.1952669905
4.1598285738 3.3167344689 0.1943009849
4.1244825380 3.3648380321 0.1932820522
4.0886672127 3.4126817341 0.1922108202
4.0523857423 3.4602603728 0.1910879824
4.0156413158 3.5075687673 0.1899142984
3.9784371659 3.5546017582 0.1886905920
3.9407765679 3.6013542089 0.1874177506
3.9026628394 3.6478210055 0.1860967249
3.8640993395 3.6939970569 0.1847285266
3.8250894675 3.7398772955 0.1833142277
3.7856366620 3.7854566782 0.1818549576
3.7457444003 3.8307301865 0.1803519031
3.7054161980 3.8756928268 0.1788063055
3.6646556079 3.9203396302 0.1772194598
3.6234662187 3.9646656541 0.1755927100
3.5818516548 4.0086659825 0.1739274481
3.5398155755 4.0523357257 0.1722251134
3.4973616744 4.0956700210 0.1704871880
3.4544936791 4.1386640325 0.1687151955
3.4112153489 4.1813129526 0.1669106948
3.3675304756 4.2236120024 0.1650752802
3.3234428827 4.2655564313 0.1632105798
3.2789564248 4.3071415174 0.1613182496
3.2340749870 4.3483625673 0.1593999740
3.1888024840 4.3892149179 0.1574574561
3.1431428595 4.4296939366 0.1554924179
3.0971000862 4.4697950211 0.1535065998
3.0506781654 4.5095135996 0.1515017561
3.0038811265 4.5488451307 0.1494796496
2.9567130266 4.5877851048 0.1474420490
2.9091779495 4.6263290441 0.1453907242
2.8612800062 4.6644725031 0.1433274459
2.8130233341 4.7022110686 0.1412539818
2.7644120974 4.7395403595 0.1391720919
2.7154504861 4.7764560282 0.1370835251
2.6661427160 4.8129537607 0.1349900166
2.6164930287 4.8490292764 0.1328932857
2.5665056914 4.8846783286 0.1307950319
2.5161849966 4.9198967051 0.1286969308
2.4655352622 4.9546802286 0.1266006329
2.4145608312 4.9890247564 0.1245077606
2.3632660721 5.0229261811 0.1224199044
2.3116553782 5.0563804313 0.1203386208
2.2597331681 5.0893834712 0.1182654304
2.2075038856 5.1219313015 0.1162018153
2.1549719997 5.1540199593 0.1141492160
2.1021420044 5.1856455189 0.1121090305
2.0490184194 5.2168040915 0.1100826119
1.9956057896 5.2474918262 0.1080712663
1.9419086853 5.2777049099 0.1060762515
1.8879317026 5.3074395677 0.1040987757
1.8336794633 5.3366920633 0.1021399956
1.7791566150 5.3654586993 0.1002010158
1.7243678313 5.3937358176 0.0982828872
1.6693178118 5.4215197996 0.0963866068
1.6140112829 5.4488070668 0.0945131164
1.5584529968 5.4755940808 0.0926633024
1.5026477327 5.5018773440 0.0908379955
1.4466002964 5.5276533995 0.0890379699
1.3903155207 5.5529188319 0.0872639440
1.3337982653 5.5776702676 0.0855165800
1.2770534173 5.6019043748 0.0837964840
1.2200858908 5.6256178641 0.0821042069
1.1629006277 5.6488074890 0.0804402442
1.1055025972 5.6714700460 0.0788050374
1.0478967963 5.6936023751 0.0771989738
0.9900882498 5.7152013601 0.0756223884
0.9320820102 5.7362639289 0.0740755641
0.8738831581 5.7567870543 0.0725587332
0.8154968019 5.7767677537 0.0710720784
0.7569280783 5.7962030899 0.0696157342
0.6981821517 5.8150901714 0.0681897883
0.6392642146 5.8334261528 0.0667942829
0.5801794878 5.8512082351 0.0654292163
0.5209332198 5.8684336660 0.0640945445
0.4615306871 5.8850997404 0.0627901829
0.4019771941 5.9012038008 0.0615160080
0.3422780729 5.9167432376 0.0602718590
0.2824386833 5.9317154895 0.0590575397
0.2224644126 5.9461180438 0.0578728201
0.1623606755 5.9599484369 0.0567174387
0.1021329136 5.9732042546 0.0555911037
0.0417865957 5.9858831324 0.0544934954
-0.0186727827 5.9979827560 0.0534242676
-0.0792396998 6.0095008616 0.0523830499
-0.1399086072 6.0204352363 0.0513694490
-0.2006739312 6.0307837184 0.0503830508
-0.2615300719 6.0405441979 0.0494234225
-0.3224714044 6.0497146164 0.0484901136
-0.3834922791 6.0582929684 0.0475826584
-0.4445870215 6.0662773005 0.0467005769
-0.5057499332 6.0736657126 0.0458433773
-0.5669752920 6.0804563580 0.0450105571
-0.6282573525 6.0866474435 0.0442016044
-0.6895903464 6.0922372301 0.0434160003
-0.7509684832 6.0972240330 0.0426532193
-0.8123859504 6.1016062224 0.0419127315
-0.8738369142 6.1053822231 0.0411940034
-0.9353155200 6.1085505157 0.0404964996
-0.9968158929 6.1111096361 0.0398196836
-1.0583321383 6.1130581764 0.0391630192
-1.1198583424 6.1143947849 0.0385259718
-1.1813885729 6.1151181665 0.0379080088
-1.2429168795 6.1152270829 0.0373086013
-1.3044372945 6.1147203531 0.0367272243
-1.3659438335 6.1135968535 0.0361633582
-1.4274304960 6.1118555182 0.0356164889
-1.4888912658 6.1094953394 0.0350861093
-1.5503201123 6.1065153674 0.0345717190
-1.6117109903 6.1029147114 0.0340728259
-1.6730578413 6.0986925389 0.0335889460
-1.7343545941 6.0938480768 0.0331196042
-1.7955951652 6.0883806112 0.0326643347
-1.8567734596 6.0822894878 0.0322226812
-1.9178833716 6.0755741118 0.0317941976
-1.9789187856 6.0682339486 0.0313784478
-2.0398735763 6.0602685238 0.0309750065
-2.1007416102 6.0516774232 0.0305834587
-2.1615167455 6.0424602936 0.0302034005
-2.2221928333 6.0326168421 0.0298344387
-2.2827637183 6.0221468372 0.0294761914
-2.3432232393 6.0110501085 0.0291282875
-2.4035652301 5.9993265468 0.0287903669
-2.4637835201 5.9869761045 0.0284620806
-2.5238719352 5.9739987958 0.0281430907
-2.5838242984 5.9603946966 0.0278330699
-2.6436344305 5.9461639449 0.0275317018
-2.7032961510 5.9313067408 0.0272386806
-2.7628032785 5.9158233467 0.0269537111
-2.8221496318 5.8997140873 0.0266765083
-2.8813290304 5.8829793500 0.0264067973
-2.9403352954 5.8656195845 0.0261443133
-2.9991622499 5.8476353038 0.0258888012
-3.0578037201 5.8290270831 0.0256400153
-3.1162535358 5.8097955610 0.0253977195
-3.1745055312 5.7899414389 0.0251616864
-3.2325535457 5.7694654815 0.0249316976
-3.2903914242 5.7483685164 0.0247075434
-3.3480130186 5.7266514346 0.0244890221
-3.4054121876 5.7043151904 0.0242759404
-3.4625827982 5.6813608014 0.0240681126
-3.5195187259 5.6577893486 0.0238653608
-3.5762138557 5.6336019763 0.0236675141
-3.6326620825 5.6087998925 0.0234744089
-3.6888573122 5.5833843686 0.0232858884
-3.7447934621 5.5573567393 0.0231018022
-3.8004644616 5.5307184030 0.0229220064
-3.8558642533 5.5034708216 0.0227463631
-3.9109867930 5.4756155203 0.0225747402
-3.9658260510 5.4471540880 0.0224070113
-4.0203760126 5.4180881769 0.0222430553
-4.0746306786 5.3884195029 0.0220827563
-4.1285840663 5.3581498450 0.0219260034
-4.1822302099 5.3272810457 0.0217726903
-4.2355631614 5.2958150108 0.0216227154
-4.2885769910 5.2637537094 0.0214759815
-4.3412657882 5.2310991737 0.0213323952
-4.3936236621 5.1978534993 0.0211918674
-4.4456447422 5.1640188445 0.0210543126
-4.4973231790 5.1295974308 0.0209196492
-4.5486531449 5.0945915426 0.0207877986
-4.5996288345 5.0590035269 0.0206586859
-4.6502444657 5.0228357937 0.0205322392
-4.7004942797 4.9860908153 0.0204083895
-4.7503725425 4.9487711267 0.0202870709
-4.7998735448 4.9108793251 0.0201682199
-4.8489916032 4.8724180700 0.0200517759
-4.8977210605 4.8333900828 0.0199376806
-4.9460562863 4.7937981472 0.0198258781
-4.9939916781 4.7536451084 0.0197163148
-5.0415216614 4.7129338733 0.0196089392
-5.0886406907 4.6716674104 0.0195037017
-5.1353432499 4.6298487493 0.0194005550
-5.1816238532 4.5874809808 0.0192994534
-5.2274770454 4.5445672569 0.0192003528
-5.2728974028 4.5011107899 0.0191032113
-5.3178795336 4.4571148531 0.0190079880
-5.3624180788 4.4125827798 0.0189146440
-5.4065077124 4.3675179638 0.0188231417
-5.4501431426 4.3219238586 0.0187334448
-5.4933191118 4.2758039774 0.0186455185
-5.5360303976 4.2291618931 0.0185593291
-5.5782718133 4.1820012376 0.0184748442
-5.6200382085 4.1343257019 0.0183920325
-5.6613244697 4.0861390359 0.0183108641
-5.7021255208 4.0374450478 0.0182313097
-5.7424363240 3.9882476042 0.0181533413
-5.7822518798 3.9385506296 0.0180769318
-5.8215672285 3.8883581061 0.0180020550
-5.8603774497 3.8376740735 0.0179286858
-5.8986776639 3.7865026285 0.0178567995
-5.9364630323 3.7348479247 0.0177863728
-5.9737287578 3.6827141723 0.0177173827
-6.0104700855 3.6301056377 0.0176498072
-6.0466823031 3.5770266433 0.0175836249
-6.0823607418 3.5234815668 0.0175188153
-6.1175007764 3.4694748416 0.0174553583
-6.1520978264 3.4150109558 0.0173932347
-6.1861473559 3.3600944522 0.0173324258
-6.2196448749 3.3047299279 0.0172729135
-6.2525859391 3.2489220337 0.0172146802
-6.2849661511 3.1926754743 0.0171577090
-6.3167811605 3.1359950073 0.0171019836
-6.3480266647 3.0788854434 0.0170474879
-6.3786984091 3.0213516455 0.0169942067
-6.4087921880 2.9633985288 0.0169421251
-6.4383038449 2.9050310601 0.0168912286
-6.4672292732 2.8462542574 0.0168415032
-6.4955644165 2.7870731897 0.0167929355
-6.5233052691 2.7274929767 0.0167455124
-6.5504478768 2.6675187878 0.0166992212
-6.5769883371 2.6071558423 0.0166540496
-6.6029228000 2.5464094087 0.0166099858
-6.6282474681 2.4852848044 0.0165670184
-6.6529585974 2.4237873952 0.0165251361
-6.6770524976 2.3619225946 0.0164843284
-6.7005255329 2.2996958639 0.0164445848
-6.7233741221 2.2371127113 0.0164058952
-6.7455947390 2.1741786916 0.0163682501
-6.7671839135 2.1108994059 0.0163316400
-6.7881382313 2.0472805007 0.0162960560
-6.8084543349 1.9833276680 0.0162614892
-6.8281289238 1.9190466443 0.0162279313
-6.8471587550 1.8544432104 0.0161953742
-6.8655406435 1.7895231908 0.0161638101
-6.8832714626 1.7242924534 0.0161332315
-6.9003481444 1.6587569086 0.0161036311
-6.9167676804 1.5929225094 0.0160750021
-6.9325271217 1.5267952501 0.0160473376
-6.9476235793 1.4603811667 0.0160206314
-6.9620542250 1.3936863354 0.0159948773
-6.9758162913 1.3267168730 0.0159700694
-6.9889070720 1.2594789357 0.0159462022
-7.0013239229 1.1919787189 0.0159232701
-7.0130642614 1.1242224565 0.0159012683
-7.0241255679 1.0562164204 0.0158801917
-7.0345053852 0.9879669202 0.0158600357
-7.0442013197 0.9194803020 0.0158407960
-7.0532110411 0.8507629485 0.0158224685
-7.0615322833 0.7818212783 0.0158050492
-7.0691628444 0.7126617450 0.0157885344
-7.0761005873 0.6432908369 0.0157729207
-7.0823434397 0.5737150763 0.0157582049
-7.0878893949 0.5039410192 0.0157443840
-7.0927365117 0.4339752542 0.0157314552
-7.0968829151 0.3638244023 0.0157194160
-7.1003267963 0.2934951163 0.0157082640
-7.1030664132 0.2229940799 0.0156979971
-7.1051000906 0.1523280074 0.0156886134
-7.1064262209 0.0815036431 0.0156801113
-7.1070432636 0.0105277602 0.0156724892
-7.1069497464 -0.0605928391 0.0156657459
-7.1061442650 -0.1318513247 0.0156598805
-7.1046254837 -0.2032408394 0.0156548919
-7.1023921352 -0.2747544987 0.0156507797
-7.0994430214 -0.3463853923 0.0156475434
-7.0957770135 -0.4181265846 0.0156451829
-7.0913930519 -0.4899711147 0.0156436980
-7.0862901469 -0.5619119978 0.0156430892
-7.0804673788 -0.6339422256 0.0156433567
-7.0739238981 -0.7060547668 0.0156445012
-7.0666589255 -0.7782425678 0.0156465236
-7.0586717528 -0.8504985537 0.0156494250
-7.0499617423 -0.9228156285 0.0156532066
-7.0405283274 -0.9951866757 0.0156578698
-7.0303710129 -1.0676045598 0.0156634165
-7.0194893752 -1.1400621262 0.0156698484
-7.0078830620 -1.2125522021 0.0156771678
-6.9955517931 -1.2850675967 0.0156853769
-6.9824953602 -1.3576011030 0.0156944784
-6.9687136273 -1.4301454979 0.0157044749
-6.9542065306 -1.5026935423 0.0157153695
-6.9389740789 -1.5752379824 0.0157271654
-6.9230163535 -1.6477715507 0.0157398660
-6.9063335087 -1.7202869664 0.0157534749
-6.8889257715 -1.7927769357 0.0157679961
-6.8707934421 -1.8652341526 0.0157834337
-6.8519368937 -1.9376513002 0.0157997919
-6.8323565730 -2.0100210513 0.0158170754
-6.8120529998 -2.0823360687 0.0158352890
-6.7910267675 -2.1545890054 0.0158544376
-6.7692785430 -2.2267725069 0.0158745267
-6.7468090670 -2.2988792109 0.0158955616
-6.7236191537 -2.3709017476 0.0159175482
-6.6997096913 -2.4428327414 0.0159404925
-6.6750816417 -2.5146648111 0.0159644008
-6.6497360407 -2.5863905708 0.0159892795
-6.6236739982 -2.6580026303 0.0160151355
-6.5968966978 -2.7294935963 0.0160419757
-6.5694053973 -2.8008560729 0.0160698076
-6.5412014287 -2.8720826624 0.0160986386
-6.5122861978 -2.9431659657 0.0161284767
-6.4826611846 -3.0140985838 0.0161593299
-6.4523279431 -3.0848731176 0.0161912067
-6.4212881014 -3.1554821694 0.0162241158
-6.3895433618 -3.2259183434 0.0162580661
-6.3570955003 -3.2961742461 0.0162930670
-6.3239463673 -3.3662424877 0.0163291281
-6.2900978868 -3.4361156822 0.0163662592
-6.2555520572 -3.5057864487 0.0164044705
-6.2203109503 -3.5752474117 0.0164437727
-6.1843767120 -3.6444912021 0.0164841765
-6.1477515619 -3.7135104580 0.0165256932
-6.1104377934 -3.7822978252 0.0165683343
-6.0724377733 -3.8508459582 0.0166121116
-6.0337539422 -3.9191475207 0.0166570374
-5.9943888138 -3.9871951868 0.0167031243
-5.9543449756 -4.0549816412 0.0167503852
-5.9136250877 -4.1224995804 0.0167988334
-5.8722318840 -4.1897417130 0.0168484828
-5.8301681708 -4.2567007611 0.0168993472
-5.7874368276 -4.3233694605 0.0169514413
-5.7440408066 -4.3897405615 0.0170047800
-5.6999831323 -4.4558068301 0.0170593786
-5.6552669020 -4.5215610483 0.0171152528
-5.6098952849 -4.5869960149 0.0171724188
-5.5638715225 -4.6521045466 0.0172308932
-5.5171989282 -4.7168794784 0.0172906932
-5.4698808871 -4.7813136644 0.0173518363
-5.4219208558 -4.8453999789 0.0174143404
-5.3733223622 -4.9091313166 0.0174782242
-5.3240890055 -4.9725005938 0.0175435066
-5.2742244556 -5.0355007490 0.0176102072
-5.2237324533 -5.0981247436 0.0176783461
-5.1726168097 -5.1603655628 0.0177479437
-5.1208814064 -5.2222162161 0.0178190214
-5.0685301946 -5.2836697383 0.0178916007
-5.0155671956 -5.3447191902 0.0179657041
-4.9619965000 -5.4053576593 0.0180413543
-4.9078222677 -5.4655782605 0.0181185749
-4.8530487274 -5.5253741369 0.0181973900
-4.7976801766 -5.5847384605 0.0182778244
-4.7417209813 -5.6436644332 0.0183599035
-4.6851755753 -5.7021452871 0.0184436534
-4.6280484605 -5.7601742856 0.0185291010
-4.5703442059 -5.8177447239 0.0186162736
-4.5120674481 -5.8748499301 0.0187051997
-4.4532228902 -5.9314832653 0.0187959082
-4.3938153019 -5.9876381252 0.0188884289
-4.3338495192 -6.0433079399 0.0189827923
-4.2733304438 -6.0984861753 0.0190790299
-4.2122630429 -6.1531663336 0.0191771738
-4.1506523489 -6.2073419541 0.0192772572
-4.0885034588 -6.2610066138 0.0193793141
-4.0258215341 -6.3141539281 0.0194833793
-3.9626118002 -6.3667775517 0.0195894888
-3.8988795464 -6.4188711792 0.0196976793
-3.8346301248 -6.4704285459 0.0198079886
-3.7698689507 -6.5214434284 0.0199204555
-3.7046015016 -6.5719096453 0.0200351200
-3.6388333170 -6.6218210580 0.0201520229
-3.5725699982 -6.6711715715 0.0202712065
-3.5058172073 -6.7199551347 0.0203927139
-3.4385806675 -6.7681657417 0.0205165896
-3.3708661621 -6.8157974319 0.0206428792
-3.3026795341 -6.8628442910 0.0207716296
-3.2340266862 -6.9093004518 0.0209028890
-3.1649135798 -6.9551600946 0.0210367070
-3.0953462348 -7.0004174481 0.0211731344
-3.0253307291 -7.0450667899 0.0213122237
-2.9548731981 -7.0891024473 0.0214540286
-2.8839798343 -7.1325187980 0.0215986044
-2.8126568866 -7.1753102707 0.0217460081
-2.7409106600 -7.2174713456 0.0218962981
-2.6687475150 -7.2589965556 0.0220495345
-2.5961738672 -7.2998804863 0.0222057793
-2.5231961866 -7.3401177770 0.0223650959
-2.4498209972 -7.3797031215 0.0225275500
-2.3760548765 -7.4186312682 0.0226932087
-2.3019044549 -7.4568970214 0.0228621414
-2.2273764152 -7.4944952416 0.0230344194
-2.1524774919 -7.5314208460 0.0232101160
-2.0772144710 -7.5676688094 0.0233893066
-2.0015941891 -7.6032341647 0.0235720691
-1.9256235330 -7.6381120036 0.0237584835
-1.8493094391 -7.6722974770 0.0239486320
-1.7726588927 -7.7057857960 0.0241425995
-1.6956789278 -7.7385722321 0.0243404733
-1.6183766260 -7.7706521180 0.0245423434
-1.5407591165 -7.8020208483 0.0247483024
-1.4628335747 -7.8326738798 0.0249584458
-1.3846072226 -7.8626067325 0.0251728718
-1.3060873275 -7.8918149896 0.0253916819
-1.2272812013 -7.9202942989 0.0256149803
-1.1481962005 -7.9480403724 0.0258428748
-1.0688397252 -7.9750489878 0.0260754763
-0.9892192184 -8.0013159884 0.0263128992
-0.9093421656 -8.0268372839 0.0265552612
-0.8292160939 -8.0516088509 0.0268026842
-0.7488485718 -8.0756267338 0.0270552933
-0.6682472081 -8.0988870448 0.0273132182
-0.5874196514 -8.1213859646 0.0275765920
-0.5063735898 -8.1431197432 0.0278455526
-0.4251167495 -8.1640847002 0.0281202421
-0.3436568950 -8.1842772253 0.0284008070
-0.2620018278 -8.2036937790 0.0286873987
-0.1801593861 -8.2223308928 0.0289801734
-0.0981374440 -8.2401851701 0.0292792925
-0.0159439108 -8.2572532863 0.0295849226
0.0664132696 -8.2735319896 0.0298972357
0.1489261194 -8.2890181016 0.0302164094
0.2315866276 -8.3037085170 0.0305426274
0.3143867507 -8.3176002052 0.0308760794
0.3973184131 -8.3306902099 0.0312169614
0.4803735083 -8.3429756499 0.0315654759
0.5635438992 -8.3544537198 0.0319218325
0.6468214189 -8.3651216897 0.0322862475
0.7301978713 -8.3749769065 0.0326589449
0.8136650319 -8.3840167939 0.0330401561
0.8972146487 -8.3922388530 0.0334301206
0.9808384424 -8.3996406623 0.0338290862
1.0645281074 -8.4062198788 0.0342373091
1.1482753126 -8.4119742380 0.0346550544
1.2320717016 -8.4169015542 0.0350825968
1.3159088943 -8.4209997214 0.0355202203
1.3997784865 -8.4242667131 0.0359682189
1.4836720514 -8.4267005831 0.0364268974
1.5675811403 -8.4282994660 0.0368965710
1.6514972824 -8.4290615768 0.0373775664
1.7354119866 -8.4289852124 0.0378702222
1.8193167418 -8.4280687511 0.0383748888
1.9032030172 -8.4263106531 0.0388919297
1.9870622634 -8.4237094613 0.0394217214
2.0708859133 -8.4202638014 0.0399646542
2.1546653821 -8.4159723817 0.0405211329
2.2383920685 -8.4108339945 0.0410915772
2.3220573555 -8.4048475156 0.0416764221
2.4056526105 -8.3980119049 0.0422761191
2.4891691865 -8.3903262065 0.0428911365
2.5725984226 -8.3817895497 0.0435219605
2.6559316448 -8.3724011485 0.0441690949
2.7391601661 -8.3621603022 0.0448330632
2.8222752880 -8.3510663957 0.0455144090
2.9052683007 -8.3391189000 0.0462136961
2.9881304836 -8.3263173720 0.0469315103
3.0708531062 -8.3126614554 0.0476684600
3.1534274287 -8.2981508803 0.0484251773
3.2358447027 -8.2827854639 0.0492023186
3.3180961715 -8.2665651108 0.0500005660
3.4001730710 -8.2494898128 0.0508206287
3.4820666304 -8.2315596498 0.0516632435
3.5637680724 -8.2127747894 0.0525291764
3.6452686141 -8.1931354876 0.0534192241
3.7265594676 -8.1726420887 0.0543342148
3.8076318401 -8.1512950257 0.0552750101
3.8884769350 -8.1290948208 0.0562425061
3.9690859525 -8.1060420849 0.0572376352
4.0494500893 -8.0821375185 0.0582613674
4.1295605399 -8.0573819114 0.0593147125
4.2094084972 -8.0317761435 0.0603987215
4.2889851519 -8.0053211843 0.0615144881
4.3682816943 -7.9780180935 0.0626631517
4.4472893139 -7.9498680212 0.0638458983
4.5259991999 -7.9208722079 0.0650639631
4.6044025420 -7.8910319849 0.0663186331
4.6824905305 -7.8603487742 0.0676112487
4.7602543565 -7.8288240889 0.0689432065
4.8376852125 -7.7964595334 0.0703159624
4.9147742930 -7.7632568033 0.0717310329
4.9915127937 -7.7292176858 0.0731899993
5.0678919131 -7.6943440597 0.0746945103
5.1439028520 -7.6586378960 0.0762462842
5.2195368136 -7.6221012572 0.0778471134
5.2947850041 -7.5847362984 0.0794988670
5.3696386324 -7.5465452668 0.0812034943
5.4440889107 -7.5075305022 0.0829630293
5.5181270541 -7.4676944369 0.0847795936
5.5917442809 -7.4270395960 0.0866554007
5.6649318123 -7.3855685978 0.0885927612
5.7376808729 -7.3432841535 0.0905940860
5.8099826900 -7.3001890674 0.0926618913
5.8818284935 -7.2562862375 0.0947988045
5.9532095166 -7.2115786552 0.0970075679
6.0241169941 -7.1660694058 0.0992910444
6.0945421632 -7.1197616683 0.1016522243
6.1644762628 -7.0726587160 0.1040942298
6.2339105332 -7.0247639161 0.1066203209
6.3028362151 -6.9760807307 0.1092339038
6.3712445501 -6.9266127160 0.1119385359
6.4391267790 -6.8763635234 0.1147379325
6.5064741417 -6.8253368991 0.1176359755
6.5732778764 -6.7735366846 0.1206367214
6.6395292190 -6.7209668165 0.1237444072
6.7052194015 -6.6676313275 0.1269634593
6.7703396514 -6.6135343459 0.1302985056
6.8348811912 -6.5586800961 0.1337543801
6.8988352364 -6.5030728988 0.1373361337
6.9621929944 -6.4467171715 0.1410490459
7.0249456631 -6.3896174286 0.1448986357
7.0870844306 -6.3317782814 0.1488906680
7.1486004718 -6.2732044390 0.1530311672
7.2094849473 -6.2139007083 0.1573264331
7.2697290026 -6.1538719944 0.1617830478
7.3293237655 -6.0931233006 0.1664078885
7.3882603435 -6.0316597296 0.1712081428
7.4465298219 -5.9694864832 0.1761913257
7.5041232626 -5.9066088630 0.1813652866
7.5610317004 -5.8430322707 0.1867382274
7.6172461402 -5.7787622090 0.1923187211
7.6727575554 -5.7138042816 0.1981157252
7.7275568845 -5.6481641939 0.2041385955
7.7816350276 -5.5818477537 0.2103971068
7.8349828431 -5.5148608718 0.2169014731
7.8875911456 -5.4472095625 0.2236623591
7.9394507008 -5.3788999441 0.2306909027
7.9905522219 -5.3099382403 0.2379987382
8.0408863668 -5.2403307800 0.2455980101
8.0904437327 -5.1700839991 0.2535013961
8.1392148518 -5.0992044403 0.2617221323
8.1871901878 -5.0276987550 0.2702740290
8.2343601300 -4.9555737033 0.2791714961
8.2807149883 -4.8828361558 0.2884295681
8.3262449891 -4.8094930940 0.2980639228
8.3709402684 -4.7355516118 0.3080909092
8.4147908669 -4.6610189166 0.3185275704
8.4577867243 -4.5859023300 0.3293916666
8.4999176723 -4.5102092901 0.3407017043
8.5411734290 -4.4339473518 0.3524769567
8.5815435919 -4.3571241887 0.3647374918
8.6210176310 -4.2797475948 0.3775041982
8.6595848819 -4.2018254854 0.3907988078
8.6972345380 -4.1233658994 0.4046439250
8.7339556437 -4.0443770005 0.4190630474
8.7697370857 -3.9648670794 0.4340805940
8.8045675855 -3.8848445552 0.4497219273
8.8384356911 -3.8043179778 0.4660133764
8.8713297683 -3.7232960298 0.4829822611
8.9032379922 -3.6417875284 0.5006569106
8.9341483383 -3.5598014279 0.5190666863
8.9640485737 -3.4773468220 0.5382419968
8.9929262473 -3.3944329460 0.5582143172
9.0207686815 -3.3110691797 0.5790162007
9.0475629617 -3.2272650494 0.6006812921
9.0732959280 -3.1430302312 0.6232443348
9.0979541642 -3.0583745536 0.6467411775
9.1215239901 -2.9733080002 0.6712087750
9.1439914504 -2.8878407131 0.6966851856
9.1653423061 -2.8019829957 0.7232095649
9.1855620252 -2.7157453161 0.7508221518
9.2046357733 -2.6291383101 0.7795642526
9.2225484052 -2.5421727852 0.8094782136
9.2392844557 -2.4548597234 0.8406073938
9.2548281321 -2.3672102853 0.8729961212
9.2691633062 -2.2792358135 0.9066896506
9.2822735073 -2.1909478366 0.9417341020
9.2941419155 -2.1023580728 0.9781764007
9.3047513563 -2.0134784338 1.0160641934
9.3140842952 -1.9243210292 1.0554457682
9.3221228346 -1.8348981697 1.0963699457
9.3288487104 -1.7452223720 1.1388859743
9.3342432906 -1.6553063625 1.1830433930
9.3382875752 -1.5651630811 1.2288918999
9.3409621979 -1.4748056860 1.2764811809
9.3422474285 -1.3842475573 1.3258607487
9.3421231788 -1.2935023012 1.3770797345
9.3405690088 -1.2025837538 1.4301866926
9.3375641368 -1.1115059855 1.4852293522
9.3330874503 -1.0202833044 1.5422543843
9.3271175215 -0.9289302602 1.6013071099
9.3196326231 -0.8374616478 1.6624312268
9.3106107508 -0.7458925105 1.7256684720
9.3000296442 -0.6542381435 1.7910583035
9.2878668170 -0.5625140961 1.8586375199
9.2740995852 -0.4707361756 1.9284398900
9.2587051046 -0.3789204481 2.0004957356
9.2416604078 -0.2870832417 2.0748315017
9.2229424489 -0.1952411472 2.1514693134
9.2025281527 -0.1034110197 2.2304264742
9.1803944645 -0.0116099789 2.3117150164
9.1565184143 0.0801445908 2.3953411240
9.1308771718 0.1718350410 2.4813046696
9.1034481245 0.2634434604 2.5695986064
9.0742089444 0.3549516767 2.6602084482
9.0431376710 0.4463412598 2.7531116959
9.0102128023 0.5375935250 2.8482772112
8.9754133698 0.6286895370 2.9456647481
8.9387190562 0.7196101169 3.0452242659
8.9001102926 0.8103358474 3.1468953725
8.8595683468 0.9008470794 3.2506068904
8.8170754655 0.9911239430 3.3562761747
8.7726149818 1.0811463562 3.4638086579
8.7261714257 1.1708940346 3.5730974205
8.6777306787 1.2603465064 3.6840226627
8.6272800838 1.3494831242 3.7964513907
8.5748085853 1.4382830796 3.9102370547
8.5203068825 1.5267254222 4.0252192678
8.4637675460 1.6147890743 4.1412236445
8.4051851802 1.7024528524 4.2580616570
8.3445565556 1.7896954876 4.3755306407
8.2818807498 1.8764956462 4.4934138434
8.2171592984 1.9628319568 4.6114806523
8.1503963158 2.0486830312 4.7294868427
8.0815986477 2.1340274948 4.8471750616
8.0107759836 2.2188440120 4.9642753293
7.9379409896 2.3031113162 5.0805057513
7.8631094188 2.3868082414 5.1955733569
7.7863002144 2.4699137507 5.3091750005
7.7075356106 2.5524069741 5.4209985888
7.6268412059 2.6342672359 5.5307241539
7.5442460409 2.7154740951 5.6380254405
7.4597826453 2.7960073765 5.7425712398
7.3734870796 2.8758472074 5.8440271438
7.2853989538 2.9549740562 5.9420573127
7.1955614309 3.0333687629 6.0363262022
7.1040212053 3.1110125830 6.1265008022
7.0108284713 3.1878872162 6.2122523308
6.9160368567 3.2639748463 6.2932586315
6.8197033450 3.3392581768 6.3692061834
6.7218881807 3.4137204594 6.4397921573
6.6226547231 3.4873455356 6.5047269068
6.5220693280 3.5601178612 6.5637356935
6.4202011593 3.6320225387 6.6165610541
6.3171220017 3.7030453497 6.6629647746
6.2129060743 3.7731727740 6.7027296158
6.1076297628 3.8423920214 6.7356614117
6.0013714161 3.9106910504 6.7615904305
5.8942110641 3.9780585861 6.7803729934
5.7862301358 4.0444841424 6.7918927848
5.6775112041 4.1099580309 6.7960618253
5.5681376434 4.1744713758 6.7928214652
5.4581933717 4.2380161212 6.7821429179
5.3477625088 4.3005850352 6.7640276982
5.2369290756 4.3621717147 6.7385077480
5.1257766914 4.4227705819 6.7056453391
5.0143882367 4.4823768822 6.6655326657
4.9028455874 4.5409866761 6.6182913232
4.7912292755 4.5985968288 6.5640713357
4.6796182363 4.6552049986 6.5030502081
4.5680895118 4.7108096191 6.4354315452
4.4567179936 4.7654098818 6.3614435765
4.3455761872 4.8190057149 6.2813375766
4.2347339621 4.8715977580 6.1953858324
4.1242583721 4.9231873393 6.1038799801
4.0142134385 4.9737764439 6.0071286169
3.9046600039 5.0233676869 5.9054553695
3.7956555795 5.0719642821 5.7991966344
3.6872542190 5.1195700056 5.6886991381
3.5795064310 5.1661891677 5.5743180085
3.4724590913 5.2118265719 5.4564141357
3.3661553986 5.2564874838 5.3353522473
3.2606348384 5.3001775935 5.2114986097
3.1559331772 5.3429029778 5.0852188922
3.0520824709 5.3846700671 4.9568763164
2.9491111014 5.4254856047 4.8268295571
2.8470438205 5.4653566158 4.6954311768
2.7459018253 5.5042903675 4.5630257909
2.6457028344 5.5422943377 4.4299487096
2.5464611939 5.5793761784 4.2965244654
2.4481879830 5.6155436851 4.1630656748
2.3508911431 5.6508047634 4.0298719277
2.2545756066 5.6851673994 3.8972289030
2.1592434442 5.7186396298 3.7654075956
2.0648940102 5.7512295146 3.6346637007
1.9715241012 5.7829451106 3.5052371486
1.8791281138 5.8137944462 3.3773517518
1.7876982070 5.8437854990 3.2512150151
1.6972244709 5.8729261729 3.1270180289
1.6076950801 5.9012242796 3.0049355037
1.5190964793 5.9286875179 2.8851259141
1.4314135174 5.9553234599 2.7677316796
1.3446296341 5.9811395325 2.6528795290
1.2587269985 6.0061430065 2.5406808390
1.1736866740 6.0303409820 2.4312321228
1.0894887564 6.0537403797 2.3246155101
1.0061125260 6.0763479298 2.2208993369
0.9235365758 6.0981701660 2.1201387128
0.8417389499 6.1192134172 2.0223761854
0.7606972633 6.1394838032 1.9276423731
0.6803888213 6.1589872305 1.8359566538
0.6007907322 6.1777293889 1.7473278527
0.5218800088 6.1957157500 1.6617549257
0.4436336673 6.2129515663 1.5792276609
0.3660288184 6.2294418710 1.4997273666
0.2890427493 6.2451914789 1.4232275453
0.2126530014 6.2602049888 1.3496945644
0.1368374408 6.2744867850 1.2790883071
0.0615743215 6.2880410412 1.2113628033
-0.0131576565 6.3008717237 1.1464668393
-0.0873792963 6.3129825961 1.0843445458
-0.1611108579 6.3243772242 1.0249359610
-0.2343720181 6.3350589806 0.9681775664
-0.3071818356 6.3450310510 0.9140027968
-0.3795587214 6.3542964400 0.8623425219
-0.4515204131 6.3628579770 0.8131255015
-0.5230839549 6.3707183232 0.7662788113
-0.5942656807 6.3778799781 0.7217282412
-0.6650812015 6.3843452859 0.6793986669
-0.7355453969 6.3901164434 0.6392143937
-0.8056724091 6.3951955062 0.6010994741
-0.8754756407 6.3995843963 0.5649779997
-0.9449677552 6.4032849090 0.5307743679
-1.0141606798 6.4062987203 0.4984135248
-1.0830656112 6.4086273935 0.4678211848
-1.1516930229 6.4102723868 0.4389240284
-1.2200526750 6.4112350601 0.4116498784
-1.2881536251 6.4115166818 0.3859278563
-1.3560042417 6.4111184355 0.3616885200
-1.4236122175 6.4100414269 0.3388639830
-1.4909845858 6.4082866903 0.3173880174
-1.5581277359 6.4058551948 0.2971961405
-1.6250474309 6.4027478506 0.2782256872
-1.6917488253 6.3989655152 0.2604158679
-1.7582364836 6.3945089991 0.2437078148
-1.8245143995 6.3893790716 0.2280446152
-1.8905860146 6.3835764665 0.2133713348
-1.9564542386 6.3771018871 0.1996350307
-2.0221214685 6.3699560117 0.1867847551
-2.0875896085 6.3621394983 0.1747715514
-2.1528600896 6.3536529897 0.1635484419
-2.2179338893 6.3444971178 0.1530704096
-2.2828115508 6.3346725083 0.1432943738
-2.3474932024 6.3241797847 0.1341791594
-2.4119785763 6.3130195726 0.1256854633
-2.4762670269 6.3011925033 0.1177758148
-2.5403575496 6.2886992177 0.1104145336
-2.6042487980 6.2755403697 0.1035676845
-2.6679391015 6.2617166297 0.0972030291
-2.7314264823 6.2472286877 0.0912899762
-2.7947086717 6.2320772564 0.0857995299
-2.8577831259 6.2162630739 0.0807042364
-2.9206470417 6.1997869066 0.0759781303
-2.9832973714 6.1826495518 0.0715966797
-3.0457308367 6.1648518400 0.0675367317
-3.1079439433 6.1463946373 0.0637764569
-3.1699329935 6.1272788475 0.0602952952
-3.2316940997 6.1075054142 0.0570739009
-3.2932231961 6.0870753227 0.0540940893
-3.3545160508 6.0659896019 0.0513387837
-3.4155682768 6.0442493258 0.0487919630
-3.4763753432 6.0218556152 0.0464386114
-3.5369325850 5.9988096393 0.0442646678
-3.5972352133 5.9751126168 0.0422569779
-3.6572783241 5.9507658174 0.0404032468
-3.7170569079 5.9257705630 0.0386919935
-3.7765658574 5.9001282288 0.0371125061
-3.8357999763 5.8738402444 0.0356548000
-3.8947539860 5.8469080945 0.0343095759
-3.9534225336 5.8193333202 0.0330681807
-4.0118001985 5.7911175194 0.0319225695
-4.0698814985 5.7622623479 0.0308652690
-4.1276608965 5.7327695201 0.0298893431
-4.1851328059 5.7026408091 0.0289883590
-4.2422915962 5.6718780482 0.0281563562
-4.2991315983 5.6404831306 0.0273878161
-4.3556471089 5.6084580103 0.0266776330
-4.4118323959 5.5758047024 0.0260210873
-4.4676817019 5.5425252837 0.0254138199
-4.5231892489 5.5086218927 0.0248518072
-4.5783492418 5.4740967303 0.0243313384
-4.6331558723 5.4389520596 0.0238489938
-4.6876033221 5.4031902069 0.0234016243
-4.7416857665 5.3668135609 0.0229863320
-4.7953973768 5.3298245737 0.0226004521
-4.8487323241 5.2922257606 0.0222415357
-4.9016847810 5.2540197004 0.0219073342
-4.9542489249 5.2152090351 0.0215957842
-5.0064189402 5.1757964705 0.0213049934
-5.0581890205 5.1357847759 0.0210332276
-5.1095533707 5.0951767841 0.0207788984
-5.1605062094 5.0539753917 0.0205405521
-5.2110417703 5.0121835588 0.0203168589
-5.2611543044 4.9698043090 0.0201066030
-5.3108380818 4.9268407296 0.0199086737
-5.3600873929 4.8832959711 0.0197220565
-5.4088965504 4.8391732475 0.0195458257
-5.4572598906 4.7944758360 0.0193791367
-5.5051717746 4.7492070769 0.0192212195
-5.5526265902 4.7033703737 0.0190713723
-5.5996187527 4.6569691925 0.0189289557
-5.6461427062 4.6100070622 0.0187933876
-5.6921929249 4.5624875742 0.0186641381
-5.7377639142 4.5144143823 0.0185407252
-5.7828502117 4.4657912024 0.0184227101
-5.8274463884 4.4166218124 0.0183096941
-5.8715470494 4.3669100520 0.0182013146
-5.9151468352 4.3166598223 0.0180972421
-5.9582404223 4.2658750856 0.0179971770
-6.0008225246 4.2145598655 0.0179008473
-6.0428878935 4.1627182461 0.0178080058
-6.0844313196 4.1103543722 0.0177184277
-6.1254476329 4.0574724489 0.0176319091
-6.1659317038 4.0040767410 0.0175482645
-6.2058784438 3.9501715732 0.0174673254
-6.2452828066 3.8957613296 0.0173889388
-6.2841397884 3.8408504532 0.0173129654
-6.3224444289 3.7854434460 0.0172392786
-6.3601918116 3.7295448683 0.0171677634
-6.3973770652 3.6731593384 0.0170983149
-6.4339953637 3.6162915327 0.0170308378
-6.4700419271 3.5589461847 0.0169652452
-6.5055120224 3.5011280852 0.0169014577
-6.5404009640 3.4428420818 0.0168394033
-6.5747041143 3.3840930783 0.0167790158
-6.6084168845 3.3248860344 0.0167202350
-6.6415347348 3.2652259658 0.0166630057
-6.6740531757 3.2051179430 0.0166072776
-6.7059677680 3.1445670916 0.0165530043
-6.7372741235 3.0835785917 0.0165001433
-6.7679679059 3.0221576772 0.0164486557
-6.7980448308 2.9603096357 0.0163985056
-6.8275006671 2.8980398082 0.0163496600
-6.8563312365 2.8353535883 0.0163020883
-6.8845324149 2.7722564218 0.0162557625
-6.9121001327 2.7087538069 0.0162106566
-6.9390303752 2.6448512927 0.0161667463
-6.9653191831 2.5805544798 0.0161240094
-6.9909626533 2.5158690190 0.0160824251
-7.0159569393 2.4508006115 0.0160419741
-7.0402982514 2.3853550078 0.0160026383
-7.0639828578 2.3195380079 0.0159644010
-7.0870070847 2.2533554603 0.0159272464
-7.1093673167 2.1868132616 0.0158911600
-7.1310599976 2.1199173563 0.0158561279
-7.1520816308 2.0526737361 0.0158221373
-7.1724287796 1.9850884392 0.0157891760
-7.1920980679 1.9171675501 0.0157572327
-7.2110861804 1.8489171990 0.0157262968
-7.2293898635 1.7803435612 0.0156963580
-7.2470059252 1.7114528566 0.0156674070
-7.2639312360 1.6422513494 0.0156394349
-7.2801627291 1.5727453471 0.0156124331
-7.2956974010 1.5029412002 0.0155863939
-7.3105323117 1.4328453019 0.0155613096
-7.3246645853 1.3624640871 0.0155371732
-7.3380914105 1.2918040321 0.0155139780
-7.3508100409 1.2208716541 0.0154917179
-7.3628177952 1.1496735103 0.0154703868
-7.3741120580 1.0782161978 0.0154499792
-7.3846902800 1.0065063524 0.0154304899
-7.3945499784 0.9345506488 0.0154119140
-7.4036887371 0.8623557992 0.0153942469
-7.4121042076 0.7899285533 0.0153774842
-7.4197941088 0.7172756974 0.0153616221
-7.4267562277 0.6444040540 0.0153466567
-7.4329884196 0.5713204809 0.0153325845
-7.4384886085 0.4980318708 0.0153194025
-7.4432547877 0.4245451508 0.0153071077
-7.4472850195 0.3508672814 0.0152956973
-7.4505774363 0.2770052562 0.0152851691
-7.4531302405 0.2029661010 0.0152755207
-7.4549417048 0.1287568735 0.0152667502
-7.4560101726 0.0543846624 0.0152588560
-7.4563340585 -0.0201434133 0.0152518365
-7.4559118482 -0.0948202046 0.0152456905
-7.4547420993 -0.1696385336 0.0152404170
-7.4528234411 -0.2445911939 0.0152360152
-7.4501545750 -0.3196709512 0.0152324845
-7.4467342752 -0.3948705443 0.0152298246
-7.4425613883 -0.4701826853 0.0152280353
-7.4376348343 -0.5456000607 0.0152271169
-7.4319536060 -0.6211153319 0.0152270695
-7.4255167702 -0.6967211359 0.0152278937
-7.4183234669 -0.7724100857 0.0152295903
-7.4103729107 -0.8481747718 0.0152321602
-7.4016643900 -0.9240077621 0.0152356047
-7.3921972677 -0.9999016026 0.0152399251
-7.3819709814 -1.0758488188 0.0152451232
-7.3709850437 -1.1518419159 0.0152512006
-7.3592390422 -1.2278733796 0.0152581596
-7.3467326395 -1.3039356762 0.0152660023
-7.3334655740 -1.3800212548 0.0152747314
-7.3194376596 -1.4561225470 0.0152843496
-7.3046487860 -1.5322319673 0.0152948597
-7.2890989187 -1.6083419143 0.0153062651
-7.2727880996 -1.6844447719 0.0153185691
-7.2557164467 -1.7605329094 0.0153317753
-7.2378841545 -1.8365986823 0.0153458877
-7.2192914939 -1.9126344327 0.0153609104
-7.1999388127 -1.9886324911 0.0153768476
-7.1798265353 -2.0645851766 0.0153937041
-7.1589551632 -2.1404847970 0.0154114845
-7.1373252747 -2.2163236502 0.0154301940
-7.1149375254 -2.2920940251 0.0154498379
-7.0917926481 -2.3677882022 0.0154704218
-7.0678914528 -2.4433984539 0.0154919514
-7.0432348268 -2.5189170458 0.0155144328
-7.0178237350 -2.5943362374 0.0155378723
-6.9916592198 -2.6696482827 0.0155622766
-6.9647424011 -2.7448454307 0.0155876524
-6.9370744764 -2.8199199269 0.0156140070
-6.9086567207 -2.8948640135 0.0156413476
-6.8794904869 -2.9696699303 0.0156696819
-6.8495772055 -3.0443299155 0.0156990180
-6.8189183846 -3.1188362065 0.0157293639
-6.7875156102 -3.1931810405 0.0157607284
-6.7553705459 -3.2673566557 0.0157931201
-6.7224849329 -3.3413552916 0.0158265482
-6.6888605903 -3.4151691899 0.0158610222
-6.6544994147 -3.4887905957 0.0158965517
-6.6194033805 -3.5622117576 0.0159331468
-6.5835745394 -3.6354249290 0.0159708179
-6.5470150210 -3.7084223687 0.0160095758
-6.5097270321 -3.7811963416 0.0160494314
-6.4717128571 -3.8537391199 0.0160903961
-6.4329748577 -3.9260429832 0.0161324817
-6.3935154729 -3.9981002199 0.0161757003
-6.3533372189 -4.0699031278 0.0162200643
-6.3124426889 -4.1414440146 0.0162655865
-6.2708345533 -4.2127151991 0.0163122802
-6.2285155591 -4.2837090120 0.0163601590
-6.1854885303 -4.3544177962 0.0164092368
-6.1417563675 -4.4248339082 0.0164595279
-6.0973220478 -4.4949497184 0.0165110474
-6.0521886246 -4.5647576124 0.0165638102
-6.0063592277 -4.6342499911 0.0166178322
-5.9598370627 -4.7034192723 0.0166731294
-5.9126254113 -4.7722578907 0.0167297184
-5.8647276310 -4.8407582995 0.0167876161
-5.8161471545 -4.9089129704 0.0168468401
-5.7668874903 -4.9767143950 0.0169074084
-5.7169522218 -5.0441550853 0.0169693394
-5.6663450074 -5.1112275745 0.0170326521
-5.6150695802 -5.1779244179 0.0170973660
-5.5631297480 -5.2442381937 0.0171635011
-5.5105293927 -5.3101615036 0.0172310781
-5.4572724705 -5.3756869738 0.0173001181
-5.4033630112 -5.4408072556 0.0173706428
-5.3488051183 -5.5055150265 0.0174426746
-5.2936029686 -5.5698029907 0.0175162363
-5.2377608119 -5.6336638798 0.0175913516
-5.1812829710 -5.6970904539 0.0176680446
-5.1241738409 -5.7600755024 0.0177463401
-5.0664378889 -5.8226118442 0.0178262638
-5.0080796543 -5.8846923293 0.0179078418
-4.9491037480 -5.9463098390 0.0179911010
-4.8895148521 -6.0074572870 0.0180760691
-4.8293177198 -6.0681276197 0.0181627745
-4.7685171749 -6.1283138177 0.0182512465
-4.7071181114 -6.1880088960 0.0183415149
-4.6451254936 -6.2472059049 0.0184336106
-4.5825443550 -6.3058979311 0.0185275653
-4.5193797988 -6.3640780978 0.0186234114
-4.4556369967 -6.4217395661 0.0187211823
-4.3913211893 -6.4788755356 0.0188209123
-4.3264376851 -6.5354792449 0.0189226368
-4.2609918605 -6.5915439726 0.0190263918
-4.1949891592 -6.6470630380 0.0191322147
-4.1284350921 -6.7020298018 0.0192401436
-4.0613352362 -6.7564376671 0.0193502179
-3.9936952352 -6.8102800798 0.0194624780
-3.9255207982 -6.8635505294 0.0195769653
-3.8568176996 -6.9162425500 0.0196937227
-3.7875917788 -6.9683497209 0.0198127938
-3.7178489397 -7.0198656673 0.0199342239
-3.6475951498 -7.0707840608 0.0200580593
-3.5768364406 -7.1210986209 0.0201843477
-3.5055789063 -7.1708031147 0.0203131380
-3.4338287037 -7.2198913584 0.0204444808
-3.3615920520 -7.2683572177 0.0205784278
-3.2888752317 -7.3161946087 0.0207150325
-3.2156845845 -7.3633974984 0.0208543495
-3.1420265129 -7.4099599053 0.0209964355
-3.0679074793 -7.4558759008 0.0211413484
-2.9933340058 -7.5011396089 0.0212891480
-2.9183126736 -7.5457452077 0.0214398957
-2.8428501225 -7.5896869299 0.0215936549
-2.7669530503 -7.6329590631 0.0217504906
-2.6906282124 -7.6755559511 0.0219104699
-2.6138824209 -7.7174719940 0.0220736618
-2.5367225446 -7.7587016496 0.0222401373
-2.4591555081 -7.7992394331 0.0224099697
-2.3811882911 -7.8390799187 0.0225832343
-2.3028279283 -7.8782177396 0.0227600086
-2.2240815084 -7.9166475893 0.0229403727
-2.1449561736 -7.9543642216 0.0231244088
-2.0654591193 -7.9913624517 0.0233122019
-1.9855975932 -8.0276371566 0.0235038394
-1.9053788947 -8.0631832759 0.0236994114
-1.8248103746 -8.0979958124 0.0238990108
-1.7438994342 -8.1320698329 0.0241027333
-1.6626535247 -8.1654004683 0.0243106777
-1.5810801467 -8.1979829149 0.0245229458
-1.4991868498 -8.2298124345 0.0247396426
-1.4169812314 -8.2608843555 0.0249608763
-1.3344709364 -8.2911940728 0.0251867586
-1.2516636568 -8.3207370494 0.0254174049
-1.1685671305 -8.3495088159 0.0256529339
-1.0851891412 -8.3775049719 0.0258934685
-1.0015375173 -8.4047211865 0.0261391352
-0.9176201317 -8.4311531983 0.0263900648
-0.8334449006 -8.4567968168 0.0266463924
-0.7490197834 -8.4816479223 0.0269082573
-0.6643527815 -8.5057024669 0.0271758035
-0.5794519380 -8.5289564747 0.0274491797
-0.4943253370 -8.5514060427 0.0277285394
-0.4089811027 -8.5730473413 0.0280140416
-0.3234273988 -8.5938766145 0.0283058500
-0.2376724280 -8.6138901810 0.0286041344
-0.1517244311 -8.6330844342 0.0289090698
-0.0655916863 -8.6514558430 0.0292208376
0.0207174913 -8.6690009523 0.0295396250
0.1071947506 -8.6857163836 0.0298656257
0.1938317051 -8.7015988352 0.0301990403
0.2806199337 -8.7166450831 0.0305400760
0.3675509813 -8.7308519812 0.0308889475
0.4546163595 -8.7442164620 0.0312458766
0.5418075474 -8.7567355369 0.0316110932
0.6291159922 -8.7684062968 0.0319848352
0.7165331102 -8.7792259125 0.0323673489
0.8040502871 -8.7891916354 0.0327588895
0.8916588789 -8.7983007976 0.0331597211
0.9793502129 -8.8065508125 0.0335701174
1.0671155878 -8.8139391753 0.0339903619
1.1549462751 -8.8204634636 0.0344207487
1.2428335192 -8.8261213375 0.0348615823
1.3307685388 -8.8309105402 0.0353131783
1.4187425267 -8.8348288985 0.0357758644
1.5067466516 -8.8378743229 0.0362499799
1.5947720578 -8.8400448085 0.0367358769
1.6828098668 -8.8413384350 0.0372339209
1.7708511774 -8.8417533674 0.0377444908
1.8588870665 -8.8412878561 0.0382679800
1.9469085901 -8.8399402373 0.0388047968
2.0349067839 -8.8377089339 0.0393553650
2.1228726636 -8.8345924550 0.0399201246
2.2107972263 -8.8305893971 0.0404995328
2.2986714509 -8.8256984439 0.0410940643
2.3864862982 -8.8199183670 0.0417042120
2.4742327126 -8.8132480260 0.0423304887
2.5619016222 -8.8056863690 0.0429734270
2.6494839398 -8.7972324328 0.0436335801
2.7369705629 -8.7878853435 0.0443115237
2.8243523750 -8.7776443163 0.0450078565
2.9116202466 -8.7665086566 0.0457232007
2.9987650346 -8.7544777595 0.0464582036
3.0857775840 -8.7415511106 0.0472135392
3.1726487286 -8.7277282861 0.0479899082
3.2593692907 -8.7130089534 0.0487880402
3.3459300826 -8.6973928709 0.0496086946
3.4323219068 -8.6808798885 0.0504526624
3.5185355568 -8.6634699482 0.0513207668
3.6045618174 -8.6451630839 0.0522138655
3.6903914655 -8.6259594217 0.0531328522
3.7760152708 -8.6058591807 0.0540786577
3.8614239958 -8.5848626724 0.0550522521
3.9466083970 -8.5629703019 0.0560546468
4.0315592249 -8.5401825674 0.0570868959
4.1162672246 -8.5165000606 0.0581500988
4.2007231368 -8.4919234674 0.0592454018
4.2849176973 -8.4664535674 0.0603740006
4.3688416382 -8.4400912348 0.0615371429
4.4524856881 -8.4128374382 0.0627361302
4.5358405724 -8.3846932411 0.0639723210
4.6188970136 -8.3556598017 0.0652471334
4.7016457321 -8.3257383737 0.0665620478
4.7840774458 -8.2949303061 0.0679186098
4.8661828711 -8.2632370435 0.0693184339
4.9479527227 -8.2306601264 0.0707632063
5.0293777138 -8.1972011911 0.0722546885
5.1104485566 -8.1628619705 0.0737947213
5.1911559624 -8.1276442937 0.0753852283
5.2714906412 -8.0915500865 0.0770282199
5.3514433027 -8.0545813716 0.0787257983
5.4310046555 -8.0167402687 0.0804801609
5.5101654073 -7.9780289948 0.0822936057
5.5889162654 -7.9384498643 0.0841685367
5.6672479358 -7.8980052892 0.0861074677
5.7451511233 -7.8566977797 0.0881130294
5.8226165317 -7.8145299436 0.0901879742
5.8996348631 -7.7715044873 0.0923351823
5.9761968175 -7.7276242157 0.0945576685
6.0522930928 -7.6828920322 0.0968585891
6.1279143843 -7.6373109393 0.0992412477
6.2030513834 -7.5908840387 0.1017091039
6.2776947781 -7.5436145314 0.1042657815
6.3518352520 -7.4955057181 0.1069150745
6.4254634828 -7.4465609994 0.1096609573
6.4985701422 -7.3967838761 0.1125075952
6.5711458953 -7.3461779492 0.1154593505
6.6431813985 -7.2947469207 0.1185207935
6.7146672986 -7.2424945934 0.1216967166
6.7855942328 -7.1894248714 0.1249921409
6.8559528262 -7.1355417604 0.1284123278
6.9257336898 -7.0808493681 0.1319627943
6.9949274204 -7.0253519045 0.1356493260
7.0635245983 -6.9690536820 0.1394779857
7.1315157852 -6.9119591163 0.1434551290
7.1988915216 -6.8540727264 0.1475874252
7.2656423264 -6.7953991351 0.1518818663
7.3317586938 -6.7359430696 0.1563457826
7.3972310899 -6.6757093616 0.1609868617
7.4620499506 -6.6147029485 0.1658131723
7.5262056806 -6.5529288731 0.1708331721
7.5896886479 -6.4903922846 0.1760557314
7.6524891815 -6.4270984392 0.1814901576
7.7145975683 -6.3630527006 0.1871462147
7.7760040501 -6.2982605407 0.1930341402
7.8366988184 -6.2327275402 0.1991646733
7.8966720107 -6.1664593896 0.2055490835
7.9559137076 -6.0994618897 0.2121991863
8.0144139266 -6.0317409523 0.2191273747
8.0721626175 -5.9633026017 0.2263466517
8.1291496588 -5.8941529750 0.2338706503
8.1853648507 -5.8242983233 0.2417136676
8.2407979097 -5.7537450126 0.2498907002
8.2954384639 -5.6824995254 0.2584174690
8.3492760450 -5.6105684610 0.2673104579
8.4023000827 -5.5379585375 0.2765869499
8.4544998981 -5.4646765928 0.2862650576
8.5058646947 -5.3907295859 0.2963637686
8.5563835528 -5.3161245984 0.3069029782
8.6060454202 -5.2408688360 0.3179035321
8.6548391035 -5.1649696303 0.3293872693
8.7027532607 -5.0884344402 0.3413770606
8.7497763899 -5.0112708540 0.3538968587
8.7958968215 -4.9334865910 0.3669717364
8.8411027067 -4.8550895039 0.3806279389
8.8853820075 -4.7760875803 0.3948929268
8.9287224858 -4.6964889456 0.4097954264
8.9711116914 -4.6163018649 0.4253654785
9.0125369504 -4.5355347457 0.4416344866
9.0529853525 -4.4541961401 0.4586352698
9.0924437384 -4.3722947480 0.4764021103
9.1308986861 -4.2898394198 0.4949708074
9.1683364970 -4.2068391591 0.5143787252
9.2047431816 -4.1233031263 0.5346648459
9.2401044451 -4.0392406417 0.5558698166
9.2744056711 -3.9546611888 0.5780360019
9.3076319068 -3.8695744181 0.6012075272
9.3397678465 -3.7839901509 0.6254303288
9.3707978149 -3.6979183833 0.6507521934
9.4007057502 -3.6113692900 0.6772228032
9.4294751871 -3.5243532291 0.7048937693
9.4570892385 -3.4368807461 0.7338186690
9.4835305782 -3.3489625792 0.7640530721
9.5087814227 -3.2606096633 0.7956545661
9.5328235125 -3.1718331361 0.8286827731
9.5556380947 -3.0826443424 0.8631993592
9.5772059031 -2.9930548403 0.8992680382
9.5975071416 -2.9030764062 0.9369545621
9.6165214650 -2.8127210414 0.9763267062
9.6342279616 -2.7220009773 1.0174542360
9.6506051355 -2.6309286823 1.0604088698
9.6656308905 -2.5395168677 1.1052642161
9.6792825131 -2.4477784946 1.1520957066
9.6915366576 -2.3557267807 1.2009805001
9.7023693324 -2.2633752068 1.2519973779
9.7117558861 -2.1707375245 1.3052266084
9.7196709973 -2.0778277625 1.3607497949
9.7260886639 -1.9846602351 1.4186496975
9.7309821962 -1.8912495485 1.4790100224
9.7343242107 -1.7976106088 1.5419151927
9.7360866286 -1.7037586299 1.6074500723
9.7362406744 -1.6097091403 1.6756996766
9.7347568804 -1.5154779913 1.7467488212
9.7316050934 -1.4210813642 1.8206817624
9.7267544855 -1.3265357782 1.8975817674
9.7201735701 -1.2318580971 1.9775306678
9.7118302215 -1.1370655373 2.0606083505
9.7016917019 -1.0421756738 2.1468922103
9.6897246907 -0.9472064480 2.2364565578
9.6758953255 -0.8521761729 2.3293719634
9.6601692424 -0.7571035403 2.4257045770
9.6425116326 -0.6620076251 2.5255153567
9.6228872969 -0.5669078913 2.6288593010
9.6012607193 -0.4718241955 2.7357845585
9.5775961370 -0.3767767912 2.8463315736
9.5518576340 -0.2817863309 2.9605320839
9.5240092287 -0.1868738689 3.0784081786
9.4940149882 -0.0920608609 3.1999712035
9.4618391365 0.0026308345 3.3252207284
9.4274461900 0.0971789591 3.4541433978
9.3908010895 0.1915608561 3.5867118072
9.3518693554 0.2857534759 3.7228833328
9.3106172474 0.3797333806 3.8625989491
9.2670119350 0.4734767524 4.0057820931
9.2210216977 0.5669594028 4.1523373826
9.1726160916 0.6601567824 4.3021496566
9.1217661962 0.7530439971 4.4550826617
9.0684448020 0.8455958205 4.6109781388
9.0126266448 0.9377867128 4.7696548047
8.9542886705 1.0295908427 4.9309073643
8.8934102363 1.1209821061 5.0945058609
8.8299734033 1.2119341547 5.2601948858
8.7639631755 1.3024204221 5.4276931280
8.6953677652 1.3924141538 5.5966929909
8.6241788693 1.4818884424 5.7668604561
8.5503919152 1.5708162600 5.9378351081
8.4740063486 1.6591705009 6.1092304648
8.3950258669 1.7469240183 6.2806344492
8.3134586964 1.8340496729 6.4516102860
8.2293178108 1.9205203748 6.6216974909
8.1426211807 2.0063091362 6.7904133783
8.0533919700 2.0913891200 6.9572546510
7.9616587426 2.1757336944 7.1216995159
7.8674556253 2.2593164883 7.2832099498
7.7708224589 2.3421114468 7.4412343682
7.6718049138 2.4240928925 7.5952106183
7.5704545767 2.5052355807 7.7445691047
7.4668290016 2.5855147661 7.8887365232
7.3609917263 2.6649062551 8.0271392872
7.2530122423 2.7433864767 8.1592079642
7.1429659390 2.8209325332 8.2843808795
7.0309339803 2.8975222681 8.4021089618
6.9170031658 2.9731343204 8.5118596843
6.8012657270 3.0477481804 8.6131216649
6.6838190781 3.1213442512 8.7054091538
6.5647655543 3.1939038913 8.7882659981
6.4442120402 3.2654094743 8.8612703332
6.3222696533 3.3358444265 8.9240379827
6.1990532824 3.4051932737 8.9762266550
6.0746811811 3.4734416788 9.0175390327
5.9492744714 3.5405764726 9.0477259304
5.8229566364 3.6065856863 9.0665889049
5.6958530059 3.6714585710 9.0739823361
5.5680901790 3.7351856193 9.0698151603
5.4397954975 3.7977585748 9.0540519158
5.3110964303 3.8591704414 9.0267133621
5.1821200450 3.9194154830 8.9878764928
5.0529923871 3.9784892192 8.9376739452
4.9238379642 4.0363884156 8.8762929992
4.7947791475 4.0931110666 8.8039738005
4.6659356873 4.1486563761 8.7210074100
4.5374241607 4.2030247280 8.6277329518
4.4093575352 4.2562176580 8.5245348359
4.2818446839 4.3082378138 8.4118390124
4.1549900113 4.3590889180 8.2901095297
4.0288930530 4.4087757198 8.1598441496
3.9036481729 4.4573039503 8.0215703942
3.7793442613 4.5046802684 7.8758408696
3.6560645078 4.5509122079 7.7232288968
3.5338862040 4.5960081222 7.5643239513
3.4128805972 4.6399771227 7.3997269808
3.2931127917 4.6828290247 7.2300462419
3.1746416908 4.7245742800 7.0558925671
3.0575199833 4.7652239238 6.8778756726
2.9417941749 4.8047895065 6.6965997690
2.8275046485 4.8432830389 6.5126602472
2.7146857756 4.8807169280 6.3266399591
2.6033660428 4.9171039219 6.1391063263
2.4935682290 4.9524570490 5.9506083581
2.3853095876 4.9867895655 5.7616743121
2.2786020756 5.0201148986 5.5728094283
2.1734525779 5.0524465981 5.3844942084
2.0698631769 5.0837982841 5.1971828403
1.9678314048 5.1141836031 5.0113020898
1.8673505388 5.1436161816 4.8272503777
1.7684098723 5.1721095869 4.6453972361
1.6709950218 5.1996772867 4.4660829753
1.5750882051 5.2263326154 4.2896186367
1.4806685514 5.2520887393 4.1162861703
1.3877123735 5.2769586291 3.9463387957
1.2961934773 5.3009550302 3.7800016174
1.2060834148 5.3240904411 3.6174722855
1.1173517855 5.3463770894 3.4589219611
1.0299664726 5.3678269151 3.3044962183
0.9438939181 5.3884515525 3.1543162221
0.8590993491 5.4082623172 3.0084798372
0.7755470172 5.4272701944 2.8670629160
0.6932004108 5.4454858292 2.7301205429
0.6120224602 5.4629195201 2.5976883597
0.5319757321 5.4795812126 2.4697838959
0.4530226032 5.4954804966 2.3464078751
0.3751254279 5.5106266044 2.2275455472
0.2982466903 5.5250284102 2.1131679813
0.2223491418 5.5386944319 2.0032333283
0.1473959282 5.5516328334 1.8976880570
0.0733507044 5.5638514285 1.7964681465
0.0001777369 5.5753576858 1.6995002297
-0.0721580052 5.5861587345 1.6067026856
-0.1436907693 5.5962613715 1.5179866822
-0.2144539488 5.6056720685 1.4332571612
-0.2844800223 5.6143969805 1.3524137664
-0.3538005022 5.6224419546 1.2753517155
-0.4224458913 5.6298125389 1.2019626128
-0.4904456474 5.6365139928 1.1321352063
-0.5578281559 5.6425512965 1.0657560883
-0.6246207083 5.6479291617 1.0027103407
-0.6908494878 5.6526520415 0.9428821276
-0.7565395601 5.6567241418 0.8861552358
-0.8217148700 5.6601494314 0.8324135662
-0.8863982420 5.6629316531 0.7815415778
-0.9506113863 5.6650743341 0.7334246864
-1.0143749076 5.6665807972 0.6879496210
-1.0777083181 5.6674541707 0.6450047394
-1.1406300533 5.6676973995 0.6044803060
-1.2031574903 5.6673132552 0.5662687345
-1.2653069690 5.6663043460 0.5302647967
-1.3270938150 5.6646731270 0.4963658009
-1.3885323638 5.6624219097 0.4644717413
-1.4496359874 5.6595528718 0.4344854215
-1.5104171216 5.6560680658 0.4063125527
-1.5708872938 5.6519694288 0.3798618307
-1.6310571527 5.6472587906 0.3550449913
-1.6909364972 5.6419378824 0.3317768483
-1.7505343069 5.6360083448 0.3099753137
-1.8098587719 5.6294717360 0.2895614028
-1.8689173232 5.6223295389 0.2704592266
-1.9277166627 5.6145831688 0.2525959704
-1.9862627934 5.6062339804 0.2359018631
-2.0445610488 5.5972832741 0.2203101356
-2.1026161223 5.5877323029 0.2057569719
-2.1604320959 5.5775822784 0.1921814523
-2.2180124688 5.5668343768 0.1795254902
-2.2753601847 5.5554897442 0.1677337641
-2.3324776587 5.5435495024 0.1567536445
-2.3893668043 5.5310147537 0.1465351180
-2.4460290582 5.5178865860 0.1370307070
-2.5024654057 5.5041660770 0.1281953888
-2.5586764045 5.4898542991 0.1199865118
-2.6146622079 5.4749523232 0.1123637110
-2.6704225876 5.4594612228 0.1052888230
-2.7259569547 5.4433820777 0.0987258005
-2.7812643812 5.4267159772 0.0926406273
-2.8363436197 5.4094640240 0.0870012335
-2.8911931223 5.3916273368 0.0817774120
-2.9458110596 5.3732070537 0.0769407356
-3.0001953378 5.3542043344 0.0724644765
-3.0543436158 5.3346203634 0.0683235262
-3.1082533211 5.3144563521 0.0644943177
-3.1619216652 5.2937135410 0.0609547503
-3.2153456582 5.2723932024 0.0576841152
-3.2685221225 5.2504966416 0.0546630242
-3.3214477064 5.2280251995 0.0518733405
-3.3741188963 5.2049802539 0.0492981116
-3.4265320287 5.1813632214 0.0469215047
-3.4786833015 5.1571755586 0.0447287444
-3.5305687845 5.1324187641 0.0427060530
-3.5821844298 5.1070943791 0.0408405932
-3.6335260814 5.0812039890 0.0391204128
-3.6845894837 5.0547492246 0.0375343925
-3.7353702907 5.0277317630 0.0360721954
-3.7858640737 5.0001533286 0.0347242191
-3.8360663287 4.9720156938 0.0334815502
-3.8859724840 4.9433206802 0.0323359209
-3.9355779068 4.9140701590 0.0312796675
-3.9848779094 4.8842660517 0.0303056917
-4.0338677553 4.8539103311 0.0294074234
-4.0825426646 4.8230050213 0.0285787855
-4.1308978197 4.7915521987 0.0278141608
-4.1789283699 4.7595539922 0.0271083610
-4.2266294362 4.7270125834 0.0264565970
-4.2739961156 4.6939302077 0.0258544510
-4.3210234855 4.6603091539 0.0252978507
-4.3677066072 4.6261517646 0.0247830444
-4.4140405297 4.5914604368 0.0243065784
-4.4600202931 4.5562376219 0.0238652748
-4.5056409318 4.5204858259 0.0234562116
-4.5508974776 4.4842076093 0.0230767040
-4.5957849623 4.4474055878 0.0227242860
-4.6402984206 4.4100824317 0.0223966945
-4.6844328926 4.3722408668 0.0220918536
-4.7281834258 4.3338836734 0.0218078602
-4.7715450776 4.2950136873 0.0215429704
-4.8145129176 4.2556337994 0.0212955875
-4.8570820290 4.2157469553 0.0210642501
-4.8992475108 4.1753561561 0.0208476213
-4.9410044798 4.1344644575 0.0206444788
-4.9823480715 4.0930749704 0.0204537058
-5.0232734424 4.0511908603 0.0202742820
-5.0637757710 4.0088153475 0.0201052760
-5.1038502596 3.9659517070 0.0199458379
-5.1434921352 3.9226032680 0.0197951925
-5.1826966511 3.8787734142 0.0196526328
-5.2214590877 3.8344655836 0.0195175148
-5.2597747543 3.7896832677 0.0193892515
-5.2976389894 3.7444300124 0.0192673083
-5.3350471623 3.6987094167 0.0191511988
-5.3719946740 3.6525251332 0.0190404800
-5.4084769579 3.6058808678 0.0189347489
-5.4444894810 3.5587803792 0.0188336391
-5.4800277445 3.5112274790 0.0187368172
-5.5150872850 3.4632260310 0.0186439801
-5.5496636750 3.4147799515 0.0185548524
-5.5837525237 3.3658932087 0.0184691836
-5.6173494781 3.3165698224 0.0183867462
-5.6504502233 3.2668138640 0.0183073333
-5.6830504834 3.2166294560 0.0182307570
-5.7151460222 3.1660207717 0.0181568465
-5.7467326439 3.1149920350 0.0180854466
-5.7778061938 3.0635475201 0.0180164163
-5.8083625586 3.0116915509 0.0179496272
-5.8383976675 2.9594285012 0.0178849629
-5.8679074924 2.9067627941 0.0178223173
-5.8968880488 2.8536989013 0.0177615939
-5.9253353962 2.8002413436 0.0177027050
-5.9532456386 2.7463946897 0.0176455708
-5.9806149254 2.6921635565 0.0175901185
-6.0074394515 2.6375526081 0.0175362817
-6.0337154580 2.5825665562 0.0174840001
-6.0594392331 2.5272101591 0.0174332185
-6.0846071119 2.4714882215 0.0173838866
-6.1092154776 2.4154055943 0.0173359584
-6.1332607616 2.3589671741 0.0172893919
-6.1567394439 2.3021779025 0.0172441485
-6.1796480540 2.2450427665 0.0172001931
-6.2019831711 2.1875667970 0.0171574934
-6.2237414247 2.1297550693 0.0171160197
-6.2449194948 2.0716127023 0.0170757448
-6.2655141126 2.0131448580 0.0170366438
-6.2855220610 1.9543567415 0.0169986934
-6.3049401750 1.8952535999 0.0169618727
-6.3237653417 1.8358407224 0.0169261618
-6.3419945016 1.7761234397 0.0168915429
-6.3596246482 1.7161071235 0.0168579992
-6.3766528289 1.6557971860 0.0168255151
-6.3930761451 1.5951990798 0.0167940765
-6.4088917532 1.5343182967 0.0167636699
-6.4240968640 1.4731603681 0.0167342832
-6.4386887443 1.4117308640 0.0167059049
-6.4526647162 1.3500353924 0.0166785242
-6.4660221582 1.2880795994 0.0166521314
-6.4787585053 1.2258691682 0.0166267173
-6.4908712494 1.1634098187 0.0166022732
-6.5023579398 1.1007073072 0.0165787912
-6.5132161833 1.0377674257 0.0165562639
-6.5234436449 0.9745960015 0.0165346844
-6.5330380479 0.9111988966 0.0165140462
-6.5419971743 0.8475820072 0.0164943434
-6.5503188651 0.7837512634 0.0164755703
-6.5580010210 0.7197126282 0.0164577219
-6.5650416022 0.6554720974 0.0164407933
-6.5714386290 0.5910356991 0.0164247802
-6.5771901821 0.5264094927 0.0164096784
-6.5822944031 0.4615995687 0.0163954841
-6.5867494942 0.3966120483 0.0163821940
-6.5905537194 0.3314530823 0.0163698049
-6.5937054041 0.2661288512 0.0163583138
-6.5962029355 0.2006455641 0.0163477182
-6.5980447633 0.1350094586 0.0163380159
-6.5992293995 0.0692267996 0.0163292046
-6.5997554188 0.0033038796 0.0163212826
-6.5996214592 -0.0627529826 0.0163142484
-6.5988262218 -0.1289374423 0.0163081006
-6.5973684712 -0.1952431292 0.0163028382
-6.5952470361 -0.2616636485 0.0162984602
-6.5924608090 -0.3281925809 0.0162949661
-6.5890087469 -0.3948234835 0.0162923555
-6.5848898710 -0.4615498907 0.0162906281
-6.5801032678 -0.5283653141 0.0162897841
-6.5746480884 -0.5952632437 0.0162898236
-6.5685235491 -0.6622371482 0.0162907472
-6.5617289319 -0.7292804760 0.0162925556
-6.5542635842 -0.7963866550 0.0162952496
-6.5461269192 -0.8635490940 0.0162988303
-6.5373184163 -0.9307611833 0.0163032991
-6.5278376211 -0.9980162949 0.0163086576
-6.5176841453 -1.0653077830 0.0163149074
-6.5068576675 -1.1326289853 0.0163220506
-6.4953579328 -1.1999732234 0.0163300892
-6.4831847534 -1.2673338031 0.0163390257
-6.4703380082 -1.3347040150 0.0163488627
-6.4568176436 -1.4020771357 0.0163596030
-6.4426236733 -1.4694464283 0.0163712496
-6.4277561784 -1.5368051429 0.0163838057
-6.4122153074 -1.6041465165 0.0163972747
-6.3960012769 -1.6714637750 0.0164116605
-6.3791143711 -1.7387501334 0.0164269668
-6.3615549423 -1.8059987962 0.0164431977
-6.3433234106 -1.8732029576 0.0164603576
-6.3244202645 -1.9403558032 0.0164784510
-6.3048460605 -2.0074505103 0.0164974828
-6.2846014236 -2.0744802484 0.0165174579
-6.2636870472 -2.1414381796 0.0165383816
-6.2421036930 -2.2083174596 0.0165602594
-6.2198521914 -2.2751112390 0.0165830969
-6.1969334412 -2.3418126627 0.0166069001
-6.1733484101 -2.4084148714 0.0166316753
-6.1490981342 -2.4749110021 0.0166574288
-6.1241837184 -2.5412941890 0.0166841674
-6.0986063364 -2.6075575635 0.0167118979
-6.0723672307 -2.6736942557 0.0167406277
-6.0454677124 -2.7396973947 0.0167703641
-6.0179091615 -2.8055601092 0.0168011149
-5.9896930269 -2.8712755282 0.0168328881
-5.9608208260 -2.9368367821 0.0168656918
-5.9312941453 -3.0022370029 0.0168995347
-5.9011146398 -3.0674693250 0.0169344256
-5.8702840334 -3.1325268862 0.0169703736
-5.8388041185 -3.1974028278 0.0170073880
-5.8066767564 -3.2620902960 0.0170454785
-5.7739038769 -3.3265824422 0.0170846551
-5.7404874782 -3.3908724235 0.0171249281
-5.7064296273 -3.4549534039 0.0171663082
-5.6717324595 -3.5188185547 0.0172088061
-5.6363981783 -3.5824610552 0.0172524332
-5.6004290557 -3.6458740933 0.0172972010
-5.5638274318 -3.7090508668 0.0173431214
-5.5265957149 -3.7719845831 0.0173902066
-5.4887363810 -3.8346684608 0.0174384692
-5.4502519744 -3.8970957299 0.0174879223
-5.4111451068 -3.9592596327 0.0175385790
-5.3714184577 -4.0211534246 0.0175904530
-5.3310747742 -4.0827703742 0.0176435584
-5.2901168707 -4.1441037651 0.0176979096
-5.2485476289 -4.2051468954 0.0177535215
-5.2063699973 -4.2658930793 0.0178104092
-5.1635869918 -4.3263356474 0.0178685885
-5.1202016948 -4.3864679472 0.0179280754
-5.0762172551 -4.4462833446 0.0179888863
-5.0316368885 -4.5057752236 0.0180510381
-4.9864638764 -4.5649369877 0.0181145484
-4.9407015666 -4.6237620603 0.0181794348
-4.8943533727 -4.6822438855 0.0182457158
-4.8474227738 -4.7403759288 0.0183134100
-4.7999133147 -4.7981516776 0.0183825367
-4.7518286051 -4.8555646424 0.0184531158
-4.7031723199 -4.9126083568 0.0185251675
-4.6539481986 -4.9692763790 0.0185987126
-4.6041600453 -5.0255622915 0.0186737726
-4.5538117284 -5.0814597028 0.0187503692
-4.5029071801 -5.1369622475 0.0188285250
-4.4514503966 -5.1920635871 0.0189082631
-4.3994454373 -5.2467574109 0.0189896071
-4.3468964252 -5.3010374361 0.0190725813
-4.2938075459 -5.3548974095 0.0191572105
-4.2401830478 -5.4083311071 0.0192435204
-4.1860272415 -5.4613323355 0.0193315371
-4.1313444997 -5.5138949324 0.0194212874
-4.0761392570 -5.5660127671 0.0195127990
-4.0204160092 -5.6176797413 0.0196061002
-3.9641793133 -5.6688897901 0.0197012198
-3.9074337871 -5.7196368820 0.0197981878
-3.8501841089 -5.7699150202 0.0198970346
-3.7924350168 -5.8197182430 0.0199977915
-3.7341913091 -5.8690406242 0.0201004907
-3.6754578432 -5.9178762746 0.0202051651
-3.6162395356 -5.9662193417 0.0203118486
-3.5565413615 -6.0140640109 0.0204205759
-3.4963683544 -6.0614045060 0.0205313826
-3.4357256058 -6.1082350902 0.0206443051
-3.3746182646 -6.1545500661 0.0207593811
-3.3130515369 -6.2003437770 0.0208766489
-3.2510306857 -6.2456106070 0.0209961482
-3.1885610302 -6.2903449821 0.0211179193
-3.1256479455 -6.3345413707 0.0212420039
-3.0622968623 -6.3781942842 0.0213684447
-2.9985132664 -6.4212982775 0.0214972856
-2.9343026983 -6.4638479498 0.0216285715
-2.8696707528 -6.5058379455 0.0217623485
-2.8046230782 -6.5472629542 0.0218986642
-2.7391653764 -6.5881177120 0.0220375673
-2.6733034023 -6.6283970014 0.0221791076
-2.6070429630 -6.6680956527 0.0223233367
-2.5403899176 -6.7072085441 0.0224703071
-2.4733501770 -6.7457306024 0.0226200731
-2.4059297028 -6.7836568037 0.0227726903
-2.3381345072 -6.8209821740 0.0229282159
-2.2699706527 -6.8577017898 0.0230867085
-2.2014442511 -6.8938107786 0.0232482285
-2.1325614635 -6.9293043197 0.0234128378
-2.0633284994 -6.9641776444 0.0235806002
-1.9937516164 -6.9984260372 0.0237515810
-1.9238371198 -7.0320448358 0.0239258476
-1.8535913619 -7.0650294319 0.0241034691
-1.7830207412 -7.0973752720 0.0242845165
-1.7121317026 -7.1290778576 0.0244690630
-1.6409307362 -7.1601327460 0.0246571836
-1.5694243771 -7.1905355506 0.0248489555
-1.4976192048 -7.2202819420 0.0250444584
-1.4255218425 -7.2493676481 0.0252437737
-1.3531389566 -7.2777884545 0.0254469855
-1.2804772565 -7.3055402056 0.0256541804
-1.2075434936 -7.3326188048 0.0258654472
-1.1343444606 -7.3590202150 0.0260808773
-1.0608869916 -7.3847404593 0.0263005650
-0.9871779608 -7.4097756214 0.0265246071
-0.9132242826 -7.4341218462 0.0267531033
-0.8390329103 -7.4577753403 0.0269861564
-0.7646108360 -7.4807323724 0.0272238718
-0.6899650899 -7.5029892741 0.0274663584
-0.6151027397 -7.5245424402 0.0277137282
-0.5400308900 -7.5453883288 0.0279660966
-0.4647566813 -7.5655234629 0.0282235823
-0.3892872904 -7.5849444296 0.0284863076
-0.3136299285 -7.6036478815 0.0287543987
-0.2377918417 -7.6216305367 0.0290279853
-0.1617803096 -7.6388891796 0.0293072013
-0.0856026452 -7.6554206611 0.0295921845
-0.0092661939 -7.6712218991 0.0298830770
0.0672216668 -7.6862898790 0.0301800252
0.1438535284 -7.7006216544 0.0304831802
0.2206219515 -7.7142143472 0.0307926976
0.2975194667 -7.7270651479 0.0311087379
0.3745385753 -7.7391713167 0.0314314666
0.4516717498 -7.7505301832 0.0317610544
0.5289114347 -7.7611391474 0.0320976774
0.6062500471 -7.7709956797 0.0324415173
0.6836799770 -7.7800973216 0.0327927613
0.7611935887 -7.7884416857 0.0331516030
0.8387832207 -7.7960264567 0.0335182419
0.9164411868 -7.8028493914 0.0338928840
0.9941597767 -7.8089083191 0.0342757418
1.0719312565 -7.8142011421 0.0346670350
1.1497478696 -7.8187258360 0.0350669902
1.2276018369 -7.8224804502 0.0354758414
1.3054853581 -7.8254631079 0.0358938303
1.3833906120 -7.8276720072 0.0363212067
1.4613097570 -7.8291054204 0.0367582285
1.5392349323 -7.8297616955 0.0372051621
1.6171582580 -7.8296392556 0.0376622830
1.6950718361 -7.8287365997 0.0381298757
1.7729677511 -7.8270523030 0.0386082344
1.8508380706 -7.8245850172 0.0390976631
1.9286748460 -7.8213334707 0.0395984762
2.0064701133 -7.8172964689 0.0401109987
2.0842158934 -7.8124728949 0.0406355667
2.1619041931 -7.8068617091 0.0411725278
2.2395270059 -7.8004619504 0.0417222416
2.3170763121 -7.7932727356 0.0422850801
2.3945440798 -7.7852932601 0.0428614280
2.4719222657 -7.7765227983 0.0434516839
2.5492028156 -7.7669607036 0.0440562596
2.6263776649 -7.7566064090 0.0446755817
2.7034387392 -7.7454594268 0.0453100919
2.7803779556 -7.7335193493 0.0459602475
2.8571872228 -7.7207858493 0.0466265215
2.9338584414 -7.7072586794 0.0473094043
3.0103835051 -7.6929376731 0.0480094035
3.0867543014 -7.6778227449 0.0487270450
3.1629627120 -7.6619138901 0.0494628735
3.2390006131 -7.6452111853 0.0502174534
3.3148598765 -7.6277147888 0.0509913695
3.3905323702 -7.6094249405 0.0517852278
3.4660099585 -7.5903419621 0.0525996565
3.5412845031 -7.5704662575 0.0534353066
3.6163478636 -7.5497983129 0.0542928531
3.6911918981 -7.5283386968 0.0551729957
3.7658084632 -7.5060880606 0.0560764601
3.8401894155 -7.4830471383 0.0570039988
3.9143266116 -7.4592167470 0.0579563922
3.9882119085 -7.4345977870 0.0589344499
4.0618371647 -7.4091912418 0.0599390115
4.1351942402 -7.3829981783 0.0609709485
4.2082749971 -7.3560197472 0.0620311646
4.2810713006 -7.3282571827 0.0631205982
4.3535750188 -7.2997118033 0.0642402227
4.4257780235 -7.2703850110 0.0653910485
4.4976721908 -7.2402782924 0.0665741246
4.5692494012 -7.2093932180 0.0677905398
4.6405015404 -7.1777314430 0.0690414246
4.7114204995 -7.1452947069 0.0703279528
4.7819981755 -7.1120848340 0.0716513432
4.8522264715 -7.0781037332 0.0730128614
4.9220972973 -7.0433533982 0.0744138223
4.9916025698 -7.0078359079 0.0758555910
5.0607342130 -6.9715534259 0.0773395859
5.1294841585 -6.9345082012 0.0788672805
5.1978443459 -6.8967025678 0.0804402053
5.2658067230 -6.8581389452 0.0820599507
5.3333632459 -6.8188198383 0.0837281692
5.4005058795 -6.7787478374 0.0854465776
5.4672265971 -6.7379256183 0.0872169604
5.5335173817 -6.6963559427 0.0890411719
5.5993702247 -6.6540416578 0.0909211391
5.6647771272 -6.6109856968 0.0928588649
5.7297300997 -6.5671910787 0.0948564314
5.7942211617 -6.5226609085 0.0969160021
5.8582423424 -6.4773983772 0.0990398264
5.9217856804 -6.4314067619 0.1012302426
5.9848432237 -6.3846894261 0.1034896808
6.0474070293 -6.3372498194 0.1058206677
6.1094691636 -6.2890914779 0.1082258302
6.1710217022 -6.2402180240 0.1107078986
6.2320567291 -6.1906331667 0.1132697112
6.2925663369 -6.1403407017 0.1159142196
6.3525426271 -6.0893445113 0.1186444913
6.4119777084 -6.0376485647 0.1214637150
6.4708636975 -5.9852569179 0.1243752069
6.5291927183 -5.9321737140 0.1273824131
6.5869569015 -5.8784031830 0.1304889157
6.6441483836 -5.8239496423 0.1336984390
6.7007593071 -5.7688174967 0.1370148543
6.7567818198 -5.7130112381 0.1404421843
6.8122080730 -5.6565354464 0.1439846098
6.8670302220 -5.5993947889 0.1476464774
6.9212404255 -5.5415940209 0.1514323025
6.9748308435 -5.4831379855 0.1553467767
7.0277936370 -5.4240316144 0.1593947754
7.0801209671 -5.3642799273 0.1635813645
7.1318049946 -5.3038880323 0.1679118047
7.1828378775 -5.2428611266 0.1723915598
7.2332117703 -5.1812044961 0.1770263064
7.2829188236 -5.1189235158 0.1818219379
7.3319511822 -5.0560236501 0.1867845722
7.3803009831 -4.9925104530 0.1919205604
7.4279603545 -4.9283895686 0.1972364963
7.4749214152 -4.8636667306 0.2027392205
7.5211762715 -4.7983477637 0.2084358296
7.5667170158 -4.7324385831 0.2143336867
7.6115357257 -4.6659451951 0.2204404279
7.6556244614 -4.5988736973 0.2267639689
7.6989752640 -4.5312302791 0.2333125154
7.7415801528 -4.4630212224 0.2400945727
7.7834311249 -4.3942529012 0.2471189508
7.8245201512 -4.3249317828 0.2543947739
7.8648391747 -4.2550644278 0.2619314909
7.9043801090 -4.1846574909 0.2697388809
7.9431348349 -4.1137177211 0.2778270616
7.9810951981 -4.0422519623 0.2862064990
8.0182530070 -3.9702671541 0.2948880139
8.0546000300 -3.8977703320 0.3038827884
8.0901279923 -3.8247686284 0.3132023752
8.1248285737 -3.7512692729 0.3228587034
8.1586934058 -3.6772795930 0.3328640837
8.1917140685 -3.6028070151 0.3432312164
8.2238820877 -3.5278590649 0.3539731955
8.2551889323 -3.4524433683 0.3651035129
8.2856260107 -3.3765676523 0.3766360634
8.3151846683 -3.3002397453 0.3885851476
8.3438561844 -3.2234675788 0.4009654726
8.3716317685 -3.1462591876 0.4137921553
8.3985025585 -3.0686227108 0.4270807212
8.4244596162 -2.9905663931 0.4408471023
8.4494939255 -2.9120985855 0.4551076365
8.4735963888 -2.8332277464 0.4698790616
8.4967578242 -2.7539624425 0.4851785097
8.5189689630 -2.6743113501 0.5010235008
8.5402204465 -2.5942832562 0.5174319310
8.5605028235 -2.5138870592 0.5344220626
8.5798065484 -2.4331317707 0.5520125090
8.5981219780 -2.3520265163 0.5702222171
8.6154393702 -2.2705805368 0.5890704512
8.6317488816 -2.1888031897 0.6085767660
8.6470405660 -2.1067039501 0.6287609857
8.6613043733 -2.0242924122 0.6496431731
8.6745301481 -1.9415782907 0.6712435964
8.6867076291 -1.8585714216 0.6935826975
8.6978264491 -1.7752817641 0.7166810459
8.7078761347 -1.6917194016 0.7405593009
8.7168461074 -1.6078945430 0.7652381593
8.7247256843 -1.5238175242 0.7907383018
8.7315040798 -1.4394988089 0.8170803401
8.7371704087 -1.3549489906 0.8442847449
8.7417136880 -1.2701787933 0.8723717878
8.7451228416 -1.1851990727 0.9013614591
8.7473867043 -1.1000208180 0.9312733909
8.7484940271 -1.0146551521 0.9621267763
8.7484334842 -0.9291133335 0.9939402652
8.7471936788 -0.8434067568 1.0267318828
8.7447631527 -0.7575469539 1.0605189115
8.7411303949 -0.6715455946 1.0953177855
8.7362838517 -0.5854144878 1.1311439802
8.7302119399 -0.4991655815 1.1680118694
8.7229030573 -0.4128109641 1.2059346193
8.7143455993 -0.3263628639 1.2449240344
8.7045279737 -0.2398336500 1.2849904139
8.6934386163 -0.1532358324 1.3261424221
8.6810660134 -0.0665820612 1.3683869011
8.6673987180 0.0201148728 1.4117287364
8.6524253727 0.1068420392 1.4561706889
8.6361347372 0.1935863689 1.5017131923
8.6185157071 0.2803346542 1.5483542201
8.5995573437 0.3670735508 1.5960890931
8.5792489086 0.4537895797 1.6449102578
8.5575798847 0.5404691279 1.6948071596
8.5345400092 0.6270984508 1.7457660519
8.5101193217 0.7136636761 1.7977697432
8.4843081882 0.8001508052 1.8507974657
8.4570973341 0.8865457161 1.9048247228
8.4284778956 0.9728341683 1.9598230497
8.3984414631 1.0590018067 2.0157598360
8.3669801101 1.1450341651 2.0725982168
8.3340864459 1.2309166712 2.1302968705
8.2997536715 1.3166346537 2.1888098518
8.2639756091 1.4021733462 2.2480865039
8.2267467602 1.4875178938 2.3080713006
8.1880623620 1.5726533616 2.3687037334
8.1479184256 1.6575647401 2.4299182457
8.1063117938 1.7422369538 2.4916441407
8.0632401986 1.8266548708 2.5538055399
8.0187023027 1.9108033100 2.6163213632
7.9726977593 1.9946670513 2.6791053192
7.9252272657 2.0782308468 2.7420659522
7.8762926068 2.1614794293 2.8051066829
7.8258967157 2.2443975253 2.8681259195
7.7740437170 2.3269698662 2.9310171786
7.7207389748 2.4091811991 2.9936692314
7.6659891449 2.4910163024 3.0559663434
7.6098022099 2.5724599960 3.1177884646
7.5521875269 2.6534971562 3.1790115350
7.4931558638 2.7341127308 3.2395078096
7.4327194308 2.8142917507 3.2991461629
7.3708919162 2.8940193481 3.3577925646
7.3076885082 2.9732807694 3.4153104438
7.2431259183 3.0520613900 3.4715611749
7.1772223985 3.1303467331 3.5264046491
7.1099977507 3.2081224815 3.5796997072
7.0414733337 3.2853744959 3.6313048241
6.9716720607 3.3620888315 3.6810786682
6.9006183949 3.4382517502 3.7288806843
6.8283383316 3.5138497412 3.7745718841
6.7548593817 3.5888695342 3.8180153861
6.6802105440 3.6632981131 3.8590771357
6.6044222644 3.7371227362 3.8976267126
6.5275264041 3.8103309467 3.9335378619
6.4495561841 3.8829105876 3.9666893039
6.3705461256 3.9548498193 3.9969654616
6.2905320002 4.0261371282 4.0242569998
6.2095507455 4.0967613416 4.0484616314
6.1276403921 4.1667116419 4.0694847147
6.0448399934 4.2359775732 4.0872397794
5.9611895149 4.3045490551 4.1016492280
5.8767297538 4.3724163925 4.1126447851
5.7915022454 4.4395702811 4.1201679560
5.7055491354 4.5060018179 4.1241705435
5.6189130938 4.5717025073 4.1246149394
5.5316372013 4.6366642645 4.1214744529
5.4437648127 4.7008794220 4.1147335888
5.3553394677 4.7643407327 4.1043881806
5.2664047633 4.8270413695 4.0904455240
5.1770042176 4.8889749290 4.0729244018
5.0871811799 4.9501354299 4.0518550567
4.9969786948 5.0105173105 4.0272790827
4.9064393790 5.0701154276 3.9992492190
4.8156053305 5.1289250518 3.9678291599
4.7245179935 5.1869418617 3.9330931768
4.6332180572 5.2441619391 3.8951257475
4.5417453648 5.3005817614 3.8540211835
4.4501387912 5.3561981919 3.8098830109
4.3584361652 5.4110084722 3.7628234914
4.2666741841 5.4650102123 3.7129630753
4.1748883141 5.5182013771 3.6604295981
4.0831127329 5.5705802767 3.6053577378
3.9913802583 5.6221455543 3.5478883263
3.8997222773 5.6728961697 3.4881674454
3.8081687061 5.7228313888 3.4263458496
3.7167479394 5.7719507684 3.3625781788
3.6254868094 5.8202541392 3.2970220552
3.5344105633 5.8677415934 3.2298374913
3.4435428360 5.9144134684 3.1611860536
3.3529056382 5.9602703293 3.0912300551
3.2625193493 6.0053129561 3.0201319606
3.1724027182 6.0495423251 2.9480535543
3.0825728714 6.0929595944 2.8751553256
2.9930453262 6.1355660883 2.8015958190
2.9038340151 6.1773632801 2.7275309648
2.8149513083 6.2183527787 2.6531135831
2.7264080519 6.2585363118 2.5784927655
2.6382136019 6.2979157117 2.5038134350
2.5503758698 6.3364929011 2.4292158709
2.4629013702 6.3742698781 2.3548352921
2.3757952698 6.4112487041 2.2808015259
2.2890614487 6.4474314887 2.2072386483
2.2027025495 6.4828203796 2.1342647544
2.1167200479 6.5174175483 2.0619917057
2.0311143086 6.5512251803 1.9905249493
1.9458846503 6.5842454642 1.9199633986
1.8610294226 6.6164805800 1.8503993088
1.7765460531 6.6479326924 1.7819182260
1.6924311333 6.6786039395 1.7145989801
1.6086804768 6.7084964259 1.6485136785
1.5252891882 6.7376122149 1.5837277667
1.4422517312 6.7659533216 1.5203001004
1.3595619927 6.7935217068 1.4582830546
1.2772133492 6.8203192714 1.3977226554
1.1951987287 6.8463478516 1.3386587358
1.1135106732 6.8716092145 1.2811251128
1.0321413990 6.8961050542 1.2251497864
0.9510828532 6.9198369892 1.1707551445
0.8703267713 6.9428065593 1.1179581987
0.7898647288 6.9650152237 1.0667708114
0.7096881933 6.9864643601 1.0171999499
0.6297885733 7.0071552626 0.9692479397
0.5501572630 7.0270891423 0.9229127201
0.4707856866 7.0462671263 0.8781881121
0.3916653387 7.0646902587 0.8350640825
0.3127878226 7.0823595009 0.7935270075
0.2341448849 7.0992757330 0.7535599381
0.1557284495 7.1154397551 0.7151428631
0.0775306466 7.1308522888 0.6782529657
-0.0004561590 7.1455139799 0.6428648763
-0.0782393436 7.1594254001 0.6089509204
-0.1558260011 7.1725870498 0.5764813596
-0.2332229236 7.1849993611 0.5454246239
-0.3104365832 7.1966627003 0.5157475373
-0.3874731165 7.2075773715 0.4874155339
-0.4643383111 7.2177436196 0.4603928650
-0.5410375942 7.2271616339 0.4346427971
-0.6175760231 7.2358315517 0.4101277996
-0.6939582776 7.2437534616 0.3868097237
-0.7701886547 7.2509274075 0.3646499693
-0.8462710634 7.2573533926 0.3436096438
-0.9222090234 7.2630313826 0.3236497092
-0.9980056629 7.2679613100 0.3047311200
-1.0736637195 7.2721430778 0.2868149508
-1.1491855416 7.2755765632 0.2698625145
-1.2245730909 7.2782616218 0.2538354697
-1.2998279464 7.2801980910 0.2386959206
-1.3749513089 7.2813857943 0.2244065060
-1.4499440071 7.2818245442 0.2109304802
-1.5248065033 7.2815141469 0.1982317857
-1.5995389012 7.2804544048 0.1862751171
-1.6741409536 7.2786451212 0.1750259773
-1.7486120703 7.2760861028 0.1644507266
-1.8229513275 7.2727771638 0.1545166239
-1.8971574767 7.2687181285 0.1451918621
-1.9712289546 7.2639088354 0.1364455963
-2.0451638927 7.2583491396 0.1282479666
-2.1189601275 7.2520389161 0.1205701149
-2.1926152109 7.2449780628 0.1133841964
-2.2661264206 7.2371665032 0.1066633872
-2.3394907704 7.2286041894 0.1003818858
-2.4127050211 7.2192911043 0.0945149119
-2.4857656907 7.2092272648 0.0890387007
-2.5586690647 7.1984127234 0.0839304937
-2.6314112070 7.1868475714 0.0791685269
-2.7039879698 7.1745319405 0.0747320161
-2.7763950038 7.1614660053 0.0706011387
-2.8486277681 7.1476499853 0.0667570150
-2.9206815403 7.1330841466 0.0631816862
-2.9925514254 7.1177688043 0.0598580913
-3.0642323661 7.1017043237 0.0567700425
-3.1357191510 7.0848911223 0.0539021996
-3.2070064239 7.0673296714 0.0512400428
-3.2780886926 7.0490204974 0.0487698457
-3.3489603369 7.0299641835 0.0464786470
-3.4196156167 7.0101613709 0.0443542221
-3.4900486802 6.9896127601 0.0423850541
-3.5602535709 6.9683191122 0.0405603057
-3.6302242352 6.9462812498 0.0388697897
-3.6999545294 6.9235000582 0.0373039410
-3.7694382261 6.8999764865 0.0358537884
-3.8386690212 6.8757115483 0.0345109261
-3.9076405394 6.8507063230 0.0332674870
-3.9763463404 6.8249619558 0.0321161157
-4.0447799250 6.7984796594 0.0310499421
-4.1129347395 6.7712607141 0.0300625561
-4.1808041820 6.7433064685 0.0291479825
-4.2483816064 6.7146183404 0.0283006574
-4.3156603275 6.6851978171 0.0275154047
-4.3826336255 6.6550464560 0.0267874137
-4.4492947501 6.6241658849 0.0261122174
-4.5156369247 6.5925578027 0.0254856725
-4.5816533498 6.5602239796 0.0249039385
-4.6473372075 6.5271662576 0.0243634595
-4.7126816641 6.4933865505 0.0238609459
-4.7776798738 6.4588868446 0.0233933571
-4.8423249820 6.4236691988 0.0229578849
-4.9066101279 6.3877357445 0.0225519384
-4.9705284474 6.3510886862 0.0221731286
-5.0340730762 6.3137303017 0.0218192549
-5.0972371516 6.2756629418 0.0214882917
-5.1600138158 6.2368890307 0.0211783761
-5.2223962173 6.1974110664 0.0208877959
-5.2843775139 6.1572316200 0.0206149786
-5.3459508742 6.1163533365 0.0203584813
-5.4071094799 6.0747789343 0.0201169808
-5.4678465274 6.0325112056 0.0198892645
-5.5281552300 5.9895530161 0.0196742218
-5.5880288192 5.9459073051 0.0194708363
-5.6474605468 5.9015770855 0.0192781784
-5.7064436860 5.8565654435 0.0190953983
-5.7649715331 5.8108755390 0.0189217195
-5.8230374091 5.7645106049 0.0187564331
-5.8806346606 5.7174739475 0.0185988920
-5.9377566619 5.6697689461 0.0184485059
-5.9943968154 5.6213990529 0.0183047364
-6.0505485535 5.5723677931 0.0181670928
-6.1062053395 5.5226787644 0.0180351281
-6.1613606686 5.4723356369 0.0179084348
-6.2160080694 5.4213421531 0.0177866421
-6.2701411045 5.3697021276 0.0176694120
-6.3237533721 5.3174194470 0.0175564372
-6.3768385065 5.2644980693 0.0174474376
-6.4293901791 5.2109420242 0.0173421585
-6.4814020999 5.1567554126 0.0172403678
-6.5328680177 5.1019424063 0.0171418543
-6.5837817215 5.0465072478 0.0170464258
-6.6341370414 4.9904542502 0.0169539072
-6.6839278490 4.9337877967 0.0168641388
-6.7331480587 4.8765123404 0.0167769754
-6.7817916286 4.8186324041 0.0166922843
-6.8298525607 4.7601525797 0.0166099446
-6.8773249024 4.7010775283 0.0165298460
-6.9242027470 4.6414119797 0.0164518876
-6.9704802343 4.5811607320 0.0163759773
-7.0161515516 4.5203286513 0.0163020308
-7.0612109345 4.4589206714 0.0162299708
-7.1056526675 4.3969417936 0.0161597266
-7.1494710847 4.3343970858 0.0160912332
-7.1926605705 4.2712916828 0.0160244308
-7.2352155607 4.2076307858 0.0159592647
-7.2771305427 4.1434196613 0.0158956841
-7.3184000564 4.0786636418 0.0158336424
-7.3590186951 4.0133681247 0.0157730964
-7.3989811056 3.9475385719 0.0157140063
-7.4382819896 3.8811805096 0.0156563351
-7.4769161040 3.8142995281 0.0156000484
-7.5148782615 3.7469012807 0.0155451143
-7.5521633312 3.6789914839 0.0154915030
-7.5887662396 3.6105759167 0.0154391868
-7.6246819710 3.5416604201 0.0153881397
-7.6599055682 3.4722508967 0.0153383376
-7.6944321329 3.4023533104 0.0152897576
-7.7282568267 3.3319736855 0.0152423783
-7.7613748716 3.2611181068 0.0151961797
-7.7937815503 3.1897927185 0.0151511427
-7.8254722073 3.1180037243 0.0151072497
-7.8564422491 3.0457573864 0.0150644836
-7.8866871450 2.9730600253 0.0150228285
-7.9162024276 2.8999180192 0.0149822692
-7.9449836936 2.8263378035 0.0149427916
-7.9730266040 2.7523258700 0.0149043819
-8.0003268849 2.6778887669 0.0148670272
-8.0268803282 2.6030330978 0.0148307152
-8.0526827916 2.5277655213 0.0147954343
-8.0777302000 2.4520927507 0.0147611733
-8.1020185454 2.3760215529 0.0147279216
-8.1255438875 2.2995587483 0.0146956691
-8.1483023546 2.2227112100 0.0146644061
-8.1702901437 2.1454858631 0.0146341235
-8.1915035214 2.0678896847 0.0146048125
-8.2119388242 1.9899297025 0.0145764647
-8.2315924589 1.9116129948 0.0145490722
-8.2504609033 1.8329466895 0.0145226273
-8.2685407069 1.7539379640 0.0144971229
-8.2858284909 1.6745940439 0.0144725521
-8.3023209488 1.5949222028 0.0144489082
-8.3180148475 1.5149297618 0.0144261850
-8.3329070267 1.4346240885 0.0144043767
-8.3469944004 1.3540125965 0.0143834776
-8.3602739567 1.2731027447 0.0143634824
-8.3727427584 1.1919020369 0.0143443860
-8.3843979438 1.1104180209 0.0143261838
-8.3952367264 1.0286582877 0.0143088711
-8.4052563963 0.9466304712 0.0142924439
-8.4144543196 0.8643422472 0.0142768982
-8.4228279398 0.7818013330 0.0142622302
-8.4303747774 0.6990154864 0.0142484366
-8.4370924307 0.6159925052 0.0142355142
-8.4429785763 0.5327402266 0.0142234601
-8.4480309692 0.4492665262 0.0142122715
-8.4522474435 0.3655793174 0.0142019461
-8.4556259122 0.2816865509 0.0141924817
-8.4581643684 0.1975962137 0.0141838763
-8.4598608850 0.1133163285 0.0141761281
-8.4607136154 0.0288549530 0.0141692358
-8.4607207937 -0.0557798211 0.0141631980
-8.4598807349 -0.1405798683 0.0141580136
-8.4581918357 -0.2255370305 0.0141536820
-8.4556525743 -0.3106431179 0.0141502026
-8.4522615112 -0.3958899089 0.0141475749
-8.4480172890 -0.4812691521 0.0141457990
-8.4429186331 -0.5667725660 0.0141448748
-8.4369643518 -0.6523918402 0.0141448029
-8.4301533367 -0.7381186363 0.0141455836
-8.4224845631 -0.8239445884 0.0141472179
-8.4139570897 -0.9098613041 0.0141497067
-8.4045700595 -0.9958603651 0.0141530513
-8.3943226999 -1.0819333282 0.0141572531
-8.3832143228 -1.1680717261 0.0141623140
-8.3712443247 -1.2542670675 0.0141682358
-8.3584121875 -1.3405108392 0.0141750206
-8.3447174782 -1.4267945060 0.0141826709
-8.3301598493 -1.5131095115 0.0141911894
-8.3147390388 -1.5994472789 0.0142005788
-8.2984548709 -1.6857992127 0.0142108423
-8.2813072558 -1.7721566988 0.0142219833
-8.2632961899 -1.8585111046 0.0142340052
-8.2444217559 -1.9448537812 0.0142469120
-8.2246841234 -2.0311760637 0.0142607076
-8.2040835486 -2.1174692721 0.0142753965
-8.1826203748 -2.2037247114 0.0142909831
-8.1602950320 -2.2899336735 0.0143074723
-8.1371080377 -2.3760874376 0.0143248691
-8.1130599968 -2.4621772712 0.0143431789
-8.0881516012 -2.5481944304 0.0143624072
-8.0623836308 -2.6341301613 0.0143825599
-8.0357569529 -2.7199757011 0.0144036431
-8.0082725226 -2.8057222781 0.0144256632
-7.9799313829 -2.8913611131 0.0144486269
-7.9507346645 -2.9768834206 0.0144725411
-7.9206835862 -3.0622804087 0.0144974130
-7.8897794549 -3.1475432810 0.0145232502
-7.8580236652 -3.2326632368 0.0145500603
-7.8254177003 -3.3176314722 0.0145778517
-7.7919631312 -3.4024391809 0.0146066325
-7.7576616171 -3.4870775555 0.0146364117
-7.7225149055 -3.5715377874 0.0146671981
-7.6865248319 -3.6558110689 0.0146990011
-7.6496933201 -3.7398885930 0.0147318305
-7.6120223820 -3.8237615551 0.0147656962
-7.5735141176 -3.9074211535 0.0148006084
-7.5341707151 -3.9908585902 0.0148365781
-7.4939944508 -4.0740650720 0.0148736160
-7.4529876888 -4.1570318114 0.0149117338
-7.4111528813 -4.2397500272 0.0149509430
-7.3684925684 -4.3222109459 0.0149912559
-7.3250093781 -4.4044058020 0.0150326849
-7.2807060259 -4.4863258395 0.0150752430
-7.2355853152 -4.5679623123 0.0151189435
-7.1896501367 -4.6493064853 0.0151638000
-7.1429034688 -4.7303496353 0.0152098267
-7.0953483769 -4.8110830520 0.0152570382
-7.0469880139 -4.8914980386 0.0153054494
-6.9978256196 -4.9715859129 0.0153550758
-6.9478645206 -5.0513380084 0.0154059333
-6.8971081303 -5.1307456747 0.0154580382
-6.8455599489 -5.2098002790 0.0155114074
-6.7932235628 -5.2884932064 0.0155660582
-6.7401026445 -5.3668158611 0.0156220085
-6.6862009529 -5.4447596675 0.0156792767
-6.6315223325 -5.5223160708 0.0157378815
-6.5760707135 -5.5994765378 0.0157978425
-6.5198501114 -5.6762325583 0.0158591796
-6.4628646270 -5.7525756454 0.0159219135
-6.4051184461 -5.8284973368 0.0159860652
-6.3466158391 -5.9039891957 0.0160516566
-6.2873611610 -5.9790428113 0.0161187100
-6.2273588508 -6.0536498003 0.0161872484
-6.1666134316 -6.1278018072 0.0162572956
-6.1051295101 -6.2014905056 0.0163288758
-6.0429117762 -6.2747075989 0.0164020142
-5.9799650032 -6.3474448214 0.0164767364
-5.9162940469 -6.4196939389 0.0165530690
-5.8519038456 -6.4914467498 0.0166310393
-5.7867994198 -6.5626950858 0.0167106752
-5.7209858718 -6.6334308130 0.0167920055
-5.6544683851 -6.7036458328 0.0168750600
-5.5872522247 -6.7733320826 0.0169598691
-5.5193427361 -6.8424815367 0.0170464642
-5.4507453453 -6.9110862073 0.0171348776
-5.3814655582 -6.9791381453 0.0172251423
-5.3115089603 -7.0466294412 0.0173172927
-5.2408812166 -7.1135522261 0.0174113637
-5.1695880707 -7.1798986722 0.0175073916
-5.0976353448 -7.2456609942 0.0176054136
-5.0250289388 -7.3108314496 0.0177054679
-4.9517748306 -7.3754023400 0.0178075938
-4.8778790750 -7.4393660119 0.0179118320
-4.8033478036 -7.5027148573 0.0180182241
-4.7281872243 -7.5654413148 0.0181268130
-4.6524036207 -7.6275378703 0.0182376430
-4.5760033519 -7.6889970582 0.0183507596
-4.4989928518 -7.7498114616 0.0184662095
-4.4213786287 -7.8099737139 0.0185840411
-4.3431672647 -7.8694764989 0.0187043040
-4.2643654155 -7.9283125524 0.0188270493
-4.1849798095 -7.9864746623 0.0189523298
-4.1050172478 -8.0439556700 0.0190801997
-4.0244846030 -8.1007484708 0.0192107150
-3.9433888192 -8.1568460153 0.0193439332
-3.8617369114 -8.2122413094 0.0194799137
-3.7795359647 -8.2669274158 0.0196187177
-3.6967931340 -8.3208974547 0.0197604082
-3.6135156432 -8.3741446042 0.0199050503
-3.5297107851 -8.4266621016 0.0200527110
-3.4453859202 -8.4784432440 0.0202034593
-3.3605484766 -8.5294813890 0.0203573665
-3.2752059492 -8.5797699558 0.0205145060
-3.1893658990 -8.6293024254 0.0206749538
-3.1030359529 -8.6780723421 0.0208387879
-3.0162238026 -8.7260733138 0.0210060891
-2.9289372045 -8.7732990130 0.0211769406
-2.8411839784 -8.8197431775 0.0213514284
-2.7529720077 -8.8653996110 0.0215296411
-2.6643092379 -8.9102621842 0.0217116703
-2.5752036768 -8.9543248352 0.0218976106
-2.4856633932 -8.9975815707 0.0220875596
-2.3956965165 -9.0400264662 0.0222816182
-2.3053112359 -9.0816536671 0.0224798906
-2.2145158003 -9.1224573894 0.0226824843
-2.1233185166 -9.1624319203 0.0228895106
-2.0317277500 -9.2015716192 0.0231010846
-1.9397519228 -9.2398709180 0.0233173250
-1.8473995138 -9.2773243221 0.0235383547
-1.7546790576 -9.3139264112 0.0237643007
-1.6615991439 -9.3496718396 0.0239952945
-1.5681684170 -9.3845553374 0.0242314720
-1.4743955748 -9.4185717108 0.0244729738
-1.3802893680 -9.4517158431 0.0247199454
-1.2858585999 -9.4839826948 0.0249725376
-1.1911121249 -9.5153673053 0.0252309060
-1.0960588487 -9.5458647925 0.0254952123
-1.0007077268 -9.5754703540 0.0257656234
-0.9050677639 -9.6041792678 0.0260423127
-0.8091480135 -9.6319868929 0.0263254595
-0.7129575769 -9.6588886695 0.0266152496
-0.6165056023 -9.6848801204 0.0269118755
-0.5198012845 -9.7099568511 0.0272155371
-0.4228538636 -9.7341145505 0.0275264411
-0.3256726247 -9.7573489916 0.0278448024
-0.2282668968 -9.7796560323 0.0281708434
-0.1306460522 -9.8010316157 0.0285047952
-0.0328195056 -9.8214717706 0.0288468973
0.0652032862 -9.8409726125 0.0291973985
0.1634128261 -9.8595303440 0.0295565569
0.2617995762 -9.8771412554 0.0299246405
0.3603539595 -9.8938017251 0.0303019276
0.4590663606 -9.9095082204 0.0306887073
0.5579271258 -9.9242572980 0.0310852801
0.6569265647 -9.9380456043 0.0314919579
0.7560549505 -9.9508698766 0.0319090652
0.8553025210 -9.9627269427 0.0323369392
0.9546594792 -9.9736137224 0.0327759306
1.0541159943 -9.9835272273 0.0332264041
1.1536622022 -9.9924645617 0.0336887392
1.2532882066 -10.0004229229 0.0341633306
1.3529840796 -10.0073996019 0.0346505892
1.4527398622 -10.0133919838 0.0351509428
1.5525455658 -10.0183975483 0.0356648368
1.6523911723 -10.0224138702 0.0361927349
1.7522666350 -10.0254386198 0.0367351205
1.8521618796 -10.0274695635 0.0372924970
1.9520668048 -10.0285045642 0.0378653892
2.0519712829 -10.0285415818 0.0384543442
2.1518651611 -10.0275786736 0.0390599323
2.2517382612 -10.0256139947 0.0396827485
2.3515803814 -10.0226457986 0.0403234135
2.4513812966 -10.0186724375 0.0409825749
2.5511307591 -10.0136923628 0.0416609085
2.6508184989 -10.0077041254 0.0423591201
2.7504342253 -10.0007063763 0.0430779466
2.8499676270 -9.9926978670 0.0438181576
2.9494083726 -9.9836774495 0.0445805571
3.0487461115 -9.9736440773 0.0453659857
3.1479704750 -9.9625968055 0.0461753216
3.2470710760 -9.9505347911 0.0470094830
3.3460375102 -9.9374572934 0.0478694305
3.4448593569 -9.9233636746 0.0487561687
3.5435261787 -9.9082533999 0.0496707485
3.6420275231 -9.8921260381 0.0506142704
3.7403529224 -9.8749812618 0.0515878858
3.8384918942 -9.8568188477 0.0525928006
3.9364339422 -9.8376386772 0.0536302781
4.0341685567 -9.8174407365 0.0547016413
4.1316852143 -9.7962251171 0.0558082769
4.2289733794 -9.7739920160 0.0569516384
4.3260225038 -9.7507417363 0.0581332495
4.4228220271 -9.7264746871 0.0593547083
4.5193613774 -9.7011913842 0.0606176913
4.6156299713 -9.6748924505 0.0619239570
4.7116172138 -9.6475786158 0.0632753519
4.8073124994 -9.6192507178 0.0646738135
4.9027052112 -9.5899097019 0.0661213767
4.9977847216 -9.5595566217 0.0676201790
5.0925403921 -9.5281926395 0.0691724653
5.1869615735 -9.4958190263 0.0707805955
5.2810376055 -9.4624371624 0.0724470496
5.3747578168 -9.4280485377 0.0741744348
5.4681115247 -9.3926547518 0.0759654936
5.5610880353 -9.3562575146 0.0778231105
5.6536766421 -9.3188586464 0.0797503199
5.7458666268 -9.2804600786 0.0817503164
5.8376472580 -9.2410638536 0.0838264621
5.9290077907 -9.2006721255 0.0859822967
6.0199374657 -9.1592871603 0.0882215496
6.1104255089 -9.1169113363 0.0905481483
6.2004611301 -9.0735471446 0.0929662307
6.2900335218 -9.0291971892 0.0954801602
6.3791318590 -8.9838641878 0.0980945348
6.4677452967 -8.9375509716 0.1008142019
6.5558629688 -8.8902604867 0.1036442772
6.6434739874 -8.8419957936 0.1065901555
6.7305674400 -8.7927600680 0.1096575270
6.8171323876 -8.7425566016 0.1128524007
6.9031578632 -8.6913888020 0.1161811203
6.9886328700 -8.6392601939 0.1196503804
7.0735463773 -8.5861744189 0.1232672496
7.1578873185 -8.5321352369 0.1270392029
7.2416445893 -8.4771465261 0.1309741319
7.3248070436 -8.4212122836 0.1350803732
7.4073634896 -8.3643366267 0.1393667404
7.4893026858 -8.3065237930 0.1438425586
7.5706133400 -8.2477781415 0.1485176775
7.6512841019 -8.1881041529 0.1534025131
7.7313035583 -8.1275064312 0.1585080901
7.8106602304 -8.0659897041 0.1638460711
7.8893425678 -8.0035588238 0.1694287892
7.9673389415 -7.9402187684 0.1752692991
8.0446376383 -7.8759746429 0.1813814246
8.1212268555 -7.8108316799 0.1877797909
8.1970946923 -7.7447952414 0.1944798842
8.2722291423 -7.6778708196 0.2014981083
8.3466180870 -7.6100640386 0.2088518274
8.4202492851 -7.5413806555 0.2165594372
8.4931103644 -7.4718265621 0.2246404242
8.5651888123 -7.4014077867 0.2331154275
8.6364719638 -7.3301304956 0.2420063201
8.7069469917 -7.2580009950 0.2513362724
8.7766008938 -7.1850257330 0.2611298404
8.8454204803 -7.1112113016 0.2714130457
8.9133923603 -7.0365644393 0.2822134643
8.9805029267 -6.9610920329 0.2935603247
9.0467383416 -6.8848011204 0.3054846019
9.1120845187 -6.8076988937 0.3180191293
9.1765271070 -6.7297927015 0.3311987035
9.2400514709 -6.6510900521 0.3450602083
9.3026426714 -6.5715986169 0.3596427324
9.3642854442 -6.4913262339 0.3749877063
9.4249641779 -6.4102809111 0.3911390346
9.4846628899 -6.3284708309 0.4081432449
9.5433652013 -6.2459043537 0.4260496383
9.6010543104 -6.1625900230 0.4449104490
9.6577129635 -6.0785365696 0.4647810148
9.7133234266 -5.9937529171 0.4857199485
9.7678674516 -5.9082481868 0.5077893276
9.8213262444 -5.8220317037 0.5310548809
9.8736804286 -5.7351130025 0.5555861935
9.9249100081 -5.6475018341 0.5814569136
9.9749943280 -5.5592081721 0.6087449678
10.0239120325 -5.4702422206 0.6375327907
10.0716410211 -5.3806144214 0.6679075526
10.1181584030 -5.2903354624 0.6999614020
10.1634404473 -5.1994162861 0.7337917133
10.2074625339 -5.1078680990 0.7695013368
10.2501990985 -5.0157023811 0.8071988598
10.2916235774 -4.9229308962 0.8469988691
10.3317083495 -4.8295657029 0.8890222139
10.3704246745 -4.7356191658 0.9333962772
10.4077426295 -4.6411039680 0.9802552412
10.4436310437 -4.5460331236 1.0297403507
10.4780574291 -4.4504199914 1.0820001766
10.5109879094 -4.3542782888 1.1371908673
10.5423871473 -4.2576221073 1.1954763896
10.5722182685 -4.1604659278 1.2570287582
10.6004427842 -4.0628246374 1.3220282450
10.6270205117 -3.9647135466 1.3906635620
10.6519094942 -3.8661484076 1.4631320193
10.6750659172 -3.7671454334 1.5396396477
10.6964440269 -3.6677213177 1.6204012749
10.7159960469 -3.5678932556 1.7056405555
10.7336720941 -3.4676789653 1.7955899440
10.7494200974 -3.3670967108 1.8904905965
10.7631857169 -3.2661653251 1.9905921938
10.7749122656 -3.1649042346 2.0961526807
10.7845406342 -3.0633334839 2.2074378981
10.7920092213 -2.9614737622 2.3247210990
10.7972538691 -2.8593464290 2.4482823383
10.8002078048 -2.7569735422 2.5784077193
10.8008015921 -2.6543778854 2.7153884699
10.7989630936 -2.5515829964 2.8595198438
10.7946174436 -2.4486131957 3.0110998340
10.7876870354 -2.3454936160 3.1704276549
10.7780915278 -2.2422502303 3.3378019934
10.7657478674 -2.1389098819 3.5135190174
10.7505703333 -2.0355003123 3.6978701006
10.7324706081 -1.9320501898 3.8911392446
10.7113578748 -1.8285891367 4.0936002162
10.6871389430 -1.7251477557 4.3055133528
10.6597184127 -1.6217576548 4.5271219949
10.6289988732 -1.5184514705 4.7586486259
10.5948811402 -1.4152628887 5.0002906292
10.5572645454 -1.3122266636 5.2522156416
10.5160472637 -1.2093786321 5.5145566772
10.4711266989 -1.1067557272 5.7874067599
10.4223999266 -1.0043959838 6.0708133298
10.3697641775 -0.9023385441 6.3647724047
10.3131174156 -0.8006236530 6.6692222545
10.2523589255 -0.6992926523 6.9840373238
10.1873900396 -0.5983879642 7.3090213628
10.1181148253 -0.4979530717 7.6439013947
10.0444409784 -0.3980324853 7.9883206292
9.9662806104 -0.2986717106 8.3418327243
9.8835512658 -0.1999171947 8.7038952802
9.7961768607 -0.1018162741 9.0738645108
9.7040887733 -0.0044171036 9.4509900269
9.6072269092 0.0922314190 9.8344106716
9.5055408528 0.1880797449 10.2231511063
9.3989910193 0.2830777743 10.6161196140
9.2875498321 0.3771749700 11.0121071840
9.1712028917 0.4703204822 11.4097880901
9.0499501456 0.5624632868 11.8077221958
8.9238070079 0.6535523329 12.2043590551
8.7928054294 0.7435367030 12.5980439987
8.6569949095 0.8323657861 12.9870264708
8.5164433902 0.9199894555 13.3694703262
8.3712380491 1.0063582600 13.7434665054
8.2214859505 1.0914236226 14.1070480078
8.0673145275 1.1751380396 14.4582065815
7.9088718923 1.2574552939 14.7949120049
7.7463269387 1.3383306610 15.1151326466
7.5798692339 1.4177211204 15.4168575782
7.4097086655 1.4955855678 15.6981204435
7.2360748751 1.5718850131 15.9570230141
7.0592164093 1.6465827864 16.1917603045
6.8793996572 1.7196447193 16.4006445174
6.6969075353 1.7910393270 16.5821287616
6.5120379126 1.8607379702 16.7348297248
6.3251018846 1.9287149999 16.8575479135
6.1364217605 1.9949478902 16.9492865255
5.9463289593 2.0594173414 17.0092668315
5.7551617242 2.1221073703 17.0369408570
5.5632627112 2.1830053711 17.0320005003
5.3709765611 2.2421021546 16.9943828563
5.1786473754 2.2993919630 16.9242718037
4.9866162272 2.3548724577 16.8220955611
4.7952187294 2.4085446848 16.6885205456
4.6047826426 2.4604130143 16.5244413801
4.4156256332 2.5104850569 16.3309675444
4.2280531836 2.5587715601 16.1094070955
4.0423566500 2.6052862805 15.8612473842
3.8588115548 2.6500458412 15.5881338453
3.6776760979 2.6930695719 15.2918472235
3.4991898815 2.7343793318 14.9742791150
3.3235729132 2.7739993264 14.6374075377
3.1510248394 2.8119559106 14.2832721407
2.9817244294 2.8482773843 13.9139494290
2.8158293079 2.8829937920 13.5315298974
2.6534759163 2.9161367048 13.1380948704
2.4947796838 2.9477390228 12.7356965966
2.3398354165 2.9778347593 12.3263387260
2.1887178482 3.0064588467 11.9119598297
2.0414823599 3.0336469368 11.4944186285
1.8981658444 3.0594352136 11.0754815042
1.7587876648 3.0838602152 10.6568124667
1.6233507266 3.1069586628 10.2399651165
1.4918426111 3.1287673022 9.8263768767
1.3642367523 3.1493227576 9.4173652132
1.2404936534 3.1686613943 9.0141256868
1.1205621139 3.1868191955 8.6177317364
1.0043804461 3.2038316504 8.2291359496
0.8918776760 3.2197336546 7.8491726365
0.7829747202 3.2345594213 7.4785615663
0.6775855138 3.2483424047 7.1179125949
0.5756180855 3.2611152342 6.7677310191
0.4769755912 3.2729096588 6.4284236004
0.3815572739 3.2837565006 6.1003048999
0.2892593549 3.2936856199 5.7836039139
0.1999758775 3.3027258859 5.4784709285
0.1135994605 3.3109051573 5.1849842804
0.0300219979 3.3182502695 4.9031571530
-0.0508647131 3.3247870286 4.6329441869
-0.1291684086 3.3305402109 4.3742478802
-0.2049958573 3.3355335687 4.1269247272
-0.2784524199 3.3397898395 3.8907910525
-0.3496416646 3.3433307603 3.6656285081
-0.4186650370 3.3461770855 3.4511892157
-0.4856215790 3.3483486072 3.2472005422
-0.5506076941 3.3498641788 3.0533695045
-0.6137169552 3.3507417405 2.8693868054
-0.6750399509 3.3509983466 2.6949305064
-0.7346641675 3.3506501940 2.5296693496
-0.7926739027 3.3497126523 2.3732657418
-0.8491502072 3.3482002944 2.2253784170
-0.9041708526 3.3461269272 2.0856647959
-0.9578103213 3.3435056234 1.9537830609
-1.0101398161 3.3403487525 1.8293939662
-1.0612272873 3.3366680125 1.7121624027
-1.1111374741 3.3324744608 1.6017587384
-1.1599319589 3.3277785447 1.4978599520
-1.2076692328 3.3225901312 1.4001505792
-1.2544047692 3.3169185372 1.3083234900
-1.3001911048 3.3107725574 1.2220805124
-1.3450779272 3.3041604927 1.1411329201
-1.3891121660 3.2970901770 1.0652017984
-1.4323380881 3.2895690036 0.9940183021
-1.4747973948 3.2816039505 0.9273238183
-1.5165293205 3.2732016044 0.8648700468
-1.5575707322 3.2643681846 0.8064190070
-1.5979562293 3.2551095651 0.7517429836
-1.6377182415 3.2454312965 0.7006244184
-1.6768871275 3.2353386261 0.6528557562
-1.7154912705 3.2248365178 0.6082392532
-1.7535571728 3.2139296709 0.5665867541
-1.7911095477 3.2026225377 0.5277194427
-1.8281714094 3.1909193409 0.4914675724
-1.8647641598 3.1788240891 0.4576701807
-1.9009076731 3.1663405925 0.4261747917
-1.9366203769 3.1534724775 0.3968371099
-1.9719193310 3.1402231998 0.3695207093
-2.0068203028 3.1265960582 0.3440967192
-2.0413378394 3.1125942062 0.3204435098
-2.0754853377 3.0982206638 0.2984463796
-2.1092751103 3.0834783285 0.2779972458
-2.1427184492 3.0683699856 0.2589943396
-2.1758256866 3.0528983175 0.2413419074
-2.2086062522 3.0370659134 0.2249499187
-2.2410687281 3.0208752775 0.2097337820
-2.2732209015 3.0043288370 0.1956140682
-2.3050698138 2.9874289500 0.1825162436
-2.3366218077 2.9701779121 0.1703704115
-2.3678825718 2.9525779636 0.1591110633
-2.3988571825 2.9346312952 0.1486768389
-2.4295501444 2.9163400542 0.1390102973
-2.4599654274 2.8977063497 0.1300576961
-2.4901065026 2.8787322581 0.1217687806
-2.5199763758 2.8594198271 0.1140965827
-2.5495776189 2.8397710810 0.1069972290
-2.5789124003 2.8197880243 0.1004297574
-2.6079825121 2.7994726458 0.0943559436
-2.6367893973 2.7788269218 0.0887401354
-2.6653341743 2.7578528202 0.0835490956
-2.6936176600 2.7365523030 0.0787518530
-2.7216403921 2.7149273291 0.0743195620
-2.7494026496 2.6929798577 0.0702253682
-2.7769044717 2.6707118499 0.0664442829
-2.8041456764 2.6481252719 0.0629530634
-2.8311258771 2.6252220964 0.0597301009
-2.8578444987 2.6020043050 0.0567553138
-2.8843007923 2.5784738897 0.0540100482
-2.9104938493 2.5546328550 0.0514769835
-2.9364226140 2.5304832193 0.0491400435
-2.9620858965 2.5060270162 0.0469843138
-2.9874823834 2.4812662958 0.0449959628
-3.0126106486 2.4562031261 0.0431621684
-3.0374691636 2.4308395942 0.0414710491
-3.0620563061 2.4051778069 0.0399115993
-3.0863703694 2.3792198921 0.0384736287
-3.1104095700 2.3529679993 0.0371477053
-3.1341720552 2.3264243006 0.0359251023
-3.1576559101 2.2995909911 0.0347977487
-3.1808591646 2.2724702901 0.0337581823
-3.2037797987 2.2450644410 0.0327995067
-3.2264157489 2.2173757122 0.0319153504
-3.2487649134 2.1894063977 0.0310998292
-3.2708251565 2.1611588171 0.0303475104
-3.2925943141 2.1326353162 0.0296533804
-3.3140701971 2.1038382673 0.0290128139
-3.3352505962 2.0747700695 0.0284215448
-3.3561332849 2.0454331489 0.0278756402
-3.3767160235 2.0158299587 0.0273714753
-3.3969965622 1.9859629797 0.0269057101
-3.4169726441 1.9558347201 0.0264752688
-3.4366420078 1.9254477156 0.0260773187
-3.4560023904 1.8948045299 0.0257092530
-3.4750515297 1.8639077543 0.0253686725
-3.4937871666 1.8327600080 0.0250533703
-3.5122070470 1.8013639380 0.0247613170
-3.5303089241 1.7697222191 0.0244906468
-3.5480905601 1.7378375539 0.0242396447
-3.5655497277 1.7057126729 0.0240067351
-3.5826842122 1.6733503340 0.0237904706
-3.5994918126 1.6407533231 0.0235895223
-3.6159703432 1.6079244534 0.0234026698
-3.6321176349 1.5748665655 0.0232287933
-3.6479315363 1.5415825275 0.0230668653
-3.6634099152 1.5080752345 0.0229159430
-3.6785506592 1.4743476087 0.0227751621
-3.6933516772 1.4404025992 0.0226437300
-3.7078108999 1.4062431819 0.0225209200
-3.7219262811 1.3718723592 0.0224060665
-3.7356957983 1.3372931597 0.0222985594
-3.7491174536 1.3025086385 0.0221978399
-3.7621892746 1.2675218765 0.0221033963
-3.7749093147 1.2323359804 0.0220147602
-3.7872756540 1.1969540824 0.0219315025
-3.7992864002 1.1613793404 0.0218532309
-3.8109396886 1.1256149369 0.0217795861
-3.8222336834 1.0896640797 0.0217102396
-3.8331665776 1.0535300011 0.0216448909
-3.8437365938 1.0172159577 0.0215832651
-3.8539419847 0.9807252306 0.0215251109
-3.8637810335 0.9440611245 0.0214701987
-3.8732520544 0.9072269679 0.0214183185
-3.8823533930 0.8702261125 0.0213692784
-3.8910834267 0.8330619333 0.0213229031
-3.8994405650 0.7957378280 0.0212790325
-3.9074232501 0.7582572171 0.0212375204
-3.9150299570 0.7206235431 0.0211982331
-3.9222591940 0.6828402706 0.0211610486
-3.9291095029 0.6449108860 0.0211258557
-3.9355794597 0.6068388969 0.0210925527
-3.9416676743 0.5686278322 0.0210610469
-3.9473727913 0.5302812414 0.0210312535
-3.9526934898 0.4918026947 0.0210030954
-3.9576284844 0.4531957825 0.0209765022
-3.9621765247 0.4144641149 0.0209514097
-3.9663363959 0.3756113216 0.0209277592
-3.9701069193 0.3366410517 0.0209054975
-3.9734869520 0.2975569732 0.0208845759
-3.9764753876 0.2583627725 0.0208649500
-3.9790711559 0.2190621545 0.0208465795
-3.9812732240 0.1796588419 0.0208294278
-3.9830805954 0.1401565750 0.0208134613
-3.9844923112 0.1005591117 0.0207986497
-3.9855074497 0.0608702263 0.0207849653
-3.9861251266 0.0210937100 0.0207723830
-3.9863444957 -0.0187666296 0.0207608800
-3.9861647485 -0.0587069694 0.0207504357
-3.9855851146 -0.0987234703 0.0207410313
-3.9846048621 -0.1388122783 0.0207326498
-3.9832232973 -0.1789695246 0.0207252760
-3.9814397653 -0.2191913255 0.0207188960
-3.9792536498 -0.2594737837 0.0207134972
-3.9766643736 -0.2998129876 0.0207090685
-3.9736713985 -0.3402050126 0.0207055999
-3.9702742256 -0.3806459209 0.0207030823
-3.9664723951 -0.4211317619 0.0207015077
-3.9622654870 -0.4616585729 0.0207008690
-3.9576531208 -0.5022223791 0.0207011599
-3.9526349557 -0.5428191942 0.0207023749
-3.9472106908 -0.5834450206 0.0207045091
-3.9413800652 -0.6240958502 0.0207075584
-3.9351428581 -0.6647676641 0.0207115192
-3.9284988888 -0.7054564334 0.0207163885
-3.9214480171 -0.7461581199 0.0207221640
-3.9139901431 -0.7868686755 0.0207288435
-3.9061252074 -0.8275840437 0.0207364256
-3.8978531913 -0.8683001594 0.0207449092
-3.8891741165 -0.9090129492 0.0207542936
-3.8800880459 -0.9497183319 0.0207645784
-3.8705950828 -0.9904122194 0.0207757639
-3.8606953717 -1.0310905163 0.0207878502
-3.8503890981 -1.0717491206 0.0208008381
-3.8396764884 -1.1123839244 0.0208147286
-3.8285578102 -1.1529908138 0.0208295230
-3.8170333724 -1.1935656700 0.0208452229
-3.8051035249 -1.2341043686 0.0208618300
-3.7927686589 -1.2746027810 0.0208793465
-3.7800292073 -1.3150567745 0.0208977747
-3.7668856438 -1.3554622129 0.0209171171
-3.7533384841 -1.3958149560 0.0209373766
-3.7393882848 -1.4361108610 0.0209585560
-3.7250356443 -1.4763457828 0.0209806587
-3.7102812025 -1.5165155743 0.0210036881
-3.6951256406 -1.5566160861 0.0210276477
-3.6795696816 -1.5966431678 0.0210525415
-3.6636140898 -1.6365926684 0.0210783735
-3.6472596713 -1.6764604363 0.0211051479
-3.6305072735 -1.7162423198 0.0211328691
-3.6133577856 -1.7559341674 0.0211615417
-3.5958121381 -1.7955318288 0.0211911705
-3.5778713034 -1.8350311546 0.0212217606
-3.5595362951 -1.8744279973 0.0212533170
-3.5408081684 -1.9137182110 0.0212858452
-3.5216880202 -1.9528976528 0.0213193506
-3.5021769887 -1.9919621825 0.0213538391
-3.4822762535 -2.0309076630 0.0213893165
-3.4619870357 -2.0697299611 0.0214257889
-3.4413105978 -2.1084249479 0.0214632626
-3.4202482435 -2.1469884989 0.0215017441
-3.3988013179 -2.1854164945 0.0215412400
-3.3769712073 -2.2237048208 0.0215817572
-3.3547593393 -2.2618493696 0.0216233026
-3.3321671824 -2.2998460389 0.0216658836
-3.3091962463 -2.3376907334 0.0217095075
-3.2858480816 -2.3753793652 0.0217541819
-3.2621242799 -2.4129078537 0.0217999146
-3.2380264737 -2.4502721261 0.0218467137
-3.2135563362 -2.4874681183 0.0218945873
-3.1887155812 -2.5244917750 0.0219435438
-3.1635059632 -2.5613390499 0.0219935918
-3.1379292771 -2.5980059066 0.0220447401
-3.1119873583 -2.6344883187 0.0220969977
-3.0856820826 -2.6707822702 0.0221503739
-3.0590153657 -2.7068837563 0.0222048781
-3.0319891637 -2.7427887833 0.0222605198
-3.0046054724 -2.7784933694 0.0223173090
-2.9768663277 -2.8139935451 0.0223752558
-2.9487738051 -2.8492853533 0.0224343704
-2.9203300197 -2.8843648502 0.0224946634
-2.8915371261 -2.9192281052 0.0225561456
-2.8623973184 -2.9538712020 0.0226188279
-2.8329128295 -2.9882902381 0.0226827216
-2.8030859319 -3.0224813262 0.0227478381
-2.7729189366 -3.0564405938 0.0228141891
-2.7424141936 -3.0901641843 0.0228817866
-2.7115740913 -3.1236482569 0.0229506428
-2.6804010567 -3.1568889872 0.0230207701
-2.6488975550 -3.1898825677 0.0230921813
-2.6170660897 -3.2226252080 0.0231648894
-2.5849092021 -3.2551131357 0.0232389075
-2.5524294711 -3.2873425962 0.0233142491
-2.5196295136 -3.3193098533 0.0233909282
-2.4865119836 -3.3510111900 0.0234689586
-2.4530795723 -3.3824429084 0.0235483548
-2.4193350081 -3.4136013303 0.0236291313
-2.3852810561 -3.4444827979 0.0237113031
-2.3509205182 -3.4750836736 0.0237948854
-2.3162562325 -3.5054003410 0.0238798937
-2.2812910734 -3.5354292049 0.0239663438
-2.2460279514 -3.5651666918 0.0240542518
-2.2104698126 -3.5946092507 0.0241436342
-2.1746196389 -3.6237533527 0.0242345077
-2.1384804473 -3.6525954921 0.0243268894
-2.1020552900 -3.6811321867 0.0244207966
-2.0653472543 -3.7093599778 0.0245162472
-2.0283594618 -3.7372754310 0.0246132592
-1.9910950686 -3.7648751363 0.0247118511
-1.9535572652 -3.7921557087 0.0248120416
-1.9157492757 -3.8191137888 0.0249138499
-1.8776743579 -3.8457460424 0.0250172955
-1.8393358034 -3.8720491619 0.0251223983
-1.8007369363 -3.8980198658 0.0252291784
-1.7618811142 -3.9236548998 0.0253376566
-1.7227717269 -3.9489510366 0.0254478539
-1.6834121966 -3.9739050766 0.0255597916
-1.6438059779 -3.9985138483 0.0256734916
-1.6039565568 -4.0227742086 0.0257889762
-1.5638674510 -4.0466830430 0.0259062680
-1.5235422095 -4.0702372662 0.0260253901
-1.4829844119 -4.0934338226 0.0261463659
-1.4421976689 -4.1162696862 0.0262692193
-1.4011856212 -4.1387418612 0.0263939749
-1.3599519398 -4.1608473828 0.0265206574
-1.3185003252 -4.1825833167 0.0266492921
-1.2768345075 -4.2039467602 0.0267799048
-1.2349582460 -4.2249348422 0.0269125216
-1.1928753286 -4.2455447235 0.0270471695
-1.1505895718 -4.2657735975 0.0271838755
-1.1081048203 -4.2856186902 0.0273226673
-1.0654249468 -4.3050772606 0.0274635733
-1.0225538512 -4.3241466013 0.0276066221
-0.9794954608 -4.3428240384 0.0277518431
-0.9362537298 -4.3611069325 0.0278992659
-0.8928326387 -4.3789926781 0.0280489211
-0.8492361946 -4.3964787050 0.0282008395
-0.8054684299 -4.4135624776 0.0283550525
-0.7615334030 -4.4302414961 0.0285115923
-0.7174351971 -4.4465132962 0.0286704914
-0.6731779204 -4.4623754499 0.0288317830
-0.6287657053 -4.4778255653 0.0289955011
-0.5842027086 -4.4928612874 0.0291616800
-0.5394931105 -4.5074802981 0.0293303547
-0.4946411148 -4.5216803168 0.0295015611
-0.4496509481 -4.5354591003 0.0296753353
-0.4045268597 -4.5488144435 0.0298517144
-0.3592731210 -4.5617441793 0.0300307361
-0.3138940255 -4.5742461796 0.0302124387
-0.2683938880 -4.5863183545 0.0303968611
-0.2227770444 -4.5979586538 0.0305840432
-0.1770478514 -4.6091650663 0.0307740253
-0.1312106860 -4.6199356206 0.0309668487
-0.0852699449 -4.6302683854 0.0311625550
-0.0392300447 -4.6401614694 0.0313611871
0.0069045791 -4.6496130221 0.0315627883
0.0531294721 -4.6586212335 0.0317674027
0.0994401618 -4.6671843348 0.0319750752
0.1458321575 -4.6753005986 0.0321858516
0.1923009511 -4.6829683390 0.0323997784
0.2388420175 -4.6901859119 0.0326169030
0.2854508146 -4.6969517154 0.0328372734
0.3321227842 -4.7032641897 0.0330609388
0.3788533523 -4.7091218179 0.0332879490
0.4256379292 -4.7145231257 0.0335183547
0.4724719104 -4.7194666820 0.0337522076
0.5193506766 -4.7239510988 0.0339895601
0.5662695944 -4.7279750320 0.0342304657
0.6132240166 -4.7315371809 0.0344749787
0.6602092827 -4.7346362889 0.0347231544
0.7072207194 -4.7372711436 0.0349750490
0.7542536406 -4.7394405772 0.0352307196
0.8013033486 -4.7411434662 0.0354902244
0.8483651337 -4.7423787321 0.0357536226
0.8954342754 -4.7431453414 0.0360209742
0.9425060422 -4.7434423061 0.0362923404
0.9895756925 -4.7432686832 0.0365677833
1.0366384748 -4.7426235755 0.0368473661
1.0836896282 -4.7415061318 0.0371311531
1.1307243830 -4.7399155467 0.0374192095
1.1777379608 -4.7378510610 0.0377116018
1.2247255755 -4.7353119619 0.0380083973
1.2716824329 -4.7322975830 0.0383096646
1.3186037323 -4.7288073048 0.0386154735
1.3654846660 -4.7248405545 0.0389258946
1.4123204199 -4.7203968063 0.0392409999
1.4591061746 -4.7154755817 0.0395608625
1.5058371052 -4.7100764493 0.0398855565
1.5525083818 -4.7041990253 0.0402151573
1.5991151705 -4.6978429736 0.0405497417
1.6456526332 -4.6910080056 0.0408893871
1.6921159285 -4.6836938808 0.0412341726
1.7385002121 -4.6759004064 0.0415841783
1.7848006371 -4.6676274380 0.0419394856
1.8310123546 -4.6588748794 0.0423001771
1.8771305141 -4.6496426825 0.0426663365
1.9231502642 -4.6399308481 0.0430380489
1.9690667527 -4.6297394251 0.0434154006
2.0148751273 -4.6190685114 0.0437984791
2.0605705361 -4.6079182536 0.0441873731
2.1061481281 -4.5962888470 0.0445821727
2.1516030533 -4.5841805360 0.0449829692
2.1969304637 -4.5715936141 0.0453898552
2.2421255137 -4.5585284236 0.0458029243
2.2871833599 -4.5449853563 0.0462222718
2.3320991626 -4.5309648530 0.0466479939
2.3768680856 -4.5164674040 0.0470801882
2.4214852971 -4.5014935490 0.0475189535
2.4659459693 -4.4860438769 0.0479643900
2.5102452802 -4.4701190262 0.0484165989
2.5543784133 -4.4537196850 0.0488756829
2.5983405579 -4.4368465908 0.0493417456
2.6421269100 -4.4195005309 0.0498148922
2.6857326728 -4.4016823419 0.0502952289
2.7291530572 -4.3833929105 0.0507828630
2.7723832816 -4.3646331728 0.0512779029
2.8154185732 -4.3454041145 0.0517804587
2.8582541682 -4.3257067712 0.0522906411
2.9008853125 -4.3055422282 0.0528085621
2.9433072620 -4.2849116205 0.0533343345
2.9855152824 -4.2638161326 0.0538680727
3.0275046507 -4.2422569991 0.0544098918
3.0692706557 -4.2202355039 0.0549599080
3.1108085979 -4.1977529809 0.0555182383
3.1521137904 -4.1748108133 0.0560850006
3.1931815585 -4.1514104342 0.0566603140
3.2340072414 -4.1275533263 0.0572442982
3.2745861922 -4.1032410217 0.0578370739
3.3149137786 -4.0784751020 0.0584387621
3.3549853825 -4.0532571985 0.0590494848
3.3947964014 -4.0275889916 0.0596693649
3.4343422487 -4.0014722113 0.0602985253
3.4736183543 -3.9749086367 0.0609370898
3.5126201648 -3.9479000964 0.0615851824
3.5513431435 -3.9204484679 0.0622429276
3.5897827723 -3.8925556778 0.0629104502
3.6279345510 -3.8642237019 0.0635878750
3.6657939983 -3.8354545646 0.0642753270
3.7033566517 -3.8062503394 0.0649729315
3.7406180689 -3.7766131484 0.0656808133
3.7775738277 -3.7465451623 0.0663990971
3.8142195266 -3.7160486003 0.0671279074
3.8505507851 -3.6851257301 0.0678673684
3.8865632445 -3.6537788675 0.0686176035
3.9222525685 -3.6220103767 0.0693787356
3.9576144433 -3.5898226696 0.0701508866
3.9926445779 -3.5572182065 0.0709341779
4.0273387054 -3.5241994948 0.0717287294
4.0616925830 -3.4907690900 0.0725346599
4.0957019921 -3.4569295950 0.0733520869
4.1293627396 -3.4226836598 0.0741811261
4.1626706578 -3.3880339818 0.0750218918
4.1956216053 -3.3529833051 0.0758744961
4.2282114669 -3.3175344210 0.0767390491
4.2604361546 -3.2816901672 0.0776156586
4.2922916082 -3.2454534277 0.0785044298
4.3237737952 -3.2088271332 0.0794054653
4.3548787117 -3.1718142602 0.0803188648
4.3856023830 -3.1344178312 0.0812447247
4.4159408637 -3.0966409142 0.0821831378
4.4458902385 -3.0584866230 0.0831341936
4.4754466224 -3.0199581164 0.0840979775
4.5046061618 -2.9810585985 0.0850745707
4.5333650342 -2.9417913179 0.0860640499
4.5617194491 -2.9021595683 0.0870664873
4.5896656486 -2.8621666872 0.0880819496
4.6171999077 -2.8218160567 0.0891104986
4.6443185349 -2.7811111025 0.0901521902
4.6710178725 -2.7400552941 0.0912070743
4.6972942973 -2.6986521444 0.0922751947
4.7231442213 -2.6569052092 0.0933565882
4.7485640915 -2.6148180875 0.0944512850
4.7735503910 -2.5723944206 0.0955593076
4.7980996397 -2.5296378923 0.0966806710
4.8222083939 -2.4865522283 0.0978153818
4.8458732476 -2.4431411961 0.0989634385
4.8690908327 -2.3994086047 0.1001248304
4.8918578197 -2.3553583040 0.1012995375
4.9141709177 -2.3109941852 0.1024875303
4.9360268756 -2.2663201797 0.1036887689
4.9574224822 -2.2213402590 0.1049032030
4.9783545667 -2.1760584348 0.1061307713
4.9988199991 -2.1304787583 0.1073714011
5.0188156913 -2.0846053199 0.1086250075
5.0383385969 -2.0384422487 0.1098914936
5.0573857123 -1.9919937125 0.1111707495
5.0759540765 -1.9452639176 0.1124626521
5.0940407725 -1.8982571076 0.1137670643
5.1116429271 -1.8509775639 0.1150838352
5.1287577117 -1.8034296049 0.1164127988
5.1453823429 -1.7556175859 0.1177537740
5.1615140830 -1.7075458983 0.1191065641
5.1771502402 -1.6592189696 0.1204709561
5.1922881694 -1.6106412629 0.1218467205
5.2069252729 -1.5618172765 0.1232336106
5.2210590007 -1.5127515434 0.1246313618
5.2346868508 -1.4634486308 0.1260396919
5.2478063700 -1.4139131402 0.1274582998
5.2604151545 -1.3641497065 0.1288868654
5.2725108505 -1.3141629974 0.1303250491
5.2840911541 -1.2639577136 0.1317724913
5.2951538125 -1.2135385881 0.1332288121
5.3056966243 -1.1629103853 0.1346936106
5.3157174402 -1.1120779009 0.1361664649
5.3252141629 -1.0610459620 0.1376469311
5.3341847483 -1.0098194256 0.1391345435
5.3426272059 -0.9584031788 0.1406288138
5.3505395992 -0.9068021379 0.1421292311
5.3579200459 -0.8550212485 0.1436352611
5.3647667191 -0.8030654847 0.1451463465
5.3710778474 -0.7509398481 0.1466619057
5.3768517156 -0.6986493680 0.1481813337
5.3820866648 -0.6461991010 0.1497040010
5.3867810932 -0.5935941298 0.1512292537
5.3909334572 -0.5408395629 0.1527564135
5.3945422708 -0.4879405343 0.1542847773
5.3976061065 -0.4349022032 0.1558136172
5.4001235962 -0.3817297529 0.1573421805
5.4020934316 -0.3284283900 0.1588696897
5.4035143642 -0.2750033449 0.1603953425
5.4043852059 -0.2214598707 0.1619183116
5.4047048299 -0.1678032424 0.1634377455
5.4044721710 -0.1140387562 0.1649527680
5.4036862256 -0.0601717299 0.1664624787
5.4023460528 -0.0062075013 0.1679659534
5.4004507743 0.0478485720 0.1694622443
5.3979995754 0.1019911131 0.1709503802
5.3949917047 0.1562147265 0.1724293675
5.3914264752 0.2105139986 0.1738981902
5.3873032642 0.2648834989 0.1753558106
5.3826215140 0.3193177793 0.1768011701
5.3773807319 0.3738113763 0.1782331899
5.3715804913 0.4283588105 0.1796507716
5.3652204311 0.4829545877 0.1810527982
5.3583002564 0.5375931990 0.1824381349
5.3508197394 0.5922691225 0.1838056304
5.3427787188 0.6469768232 0.1851541175
5.3341771005 0.7017107532 0.1864824145
5.3250148578 0.7564653532 0.1877893262
5.3152920319 0.8112350530 0.1890736460
5.3050087315 0.8660142722 0.1903341561
5.2941651337 0.9207974200 0.1915696293
5.2827614837 0.9755788966 0.1927788305
5.2707980951 1.0303530943 0.1939605193
5.2582753502 1.0851143976 0.1951134503
5.2451936999 1.1398571839 0.1962363750
5.2315536637 1.1945758233 0.1973280431
5.2173558302 1.2492646811 0.1983872065
5.2026008565 1.3039181175 0.1994126196
5.1872894689 1.3585304886 0.2004030408
5.1714224624 1.4130961461 0.2013572349
5.1550007007 1.4676094385 0.2022739753
5.1380251164 1.5220647127 0.2031520476
5.1204967106 1.5764563141 0.2039902499
5.1024165530 1.6307785870 0.2047873949
5.0837857817 1.6850258746 0.2055423124
5.0646056027 1.7391925209 0.2062538527
5.0448772902 1.7932728717 0.2069208891
5.0246021860 1.8472612741 0.2075423181
5.0037816993 1.9011520778 0.2081170630
4.9824173065 1.9549396348 0.2086440759
4.9605105506 2.0086183017 0.2091223418
4.9380630411 2.0621824398 0.2095508792
4.9150764536 2.1156264154 0.2099287422
4.8915525292 2.1689445999 0.2102550235
4.8674930741 2.2221313716 0.2105288573
4.8428999590 2.2751811163 0.2107494219
4.8177751188 2.3280882277 0.2109159397
4.7921205523 2.3808471073 0.2110276815
4.7659383207 2.4334521657 0.2110839677
4.7392305480 2.4858978240 0.2110841722
4.7119994195 2.5381785134 0.2110277217
4.6842471821 2.5902886760 0.2109140995
4.6559761431 2.6422227651 0.2107428468
4.6271886688 2.6939752472 0.2105135654
4.5978871851 2.7455406013 0.2102259182
4.5680741759 2.7969133199 0.2098796315
4.5377521827 2.8480879095 0.2094744960
4.5069238033 2.8990588913 0.2090103694
4.4755916913 2.9498208025 0.2084871764
4.4437585555 3.0003681955 0.2079049102
4.4114271590 3.0506956390 0.2072636337
4.3786003177 3.1007977193 0.2065634806
4.3452808998 3.1506690403 0.2058046555
4.3114718254 3.2003042240 0.2049874349
4.2771760651 3.2496979106 0.2041121673
4.2423966389 3.2988447600 0.2031792738
4.2071366154 3.3477394521 0.2021892480
4.1713991115 3.3963766870 0.2011426559
4.1351872908 3.4447511851 0.2000401359
4.0985043626 3.4928576884 0.1988823977
4.0613535813 3.5406909612 0.1976702222
4.0237382455 3.5882457899 0.1964044608
3.9856616972 3.6355169830 0.1950860348
3.9471273203 3.6824993730 0.1937159328
3.9081385398 3.7291878161 0.1922952105
3.8686988215 3.7755771926 0.1908249895
3.8288116709 3.8216624073 0.1893064553
3.7884806320 3.8674383899 0.1877408552
3.7477092863 3.9129000960 0.1861294955
3.7065012524 3.9580425074 0.1844737415
3.6648601853 4.0028606318 0.1827750139
3.6227897753 4.0473495033 0.1810347873
3.5802937470 4.0915041836 0.1792545849
3.5373758584 4.1353197623 0.1774359778
3.4940399012 4.1787913570 0.1755805833
3.4502896991 4.2219141130 0.1736900610
3.4061291079 4.2646832041 0.1717661096
3.3615620138 4.3070938337 0.1698104608
3.3165923329 4.3491412350 0.1678248790
3.2712240117 4.3908206710 0.1658111600
3.2254610256 4.4321274347 0.1637711237
3.1793073793 4.4730568486 0.1617066158
3.1327671052 4.5136042664 0.1596194962
3.0858442625 4.5537650740 0.1575116380
3.0385429382 4.5935346886 0.1553849276
2.9908672459 4.6329085594 0.1532412625
2.9428213259 4.6718821670 0.1510825415
2.8944093447 4.7104510247 0.1489106644
2.8456354939 4.7486106788 0.1467275261
2.7965039907 4.7863567091 0.1445350158
2.7470190777 4.8236847288 0.1423350130
2.6971850224 4.8605903843 0.1401293833
2.6470061173 4.8970693567 0.1379199739
2.5964866789 4.9331173616 0.1357086118
2.5456310490 4.9687301490 0.1334971008
2.4944435933 5.0039035041 0.1312872170
2.4429287021 5.0386332476 0.1290807059
2.3910907897 5.0729152359 0.1268792806
2.3389342953 5.1067453612 0.1246846182
2.2864636820 5.1401195522 0.1224983562
2.2336834371 5.1730337743 0.1203220914
2.1805980727 5.2054840297 0.1181573771
2.1272121252 5.2374663579 0.1160057200
2.0735301556 5.2689768363 0.1138685785
2.0195567496 5.3000115798 0.1117473616
1.9652965178 5.3305667418 0.1096434255
1.9107540956 5.3606385142 0.1075580731
1.8559341438 5.3902231279 0.1054925523
1.8008413482 5.4193168529 0.1034480543
1.7454804204 5.4479159988 0.1014257130
1.6898560973 5.4760169151 0.0994266036
1.6339731420 5.5036159917 0.0974517419
1.5778363434 5.5307096588 0.0955020842
1.5214505166 5.5572943878 0.0935785260
1.4648205034 5.5833666911 0.0916819024
1.4079511719 5.6089231230 0.0898129877
1.3508474173 5.6339602795 0.0879724956
1.2935141616 5.6584747990 0.0861610793
1.2359563541 5.6824633628 0.0843793318
1.1781789712 5.7059226948 0.0826277869
1.1201870170 5.7288495627 0.0809069191
1.0619855234 5.7512407778 0.0792171450
1.0035795497 5.7730931955 0.0775588242
0.9449741835 5.7944037157 0.0759322600
0.8861745400 5.8151692831 0.0743377008
0.8271857630 5.8353868879 0.0727753418
0.7680130241 5.8550535655 0.0712453254
0.7086615232 5.8741663975 0.0697477438
0.6491364887 5.8927225119 0.0682826398
0.5894431771 5.9107190834 0.0668500087
0.5295868732 5.9281533336 0.0654498002
0.4695728902 5.9450225319 0.0640819200
0.4094065693 5.9613239952 0.0627462317
0.3490932801 5.9770550891 0.0614425586
0.2886384202 5.9922132273 0.0601706858
0.2280474150 6.0067958729 0.0589303622
0.1673257179 6.0208005382 0.0577213022
0.1064788098 6.0342247851 0.0565431878
0.0455121991 6.0470662259 0.0553956709
-0.0155685784 6.0593225233 0.0542783749
-0.0767579601 6.0709913908 0.0531908969
-0.1380503566 6.0820705932 0.0521328099
-0.1994401518 6.0925579468 0.0511036642
-0.2609217038 6.1024513201 0.0501029898
-0.3224893444 6.1117486337 0.0491302985
-0.3841373804 6.1204478610 0.0481850849
-0.4458600930 6.1285470286 0.0472668293
-0.5076517390 6.1360442162 0.0463749989
-0.5695065507 6.1429375575 0.0455090494
-0.6314187367 6.1492252404 0.0446684272
-0.6933824819 6.1549055070 0.0438525707
-0.7553919485 6.1599766543 0.0430609119
-0.8174412761 6.1644370346 0.0422928778
-0.8795245824 6.1682850554 0.0415478924
-0.9416359636 6.1715191803 0.0408253773
-1.0037694952 6.1741379288 0.0401247535
-1.0659192323 6.1761398769 0.0394454427
-1.1280792102 6.1775236574 0.0387868681
-1.1902434451 6.1782879601 0.0381484558
-1.2524059347 6.1784315323 0.0375296359
-1.3145606588 6.1779531788 0.0369298431
-1.3767015798 6.1768517625 0.0363485180
-1.4388226436 6.1751262044 0.0357851077
-1.5009177801 6.1727754841 0.0352390667
-1.5629809037 6.1697986400 0.0347098575
-1.6250059143 6.1661947696 0.0341969513
-1.6869866978 6.1619630296 0.0336998285
-1.7489171268 6.1571026365 0.0332179793
-1.8107910614 6.1516128664 0.0327509042
-1.8726023497 6.1454930555 0.0322981142
-1.9343448287 6.1387426005 0.0318591312
-1.9960123249 6.1313609585 0.0314334886
-2.0575986550 6.1233476473 0.0310207311
-2.1190976269 6.1147022458 0.0306204151
-2.1805030401 6.1054243940 0.0302321089
-2.2418086864 6.0955137933 0.0298553926
-2.3030083511 6.0849702067 0.0294898586
-2.3640958131 6.0737934590 0.0291351110
-2.4250648463 6.0619834368 0.0287907662
-2.4859092195 6.0495400891 0.0284564523
-2.5466226983 6.0364634269 0.0281318095
-2.6071990445 6.0227535238 0.0278164898
-2.6676320181 6.0084105159 0.0275101570
-2.7279153772 5.9934346023 0.0272124861
-2.7880428789 5.9778260446 0.0269231638
-2.8480082804 5.9615851677 0.0266418878
-2.9078053394 5.9447123595 0.0263683669
-2.9674278149 5.9272080713 0.0261023207
-3.0268694681 5.9090728176 0.0258434791
-3.0861240627 5.8903071764 0.0255915824
-3.1451853664 5.8709117895 0.0253463812
-3.2040471508 5.8508873620 0.0251076353
-3.2627031928 5.8302346629 0.0248751145
-3.3211472749 5.8089545250 0.0246485977
-3.3793731861 5.7870478450 0.0244278727
-3.4373747226 5.7645155835 0.0242127359
-3.4951456886 5.7413587651 0.0240029922
-3.5526798969 5.7175784784 0.0237984547
-3.6099711696 5.6931758760 0.0235989441
-3.6670133391 5.6681521747 0.0234042889
-3.7238002485 5.6425086556 0.0232143248
-3.7803257523 5.6162466634 0.0230288944
-3.8365837174 5.5893676076 0.0228478473
-3.8925680235 5.5618729613 0.0226710393
-3.9482725642 5.5337642621 0.0224983326
-4.0036912471 5.5050431116 0.0223295954
-4.0588179952 5.4757111756 0.0221647015
-4.1136467469 5.4457701837 0.0220035303
-4.1681714573 5.4152219300 0.0218459664
-4.2223860985 5.3840682723 0.0216918995
-4.2762846604 5.3523111324 0.0215412240
-4.3298611516 5.3199524962 0.0213938390
-4.3831095996 5.2869944132 0.0212496478
-4.4360240520 5.2534389969 0.0211085583
-4.4885985769 5.2192884245 0.0209704819
-4.5408272635 5.1845449366 0.0208353343
-4.5927042231 5.1492108376 0.0207030344
-4.6442235894 5.1132884953 0.0205735048
-4.6953795194 5.0767803407 0.0204466715
-4.7461661940 5.0396888683 0.0203224635
-4.7965778186 5.0020166353 0.0202008127
-4.8466086241 4.9637662624 0.0200816542
-4.8962528669 4.9249404328 0.0199649254
-4.9455048301 4.8855418926 0.0198505667
-4.9943588241 4.8455734504 0.0197385207
-5.0428091869 4.8050379773 0.0196287323
-5.0908502853 4.7639384067 0.0195211489
-5.1384765149 4.7222777341 0.0194157199
-5.1856823012 4.6800590168 0.0193123966
-5.2324621003 4.6372853741 0.0192111324
-5.2788103989 4.5939599868 0.0191118824
-5.3247217159 4.5500860970 0.0190146036
-5.3701906020 4.5056670082 0.0189192546
-5.4152116413 4.4607060846 0.0188257955
-5.4597794511 4.4152067515 0.0187341880
-5.5038886831 4.3691724946 0.0186443953
-5.5475340236 4.3226068599 0.0185563818
-5.5907101945 4.2755134536 0.0184701134
-5.6334119536 4.2278959418 0.0183855571
-5.6756340954 4.1797580501 0.0183026812
-5.7173714517 4.1311035636 0.0182214550
-5.7586188920 4.0819363266 0.0181418491
-5.7993713244 4.0322602419 0.0180638350
-5.8396236958 3.9820792713 0.0179873852
-5.8793709931 3.9313974347 0.0179124732
-5.9186082431 3.8802188102 0.0178390734
-5.9573305135 3.8285475333 0.0177671610
-5.9955329136 3.7763877973 0.0176967122
-6.0332105945 3.7237438525 0.0176277038
-6.0703587498 3.6706200060 0.0175601136
-6.1069726164 3.6170206214 0.0174939200
-6.1430474748 3.5629501187 0.0174291021
-6.1785786498 3.5084129736 0.0173656397
-6.2135615112 3.4534137173 0.0173035134
-6.2479914738 3.3979569362 0.0172427041
-6.2818639987 3.3420472718 0.0171831937
-6.3151745934 3.2856894197 0.0171249645
-6.3479188124 3.2288881299 0.0170679993
-6.3800922580 3.1716482061 0.0170122817
-6.4116905804 3.1139745054 0.0169577954
-6.4427094785 3.0558719380 0.0169045252
-6.4731447006 2.9973454666 0.0168524558
-6.5029920446 2.9384001062 0.0168015727
-6.5322473587 2.8790409237 0.0167518620
-6.5609065418 2.8192730374 0.0167033099
-6.5889655443 2.7591016166 0.0166559032
-6.6164203683 2.6985318813 0.0166096293
-6.6432670681 2.6375691018 0.0165644757
-6.6695017511 2.5762185980 0.0165204304
-6.6951205778 2.5144857391 0.0164774820
-6.7201197627 2.4523759435 0.0164356192
-6.7444955744 2.3898946779 0.0163948313
-6.7682443366 2.3270474570 0.0163551077
-6.7913624279 2.2638398430 0.0163164384
-6.8138462831 2.2002774454 0.0162788136
-6.8356923928 2.1363659202 0.0162422239
-6.8568973046 2.0721109696 0.0162066602
-6.8774576232 2.0075183415 0.0161721137
-6.8973700108 1.9425938290 0.0161385759
-6.9166311878 1.8773432699 0.0161060387
-6.9352379330 1.8117725463 0.0160744943
-6.9531870844 1.7458875840 0.0160439351
-6.9704755391 1.6796943518 0.0160143537
-6.9871002542 1.6131988615 0.0159857432
-7.0030582471 1.5464071671 0.0159580970
-7.0183465957 1.4793253640 0.0159314084
-7.0329624391 1.4119595890 0.0159056715
-7.0469029780 1.3443160194 0.0158808802
-7.0601654750 1.2764008726 0.0158570289
-7.0727472548 1.2082204056 0.0158341122
-7.0846457050 1.1397809142 0.0158121249
-7.0958582763 1.0710887330 0.0157910623
-7.1063824829 1.0021502340 0.0157709195
-7.1162159028 0.9329718269 0.0157516923
-7.1253561781 0.8635599581 0.0157333764
-7.1338010159 0.7939211100 0.0157159679
-7.1415481878 0.7240618008 0.0156994631
-7.1485955311 0.6539885836 0.0156838585
-7.1549409486 0.5837080461 0.0156691510
-7.1605824090 0.5132268096 0.0156553374
-7.1655179477 0.4425515288 0.0156424149
-7.1697456664 0.3716888912 0.0156303811
-7.1732637340 0.3006456161 0.0156192336
-7.1760703867 0.2294284545 0.0156089702
-7.1781639284 0.1580441879 0.0155995890
-7.1795427308 0.0864996282 0.0155910884
-7.1802052341 0.0148016171 0.0155834668
-7.1801499468 -0.0570429750 0.0155767230
-7.1793754464 -0.1290272495 0.0155708559
-7.1778803794 -0.2011442796 0.0155658648
-7.1756634617 -0.2733871118 0.0155617489
-7.1727234790 -0.3457487663 0.0155585078
-7.1690592867 -0.4182222370 0.0155561414
-7.1646698106 -0.4908004931 0.0155546497
-7.1595540470 -0.5634764794 0.0155540329
-7.1537110625 -0.6362431164 0.0155542914
-7.1471399949 -0.7090933018 0.0155554258
-7.1398400531 -0.7820199109 0.0155574370
-7.1318105175 -0.8550157968 0.0155603261
-7.1230507396 -0.9280737917 0.0155640944
-7.1135601433 -1.0011867072 0.0155687432
-7.1033382243 -1.0743473355 0.0155742744
-7.0923845502 -1.1475484490 0.0155806898
-7.0806987612 -1.2207828020 0.0155879916
-7.0682805703 -1.2940431312 0.0155961822
-7.0551297629 -1.3673221565 0.0156052639
-7.0412461975 -1.4406125804 0.0156152398
-7.0266298054 -1.5139070906 0.0156261127
-7.0112805916 -1.5871983598 0.0156378859
-6.9951986342 -1.6604790464 0.0156505628
-6.9783840848 -1.7337417950 0.0156641471
-6.9608371687 -1.8069792371 0.0156786426
-6.9425581849 -1.8801839930 0.0156940537
-6.9235475065 -1.9533486711 0.0157103844
-6.9038055805 -2.0264658688 0.0157276395
-6.8833329280 -2.0995281738 0.0157458238
-6.8621301443 -2.1725281646 0.0157649424
-6.8401978992 -2.2454584113 0.0157850005
-6.8175369366 -2.3183114758 0.0158060037
-6.7941480750 -2.3910799131 0.0158279578
-6.7700322075 -2.4637562721 0.0158508688
-6.7451903019 -2.5363330959 0.0158747430
-6.7196234004 -2.6088029226 0.0158995870
-6.6933326200 -2.6811582863 0.0159254077
-6.6663191525 -2.7533917179 0.0159522120
-6.6385842645 -2.8254957452 0.0159800073
-6.6101292973 -2.8974628946 0.0160088012
-6.5809556672 -2.9692856910 0.0160386017
-6.5510648650 -3.0409566589 0.0160694169
-6.5204584568 -3.1124683233 0.0161012552
-6.4891380830 -3.1838132103 0.0161341254
-6.4571054594 -3.2549838475 0.0161680366
-6.4243623761 -3.3259727655 0.0162029981
-6.3909106982 -3.3967724980 0.0162390195
-6.3567523655 -3.4673755828 0.0162761108
-6.3218893927 -3.5377745627 0.0163142822
-6.2863238688 -3.6079619860 0.0163535444
-6.2500579575 -3.6779304074 0.0163939083
-6.2130938973 -3.7476723887 0.0164353851
-6.1754340008 -3.8171804995 0.0164779865
-6.1370806551 -3.8864473183 0.0165217244
-6.0980363217 -3.9554654328 0.0165666110
-6.0583035362 -4.0242274409 0.0166126591
-6.0178849083 -4.0927259515 0.0166598816
-5.9767831217 -4.1609535851 0.0167082921
-5.9350009340 -4.2289029747 0.0167579042
-5.8925411764 -4.2965667667 0.0168087323
-5.8494067538 -4.3639376211 0.0168607908
-5.8056006448 -4.4310082131 0.0169140947
-5.7611259009 -4.4977712330 0.0169686596
-5.7159856471 -4.5642193878 0.0170245012
-5.6701830813 -4.6303454011 0.0170816359
-5.6237214742 -4.6961420146 0.0171400803
-5.5766041692 -4.7616019885 0.0171998518
-5.5288345821 -4.8267181024 0.0172609679
-5.4804162012 -4.8914831559 0.0173234468
-5.4313525867 -4.9558899694 0.0173873073
-5.3816473707 -5.0199313852 0.0174525684
-5.3313042569 -5.0836002677 0.0175192498
-5.2803270206 -5.1468895046 0.0175873717
-5.2287195082 -5.2097920074 0.0176569549
-5.1764856371 -5.2723007124 0.0177280207
-5.1236293955 -5.3344085812 0.0178005910
-5.0701548419 -5.3961086016 0.0178746883
-5.0160661052 -5.4573937886 0.0179503356
-4.9613673841 -5.5182571844 0.0180275567
-4.9060629470 -5.5786918601 0.0181063757
-4.8501571319 -5.6386909158 0.0181868179
-4.7936543455 -5.6982474815 0.0182689087
-4.7365590638 -5.7573547181 0.0183526745
-4.6788758308 -5.8160058177 0.0184381424
-4.6206092591 -5.8741940049 0.0185253401
-4.5617640289 -5.9319125369 0.0186142961
-4.5023448881 -5.9891547050 0.0187050397
-4.4423566518 -6.0459138345 0.0187976009
-4.3818042019 -6.1021832862 0.0188920107
-4.3206924868 -6.1579564566 0.0189883006
-4.2590265213 -6.2132267790 0.0190865032
-4.1968113857 -6.2679877240 0.0191866520
-4.1340522260 -6.3222328003 0.0192887813
-4.0707542531 -6.3759555554 0.0193929263
-4.0069227427 -6.4291495766 0.0194991232
-3.9425630347 -6.4818084912 0.0196074092
-3.8776805330 -6.5339259677 0.0197178225
-3.8122807048 -6.5854957161 0.0198304024
-3.7463690806 -6.6365114893 0.0199451890
-3.6799512536 -6.6869670829 0.0200622240
-3.6130328789 -6.7368563367 0.0201815498
-3.5456196738 -6.7861731348 0.0203032101
-3.4777174168 -6.8349114068 0.0204272498
-3.4093319472 -6.8830651283 0.0205537151
-3.3404691652 -6.9306283215 0.0206826535
-3.2711350305 -6.9775950561 0.0208141138
-3.2013355627 -7.0239594497 0.0209481460
-3.1310768404 -7.0697156688 0.0210848017
-3.0603650008 -7.1148579295 0.0212241338
-2.9892062392 -7.1593804977 0.0213661969
-2.9176068087 -7.2032776904 0.0215110469
-2.8455730192 -7.2465438761 0.0216587415
-2.7731112376 -7.2891734753 0.0218093398
-2.7002278868 -7.3311609614 0.0219629028
-2.6269294452 -7.3725008615 0.0221194932
-2.5532224464 -7.4131877566 0.0222791754
-2.4791134786 -7.4532162826 0.0224420158
-2.4046091841 -7.4925811310 0.0226080826
-2.3297162584 -7.5312770494 0.0227774461
-2.2544414503 -7.5692988420 0.0229501785
-2.1787915609 -7.6066413707 0.0231263542
-2.1027734429 -7.6432995551 0.0233060499
-2.0263940006 -7.6792683738 0.0234893443
-1.9496601890 -7.7145428645 0.0236763188
-1.8725790130 -7.7491181250 0.0238670568
-1.7951575274 -7.7829893135 0.0240616444
-1.7174028356 -7.8161516495 0.0242601705
-1.6393220898 -7.8486004142 0.0244627262
-1.5609224897 -7.8803309513 0.0246694058
-1.4822112824 -7.9113386672 0.0248803061
-1.4031957614 -7.9416190323 0.0250955273
-1.3238832664 -7.9711675808 0.0253151721
-1.2442811824 -7.9999799118 0.0255393469
-1.1643969391 -8.0280516899 0.0257681611
-1.0842380104 -8.0553786452 0.0260017274
-1.0038119137 -8.0819565747 0.0262401623
-0.9231262094 -8.1077813423 0.0264835858
-0.8421884998 -8.1328488794 0.0267321216
-0.7610064291 -8.1571551858 0.0269858974
-0.6795876824 -8.1806963297 0.0272450450
-0.5979399852 -8.2034684489 0.0275097004
-0.5160711024 -8.2254677507 0.0277800037
-0.4339888380 -8.2466905130 0.0280560999
-0.3517010346 -8.2671330843 0.0283381383
-0.2692155720 -8.2867918846 0.0286262733
-0.1865403675 -8.3056634059 0.0289206643
-0.1036833743 -8.3237442125 0.0292214759
-0.0206525816 -8.3410309415 0.0295288780
0.0625439865 -8.3575203037 0.0298430463
0.1458982717 -8.3732090836 0.0301641623
0.2294021821 -8.3880941401 0.0304924134
0.3130475925 -8.4021724070 0.0308279934
0.3968263460 -8.4154408935 0.0311711026
0.4807302536 -8.4278966846 0.0315219481
0.5647510957 -8.4395369417 0.0318807442
0.6488806226 -8.4503589027 0.0322477121
0.7331105549 -8.4603598828 0.0326230809
0.8174325846 -8.4695372751 0.0330070877
0.9018383753 -8.4778885503 0.0333999774
0.9863195637 -8.4854112580 0.0338020039
1.0708677593 -8.4921030267 0.0342134296
1.1554745459 -8.4979615642 0.0346345263
1.2401314821 -8.5029846579 0.0350655753
1.3248301015 -8.5071701758 0.0355068679
1.4095619143 -8.5105160662 0.0359587060
1.4943184072 -8.5130203585 0.0364214019
1.5790910445 -8.5146811633 0.0368952794
1.6638712689 -8.5154966734 0.0373806740
1.7486505016 -8.5154651633 0.0378779331
1.8334201438 -8.5145849902 0.0383874172
1.9181715770 -8.5128545943 0.0389094996
2.0028961634 -8.5102724987 0.0394445675
2.0875852473 -8.5068373106 0.0399930226
2.1722301552 -8.5025477207 0.0405552812
2.2568221966 -8.4974025042 0.0411317753
2.3413526649 -8.4914005208 0.0417229530
2.4258128380 -8.4845407154 0.0423292795
2.5101939790 -8.4768221179 0.0429512372
2.5944873363 -8.4682438438 0.0435893272
2.6786841454 -8.4588050946 0.0442440697
2.7627756288 -8.4485051582 0.0449160046
2.8467529967 -8.4373434086 0.0456056925
2.9306074475 -8.4253193067 0.0463137163
3.0143301692 -8.4124324007 0.0470406809
3.0979123395 -8.3986823260 0.0477872152
3.1813451259 -8.3840688055 0.0485539724
3.2646196876 -8.3685916503 0.0493416320
3.3477271751 -8.3522507595 0.0501508996
3.4306587312 -8.3350461205 0.0509825094
3.5134054914 -8.3169778095 0.0518372248
3.5959585849 -8.2980459918 0.0527158395
3.6783091345 -8.2782509214 0.0536191793
3.7604482580 -8.2575929422 0.0545481035
3.8423670681 -8.2360724874 0.0555035059
3.9240566731 -8.2136900802 0.0564863170
4.0055081776 -8.1904463337 0.0574975053
4.0867126830 -8.1663419516 0.0585380789
4.1676612875 -8.1413777277 0.0596090875
4.2483450874 -8.1155545468 0.0607116244
4.3287551771 -8.0888733845 0.0618468283
4.4088826494 -8.0613353075 0.0630158850
4.4887185961 -8.0329414740 0.0642200306
4.5682541086 -8.0036931333 0.0654605526
4.6474802781 -7.9735916267 0.0667387930
4.7263881958 -7.9426383872 0.0680561507
4.8049689535 -7.9108349400 0.0694140839
4.8832136439 -7.8781829024 0.0708141129
4.9611133608 -7.8446839841 0.0722578235
5.0386591991 -7.8103399873 0.0737468690
5.1158422556 -7.7751528072 0.0752829743
5.1926536289 -7.7391244316 0.0768679390
5.2690844194 -7.7022569416 0.0785036401
5.3451257295 -7.6645525113 0.0801920371
5.4207686641 -7.6260134085 0.0819351746
5.4960043303 -7.5866419943 0.0837351864
5.5708238371 -7.5464407238 0.0855943008
5.6452182962 -7.5054121458 0.0875148438
5.7191788214 -7.4635589031 0.0894992438
5.7926965283 -7.4208837331 0.0915500374
5.8657625348 -7.3773894671 0.0936698736
5.9383679603 -7.3330790314 0.0958615190
6.0105039256 -7.2879554468 0.0981278644
6.0821615528 -7.2420218291 0.1004719297
6.1533319647 -7.1952813892 0.1028968696
6.2240062842 -7.1477374333 0.1054059816
6.2941756345 -7.0993933631 0.1080027117
6.3638311379 -7.0502526758 0.1106906605
6.4329639149 -7.0003189647 0.1134735921
6.5015650844 -6.9495959192 0.1163554422
6.5696257625 -6.8980873247 0.1193403236
6.6371370613 -6.8457970634 0.1224325358
6.7040900879 -6.7927291142 0.1256365768
6.7704759447 -6.7388875529 0.1289571476
6.8362857266 -6.6842765527 0.1323991629
6.9015105202 -6.6289003844 0.1359677644
6.9661414030 -6.5727634164 0.1396683292
7.0301694421 -6.5158701153 0.1435064788
7.0935856919 -6.4582250461 0.1474880917
7.1563811922 -6.3998328727 0.1516193199
7.2185469680 -6.3406983580 0.1559065952
7.2800740267 -6.2808263642 0.1603566433
7.3409533550 -6.2202218536 0.1649764997
7.4011759182 -6.1588898887 0.1697735259
7.4607326582 -6.0968356327 0.1747554170
7.5196144896 -6.0340643498 0.1799302209
7.5778122976 -5.9705814059 0.1853063579
7.6353169359 -5.9063922692 0.1908926330
7.6921192237 -5.8415025104 0.1966982516
7.7482099416 -5.7759178034 0.2027328409
7.8035798289 -5.7096439261 0.2090064704
7.8582195811 -5.6426867608 0.2155296648
7.9121198448 -5.5750522949 0.2223134269
7.9652712142 -5.5067466219 0.2293692630
8.0176642282 -5.4377759416 0.2367091966
8.0692893647 -5.3681465615 0.2443457933
8.1201370367 -5.2978648973 0.2522921881
8.1701975879 -5.2269374736 0.2605621017
8.2194612877 -5.1553709255 0.2691698683
8.2679183251 -5.0831719988 0.2781304627
8.3155588051 -5.0103475518 0.2874595204
8.3623727414 -4.9369045557 0.2971733679
8.4083500512 -4.8628500963 0.3072890492
8.4534805495 -4.7881913749 0.3178243499
8.4977539414 -4.7129357098 0.3287978299
8.5411598169 -4.6370905376 0.3402288478
8.5836876431 -4.5606634145 0.3521375907
8.6253267566 -4.4836620179 0.3645451054
8.6660663575 -4.4060941481 0.3774733236
8.7058954996 -4.3279677299 0.3909450962
8.7448030841 -4.2492908139 0.4049842185
8.7827778501 -4.1700715793 0.4196154629
8.8198083668 -4.0903183347 0.4348646065
8.8558830239 -4.0100395211 0.4507584598
8.8909900228 -3.9292437132 0.4673248969
8.9251173675 -3.8479396221 0.4845928802
8.9582528542 -3.7661360975 0.5025924905
8.9903840622 -3.6838421300 0.5213549486
9.0214983428 -3.6010668536 0.5409126433
9.0515828104 -3.5178195485 0.5612991498
9.0806243302 -3.4341096437 0.5825492530
9.1086095095 -3.3499467196 0.6046989628
9.1355246850 -3.2653405115 0.6277855309
9.1613559134 -3.1803009121 0.6518474609
9.1860889593 -3.0948379752 0.6769245176
9.2097092851 -3.0089619185 0.7030577298
9.2322020392 -2.9226831272 0.7302893901
9.2535520460 -2.8360121579 0.7586630486
9.2737437941 -2.7489597415 0.7882235004
9.2927614264 -2.6615367876 0.8190167685
9.3105887296 -2.5737543882 0.8510900758
9.3272091241 -2.4856238214 0.8844918143
9.3426056544 -2.3971565560 0.9192714995
9.3567609801 -2.3083642552 0.9554797217
9.3696573674 -2.2192587811 0.9931680803
9.3812766816 -2.1298521991 1.0323891133
9.3916003795 -2.0401567824 1.0731962081
9.4006095046 -1.9501850162 1.1156435048
9.4082846810 -1.8599496030 1.1597857803
9.4146061111 -1.7694634663 1.2056783212
9.4195535723 -1.6787397561 1.2533767761
9.4231064175 -1.5877918531 1.3029369946
9.4252435754 -1.4966333737 1.3544148438
9.4259435546 -1.4052781745 1.4078660077
9.4251844479 -1.3137403572 1.4633457640
9.4229439413 -1.2220342727 1.5209087401
9.4191993230 -1.1301745266 1.5806086454
9.4139274980 -1.0381759825 1.6424979799
9.4071050026 -0.9460537670 1.7066277173
9.3987080261 -0.8538232736 1.7730469644
9.3887124318 -0.7615001666 1.8418025897
9.3770937862 -0.6691003846 1.9129388328
9.3638273883 -0.5766401445 1.9864968735
9.3488883063 -0.4841359437 2.0625143948
9.3322514177 -0.3916045634 2.1410250841
9.3138914534 -0.2990630704 2.2220581594
9.2937830510 -0.2065288195 2.3056377944
9.2719008053 -0.1140194541 2.3917826179
9.2482193376 -0.0215529072 2.4805050657
9.2227133537 0.0708525985 2.5718108467
9.1953577274 0.1631785518 2.6656982568
9.1661275717 0.2554061533 2.7621575815
9.1349983311 0.3475163192 2.8611704218
9.1019458737 0.4394896833 2.9627090108
9.0669465827 0.5313066014 3.0667356127
9.0299774833 0.6229471577 3.1732017132
8.9910163299 0.7143911687 3.2820474977
8.9500417366 0.8056181925 3.3932011400
8.9070333216 0.8966075382 3.5065780660
8.8619718029 0.9873382731 3.6220805102
8.8148391628 1.0777892368 3.7395968125
8.7656187918 1.1679390534 3.8590008906
8.7142956156 1.2577661442 3.9801518131
8.6608562763 1.3472487464 4.1028932948
8.6052892671 1.4363649282 4.2270534023
8.5475850997 1.5250926083 4.3524442445
8.4877364750 1.6134095784 4.4788618060
8.4257384256 1.7012935225 4.6060858639
8.3615885026 1.7887220441 4.7338800293
8.2952869169 1.8756726897 4.8619919006
8.2268367114 1.9621229772 4.9901533534
8.1562439113 2.0480504251 5.1180809964
8.0835176719 2.1334325817 5.2454767099
8.0086704296 2.2182470601 5.3720284691
7.9317180236 2.3024715676 5.4974111323
7.8526798350 2.3860839456 5.6212876592
7.7715788845 2.4690622012 5.7433101919
7.6884419427 2.5513845476 5.8631216015
7.6032996060 2.6330294418 5.9803569770
7.5161863663 2.7139756215 6.0946453525
7.4271406584 2.7942021500 6.2056117049
7.3362048879 2.8736884492 6.3128787630
7.2434254367 2.9524143483 6.4160694784
7.1488526498 3.0303601174 6.5148089499
7.0525407923 3.1075065112 6.6087270733
6.9545479861 3.1838348106 6.6974608642
6.8549361279 3.2593268555 6.7806568429
6.7537707562 3.3339650922 6.8579738964
6.6511209370 3.4077326024 6.9290853431
6.5470590741 3.4806131425 6.9936818072
6.4416607292 3.5525911796 7.0514734878
6.3350044184 3.6236519169 7.1021924064
6.2271713391 3.6937813314 7.1455949450
6.1182451559 3.7629661956 7.1814635578
6.0083116829 3.8311941033 7.2096089488
5.8974586004 3.8984534944 7.2298716790
5.7857751511 3.9647336685 7.2421236089
5.6733517767 4.0300248059 7.2462692547
5.5602798273 4.0943179760 7.2422466247
5.4466511635 4.1576051478 7.2300280120
5.3325578406 4.2198791956 7.2096203481
5.2180917329 4.2811338992 7.1810653239
5.1033441782 4.3413639445 7.1444391883
4.9884056409 4.4005649161 7.0998522886
4.8733653370 4.4587332894 7.0474482123
4.7583109361 4.5158664190 6.9874028549
4.6433281946 4.5719625215 6.9199229139
4.5285006845 4.6270206587 6.8452445055
4.4139094717 4.6810407138 6.7636311892
4.2996328588 4.7340233681 6.6753720554
4.1857461306 4.7859700738 6.5807795564
4.0723213142 4.8368830218 6.4801870155
3.9594269946 4.8867651137 6.3739464582
3.8471281102 4.9356199226 6.2624256857
3.7354858227 4.9834516623 6.1460060542
3.6245573742 5.0302651469 6.0250795802
3.5143959942 5.0760657523 5.9000463739
3.4050508253 5.1208593797 5.7713121648
3.2965668740 5.1646524106 5.6392854654
3.1889849910 5.2074516716 5.5043754529
3.0823418734 5.2492643892 5.3669892774
2.9766700904 5.2900981521 5.2275300344
2.8719981330 5.3299608695 5.0863945271
2.7683504833 5.3688607311 4.9439713417
2.6657477020 5.4068061691 4.8006390510
2.5642065375 5.4438058184 4.6567645457
2.4637400444 5.4798684811 4.5127016213
2.3643577241 5.5150030889 4.3687896458
2.2660656684 5.5492186699 4.2253525093
2.1688667242 5.5825243144 4.0826976498
2.0727606545 5.6149291443 3.9411153485
1.9777443211 5.6464422823 3.8008781065
1.8838118551 5.6770728247 3.6622402600
1.7909548518 5.7068298135 3.5254376858
1.6991625424 5.7357222139 3.3906876957
1.6084219995 5.7637588889 3.2581890480
1.5187182989 5.7909485812 3.1281220611
1.4300347317 5.8172998910 3.0006489095
1.3423529618 5.8428212614 2.8759139148
1.2556532155 5.8675209610 2.7540440235
1.1699144548 5.8914070706 2.6351493198
1.0851145417 5.9144874708 2.5193236031
1.0012304012 5.9367698320 2.4066450389
0.9182381770 5.9582616042 2.2971768473
0.8361133773 5.9789700111 2.1909680272
0.7548310196 5.9989020424 2.0880541274
0.6743657590 6.0180644503 1.9884580037
0.5946920170 6.0364637451 1.8921906279
0.5157840978 6.0541061938 1.7992518739
0.4376162968 6.0709978183 1.7096313113
0.3601630034 6.0871443960 1.6233089999
0.2833987944 6.1025514599 1.5402562639
0.2072985193 6.1172243013 1.4604364504
0.1318373792 6.1311679718 1.3838056737
0.0569909980 6.1443872870 1.3103135337
-0.0172645133 6.1568868305 1.2399038087
-0.0909525006 6.1686709588 1.1725151185
-0.1640957149 6.1797438060 1.1080815627
-0.2367162683 6.1901092903 1.0465333249
-0.3088355959 6.1997711194 0.9877972459
-0.3804744227 6.2087327976 0.9317973646
-0.4516527363 6.2169976325 0.8784554272
-0.5223897645 6.2245687418 0.8276913627
-0.5927039573 6.2314490610 0.7794237277
-0.6626129736 6.2376413507 0.7335701182
-0.7321336721 6.2431482043 0.6900475510
-0.8012821049 6.2479720556 0.6487728141
-0.8700735161 6.2521151866 0.6096627886
-0.9385223423 6.2555797355 0.5726347413
-1.0066422166 6.2583677041 0.5376065911
-1.0744459748 6.2604809658 0.5044971477
-1.1419456643 6.2619212733 0.4732263272
-1.2091525550 6.2626902660 0.4437153428
-1.2760771521 6.2627894776 0.4158868733
-1.3427292101 6.2622203437 0.3896652108
-1.4091177491 6.2609842085 0.3649763880
-1.4752510717 6.2590823323 0.3417482873
-1.5411367812 6.2565158986 0.3199107321
-1.6067818006 6.2532860202 0.2993955624
-1.6721923923 6.2493937464 0.2801366945
-1.7373741789 6.2448400691 0.2620701676
-1.8023321637 6.2396259288 0.2451341770
-1.8670707520 6.2337522210 0.2292690961
-1.9315937724 6.2272198020 0.2144174869
-1.9959044986 6.2200294938 0.2005241014
-2.0600056709 6.2121820904 0.1875358739
-2.1238995174 6.2036783622 0.1754019050
-2.1875877758 6.1945190617 0.1640734389
-2.2510717140 6.1847049274 0.1535038339
-2.3143521514 6.1742366893 0.1436485277
-2.3774294794 6.1631150725 0.1344649975
-2.4403036813 6.1513408020 0.1259127157
-2.5029743520 6.1389146059 0.1179531022
-2.5654407179 6.1258372202 0.1105494731
-2.6277016547 6.1121093915 0.1036669878
-2.6897557066 6.0977318811 0.0972725925
-2.7516011035 6.0827054678 0.0913349633
-2.8132357784 6.0670309512 0.0858244474
-2.8746573840 6.0507091547 0.0807130037
-2.9358633086 6.0337409281 0.0759741431
-2.9968506920 6.0161271503 0.0715828673
-3.0576164401 5.9978687319 0.0675156099
-3.1181572391 5.9789666171 0.0637501752
-3.1784695698 5.9594217866 0.0602656802
-3.2385497204 5.9392352590 0.0570424949
-3.2983937989 5.9184080931 0.0540621856
-3.3579977459 5.8969413895 0.0513074577
-3.4173573457 5.8748362926 0.0487621006
-3.4764682370 5.8520939919 0.0464109340
-3.5353259241 5.8287157238 0.0442397549
-3.5939257865 5.8047027726 0.0422352869
-3.6522630884 5.7800564721 0.0403851307
-3.7103329878 5.7547782068 0.0386777164
-3.7681305449 5.7288694126 0.0371022574
-3.8256507306 5.7023315787 0.0356487056
-3.8828884340 5.6751662476 0.0343077096
-3.9398384696 5.6473750166 0.0330705730
-3.9964955842 5.6189595385 0.0319292155
-4.0528544637 5.5899215222 0.0308761353
-4.1089097391 5.5602627335 0.0299043738
-4.1646559922 5.5299849958 0.0290074807
-4.2200877613 5.4990901905 0.0281794824
-4.2751995464 5.4675802578 0.0274148505
-4.3299858139 5.4354571969 0.0267084728
-4.3844410013 5.4027230666 0.0260556259
-4.4385595217 5.3693799854 0.0254519485
-4.4923357678 5.3354301325 0.0248934167
-4.5457641157 5.3008757472 0.0243763208
-4.5988389285 5.2657191301 0.0238972434
-4.6515545598 5.2299626425 0.0234530381
-4.7039053571 5.1936087073 0.0230408106
-4.7558856646 5.1566598086 0.0226579001
-4.8074898261 5.1191184921 0.0223018619
-4.8587121878 5.0809873655 0.0219704521
-4.9095471005 5.0422690979 0.0216616114
-4.9599889228 5.0029664205 0.0213734522
-5.0100320224 4.9630821264 0.0211042446
-5.0596707789 4.9226190706 0.0208524046
-5.1088995855 4.8815801697 0.0206164826
-5.1577128510 4.8399684028 0.0203951525
-5.2061050018 4.7977868102 0.0201872024
-5.2540704831 4.7550384944 0.0199915250
-5.3016037611 4.7117266195 0.0198071091
-5.3486993243 4.6678544111 0.0196330320
-5.3953516848 4.6234251566 0.0194684520
-5.4415553799 4.5784422045 0.0193126015
-5.4873049734 4.5329089646 0.0191647812
-5.5325950567 4.4868289080 0.0190243539
-5.5774202504 4.4402055666 0.0188907396
-5.6217752048 4.3930425330 0.0187634100
-5.6656546018 4.3453434604 0.0186418847
-5.7090531552 4.2971120627 0.0185257267
-5.7519656123 4.2483521135 0.0184145384
-5.7943867545 4.1990674468 0.0183079587
-5.8363113986 4.1492619560 0.0182056590
-5.8777343972 4.0989395942 0.0181073409
-5.9186506401 4.0481043737 0.0180127332
-5.9590550549 3.9967603658 0.0179215896
-5.9989426078 3.9449117005 0.0178336862
-6.0383083045 3.8925625664 0.0177488196
-6.0771471910 3.8397172099 0.0176668052
-6.1154543540 3.7863799358 0.0175874750
-6.1532249224 3.7325551062 0.0175106766
-6.1904540672 3.6782471405 0.0174362712
-6.2271370027 3.6234605150 0.0173641329
-6.2632689869 3.5681997629 0.0172941470
-6.2988453226 3.5124694735 0.0172262091
-6.3338613574 3.4562742921 0.0171602244
-6.3683124851 3.3996189197 0.0170961064
-6.4021941458 3.3425081127 0.0170337763
-6.4355018266 3.2849466821 0.0169731622
-6.4682310623 3.2269394939 0.0169141986
-6.5003774362 3.1684914678 0.0168568256
-6.5319365804 3.1096075779 0.0168009885
-6.5629041764 3.0502928512 0.0167466371
-6.5932759558 2.9905523680 0.0166937257
-6.6230477008 2.9303912612 0.0166422122
-6.6522152450 2.8698147160 0.0165920579
-6.6807744734 2.8088279694 0.0165432274
-6.7087213235 2.7474363098 0.0164956881
-6.7360517856 2.6856450764 0.0164494099
-6.7627619034 2.6234596594 0.0164043650
-6.7888477743 2.5608854987 0.0163605278
-6.8143055504 2.4979280841 0.0163178745
-6.8391314383 2.4345929545 0.0162763833
-6.8633217005 2.3708856978 0.0162360338
-6.8868726551 2.3068119500 0.0161968070
-6.9097806766 2.2423773951 0.0161586852
-6.9320421967 2.1775877643 0.0161216521
-6.9536537042 2.1124488360 0.0160856925
-6.9746117459 2.0469664348 0.0160507919
-6.9949129269 1.9811464313 0.0160169371
-7.0145539111 1.9149947416 0.0159841154
-7.0335314217 1.8485173265 0.0159523153
-7.0518422415 1.7817201916 0.0159215257
-7.0694832138 1.7146093862 0.0158917363
-7.0864512420 1.6471910030 0.0158629374
-7.1027432910 1.5794711776 0.0158351199
-7.1183563870 1.5114560882 0.0158082751
-7.1332876180 1.4431519544 0.0157823952
-7.1475341346 1.3745650375 0.0157574724
-7.1610931498 1.3057016393 0.0157334996
-7.1739619400 1.2365681017 0.0157104701
-7.1861378451 1.1671708066 0.0156883776
-7.1976182690 1.0975161748 0.0156672163
-7.2084006798 1.0276106654 0.0156469804
-7.2184826104 0.9574607759 0.0156276647
-7.2278616588 0.8870730407 0.0156092645
-7.2365354886 0.8164540314 0.0155917750
-7.2445018291 0.7456103556 0.0155751921
-7.2517584758 0.6745486565 0.0155595117
-7.2583032910 0.6032756126 0.0155447302
-7.2641342036 0.5317979364 0.0155308440
-7.2692492099 0.4601223747 0.0155178502
-7.2736463740 0.3882557071 0.0155057458
-7.2773238276 0.3162047462 0.0154945281
-7.2802797709 0.2439763363 0.0154841949
-7.2825124726 0.1715773532 0.0154747438
-7.2840202703 0.0990147035 0.0154661732
-7.2848015706 0.0262953238 0.0154584812
-7.2848548501 -0.0465738197 0.0154516665
-7.2841786546 -0.1195857321 0.0154457279
-7.2827716004 -0.1927333900 0.0154406644
-7.2806323740 -0.2660097429 0.0154364753
-7.2777597326 -0.3394077128 0.0154331601
-7.2741525041 -0.4129201960 0.0154307184
-7.2698095880 -0.4865400630 0.0154291502
-7.2647299547 -0.5602601592 0.0154284557
-7.2589126466 -0.6340733058 0.0154286351
-7.2523567781 -0.7079723007 0.0154296892
-7.2450615353 -0.7819499185 0.0154316186
-7.2370261771 -0.8559989116 0.0154344245
-7.2282500347 -0.9301120110 0.0154381080
-7.2187325126 -1.0042819270 0.0154426706
-7.2084730876 -1.0785013491 0.0154481140
-7.1974713102 -1.1527629477 0.0154544400
-7.1857268042 -1.2270593745 0.0154616508
-7.1732392672 -1.3013832630 0.0154697487
-7.1600084700 -1.3757272288 0.0154787362
-7.1460342580 -1.4500838715 0.0154886161
-7.1313165503 -1.5244457745 0.0154993913
-7.1158553406 -1.5988055060 0.0155110652
-7.0996506966 -1.6731556190 0.0155236412
-7.0827027609 -1.7474886532 0.0155371228
-7.0650117508 -1.8217971353 0.0155515141
-7.0465779584 -1.8960735796 0.0155668190
-7.0274017505 -1.9703104879 0.0155830421
-7.0074835693 -2.0445003518 0.0156001879
-6.9868239321 -2.1186356526 0.0156182611
-6.9654234316 -2.1927088622 0.0156372670
-6.9432827355 -2.2667124431 0.0156572108
-6.9204025873 -2.3406388503 0.0156780980
-6.8967838060 -2.4144805315 0.0156999346
-6.8724272862 -2.4882299279 0.0157227265
-6.8473339980 -2.5618794745 0.0157464800
-6.8215049876 -2.6354216017 0.0157712018
-6.7949413766 -2.7088487354 0.0157968987
-6.7676443627 -2.7821532978 0.0158235778
-6.7396152193 -2.8553277085 0.0158512464
-6.7108552959 -2.9283643852 0.0158799122
-6.6813660176 -3.0012557439 0.0159095832
-6.6511488857 -3.0739942004 0.0159402676
-6.6202054773 -3.1465721706 0.0159719738
-6.5885374454 -3.2189820712 0.0160047106
-6.5561465190 -3.2912163210 0.0160384871
-6.5230345030 -3.3632673411 0.0160733128
-6.4892032780 -3.4351275558 0.0161091973
-6.4546548007 -3.5067893937 0.0161461506
-6.4193911032 -3.5782452880 0.0161841830
-6.3834142939 -3.6494876775 0.0162233053
-6.3467265563 -3.7205090075 0.0162635284
-6.3093301500 -3.7913017301 0.0163048636
-6.2712274099 -3.8618583055 0.0163473225
-6.2324207464 -3.9321712026 0.0163909173
-6.1929126454 -4.0022328996 0.0164356603
-6.1527056679 -4.0720358851 0.0164815642
-6.1118024502 -4.1415726583 0.0165286421
-6.0702057038 -4.2108357304 0.0165769076
-6.0279182150 -4.2798176253 0.0166263746
-5.9849428450 -4.3485108799 0.0166770572
-5.9412825297 -4.4169080452 0.0167289703
-5.8969402794 -4.4850016872 0.0167821290
-5.8519191792 -4.5527843874 0.0168365486
-5.8062223880 -4.6202487438 0.0168922454
-5.7598531393 -4.6873873714 0.0169492356
-5.7128147400 -4.7541929035 0.0170075361
-5.6651105712 -4.8206579916 0.0170671642
-5.6167440872 -4.8867753073 0.0171281379
-5.5677188159 -4.9525375419 0.0171904754
-5.5180383584 -5.0179374082 0.0172541954
-5.4677063885 -5.0829676406 0.0173193174
-5.4167266529 -5.1476209961 0.0173858611
-5.3651029709 -5.2118902551 0.0174538469
-5.3128392339 -5.2757682221 0.0175232959
-5.2599394055 -5.3392477267 0.0175942294
-5.2064075210 -5.4023216239 0.0176666696
-5.1522476873 -5.4649827953 0.0177406391
-5.0974640825 -5.5272241497 0.0178161613
-5.0420609557 -5.5890386239 0.0178932600
-4.9860426269 -5.6504191833 0.0179719598
-4.9294134864 -5.7113588231 0.0180522859
-4.8721779947 -5.7718505686 0.0181342643
-4.8143406820 -5.8318874760 0.0182179215
-4.7559061484 -5.8914626335 0.0183032849
-4.6968790630 -5.9505691619 0.0183903824
-4.6372641636 -6.0092002151 0.0184792430
-4.5770662571 -6.0673489812 0.0185698961
-4.5162902182 -6.1250086830 0.0186623722
-4.4549409898 -6.1821725791 0.0187567024
-4.3930235820 -6.2388339642 0.0188529189
-4.3305430725 -6.2949861701 0.0189510544
-4.2675046056 -6.3506225665 0.0190511429
-4.2039133920 -6.4057365617 0.0191532191
-4.1397747087 -6.4603216031 0.0192573185
-4.0750938981 -6.5143711782 0.0193634779
-4.0098763681 -6.5678788154 0.0194717349
-3.9441275915 -6.6208380844 0.0195821282
-3.8778531054 -6.6732425974 0.0196946975
-3.8110585112 -6.7250860092 0.0198094836
-3.7437494738 -6.7763620185 0.0199265285
-3.6759317213 -6.8270643685 0.0200458753
-3.6076110447 -6.8771868474 0.0201675683
-3.5387932972 -6.9267232892 0.0202916531
-3.4694843939 -6.9756675746 0.0204181764
-3.3996903116 -7.0240136313 0.0205471864
-3.3294170877 -7.0717554353 0.0206787324
-3.2586708202 -7.1188870112 0.0208128655
-3.1874576674 -7.1654024327 0.0209496379
-3.1157838468 -7.2112958240 0.0210891033
-3.0436556350 -7.2565613597 0.0212313171
-2.9710793674 -7.3011932662 0.0213763360
-2.8980614371 -7.3451858217 0.0215242187
-2.8246082951 -7.3885333575 0.0216750253
-2.7507264492 -7.4312302583 0.0218288176
-2.6764224638 -7.4732709629 0.0219856595
-2.6017029592 -7.5146499652 0.0221456164
-2.5265746113 -7.5553618144 0.0223087557
-2.4510441507 -7.5954011159 0.0224751470
-2.3751183626 -7.6347625322 0.0226448616
-2.2988040859 -7.6734407829 0.0228179731
-2.2221082126 -7.7114306461 0.0229945573
-2.1450376878 -7.7487269585 0.0231746920
-2.0675995083 -7.7853246164 0.0233584578
-1.9898007226 -7.8212185760 0.0235459371
-1.9116484304 -7.8564038543 0.0237372153
-1.8331497815 -7.8908755297 0.0239323801
-1.7543119756 -7.9246287426 0.0241315218
-1.6751422615 -7.9576586957 0.0243347337
-1.5956479369 -7.9899606552 0.0245421119
-1.5158363471 -8.0215299510 0.0247537551
-1.4357148851 -8.0523619775 0.0249697655
-1.3552909905 -8.0824521940 0.0251902481
-1.2745721490 -8.1117961254 0.0254153115
-1.1935658921 -8.1403893630 0.0256450675
-1.1122797960 -8.1682275646 0.0258796313
-1.0307214809 -8.1953064555 0.0261191220
-0.9488986112 -8.2216218291 0.0263636622
-0.8668188937 -8.2471695471 0.0266133785
-0.7844900779 -8.2719455404 0.0268684017
-0.7019199548 -8.2959458093 0.0271288665
-0.6191163565 -8.3191664247 0.0273949122
-0.5360871554 -8.3416035278 0.0276666824
-0.4528402635 -8.3632533314 0.0279443256
-0.3693836321 -8.3841121199 0.0282279949
-0.2857252505 -8.4041762502 0.0285178486
-0.2018731460 -8.4234421520 0.0288140501
-0.1178353826 -8.4419063284 0.0291167684
-0.0336200609 -8.4595653564 0.0294261779
0.0507646831 -8.4764158873 0.0297424590
0.1353106782 -8.4924546476 0.0300657981
0.2200097193 -8.5076784389 0.0303963878
0.3048535674 -8.5220841388 0.0307344274
0.3898339509 -8.5356687015 0.0310801229
0.4749425658 -8.5484291578 0.0314336874
0.5601710766 -8.5603626158 0.0317953412
0.6455111175 -8.5714662617 0.0321653124
0.7309542920 -8.5817373597 0.0325438369
0.8164921746 -8.5911732528 0.0329311589
0.9021163111 -8.5997713632 0.0333275312
0.9878182192 -8.6075291926 0.0337332153
1.0735893897 -8.6144443229 0.0341484822
1.1594212864 -8.6205144163 0.0345736124
1.2453053476 -8.6257372161 0.0350088966
1.3312329864 -8.6301105467 0.0354546357
1.4171955913 -8.6336323143 0.0359111416
1.5031845276 -8.6363005073 0.0363787374
1.5891911370 -8.6381131965 0.0368577582
1.6752067392 -8.6390685358 0.0373485513
1.7612226325 -8.6391647622 0.0378514765
1.8472300940 -8.6384001964 0.0383669072
1.9332203807 -8.6367732434 0.0388952306
2.0191847303 -8.6342823923 0.0394368483
2.1051143615 -8.6309262172 0.0399921770
2.1910004750 -8.6267033772 0.0405616491
2.2768342544 -8.6216126171 0.0411457132
2.3626068660 -8.6156527671 0.0417448352
2.4483094606 -8.6088227441 0.0423594989
2.5339331735 -8.6011215510 0.0429902063
2.6194691254 -8.5925482780 0.0436374788
2.7049084228 -8.5831021019 0.0443018582
2.7902421591 -8.5727822873 0.0449839075
2.8754614152 -8.5615881866 0.0456842114
2.9605572597 -8.5495192399 0.0464033777
3.0455207497 -8.5365749760 0.0471420382
3.1303429322 -8.5227550120 0.0479008497
3.2150148436 -8.5080590543 0.0486804952
3.2995275109 -8.4924868981 0.0494816849
3.3838719525 -8.4760384282 0.0503051579
3.4680391784 -8.4587136192 0.0511516825
3.5520201908 -8.4405125356 0.0520220587
3.6358059851 -8.4214353322 0.0529171189
3.7193875503 -8.4014822541 0.0538377294
3.8027558690 -8.3806536373 0.0547847921
3.8859019188 -8.3589499088 0.0557592463
3.9688166724 -8.3363715865 0.0567620700
4.0514910979 -8.3129192801 0.0577942818
4.1339161599 -8.2885936907 0.0588569433
4.2160828194 -8.2633956113 0.0599511599
4.2979820345 -8.2373259271 0.0610780842
4.3796047611 -8.2103856156 0.0622389172
4.4609419528 -8.1825757465 0.0634349109
4.5419845616 -8.1538974825 0.0646673707
4.6227235385 -8.1243520792 0.0659376580
4.7031498333 -8.0939408851 0.0672471922
4.7832543954 -8.0626653423 0.0685974546
4.8630281741 -8.0305269860 0.0699899900
4.9424621184 -7.9975274454 0.0714264104
5.0215471780 -7.9636684434 0.0729083985
5.1002743028 -7.9289517969 0.0744377103
5.1786344434 -7.8933794173 0.0760161786
5.2566185515 -7.8569533100 0.0776457177
5.3342175796 -7.8196755753 0.0793283259
5.4114224812 -7.7815484082 0.0810660904
5.4882242110 -7.7425740985 0.0828611915
5.5646137248 -7.7027550312 0.0847159065
5.6405819793 -7.6620936868 0.0866326146
5.7161199323 -7.6205926409 0.0886138028
5.7912185424 -7.5782545652 0.0906620691
5.8658687687 -7.5350822268 0.0927801293
5.9400615708 -7.4910784892 0.0949708231
6.0137879086 -7.4462463119 0.0972371179
6.0870387412 -7.4005887510 0.0995821172
6.1598050273 -7.3541089591 0.1020090667
6.2320777246 -7.3068101856 0.1045213599
6.3038477888 -7.2586957770 0.1071225462
6.3751061732 -7.2097691771 0.1098163397
6.4458438284 -7.1600339269 0.1126066247
6.5160517008 -7.1094936655 0.1154974642
6.5857207321 -7.0581521295 0.1184931120
6.6548418587 -7.0060131541 0.1215980179
6.7234060103 -6.9530806725 0.1248168376
6.7914041080 -6.8993587171 0.1281544450
6.8588270648 -6.8448514188 0.1316159426
6.9256657830 -6.7895630082 0.1352066690
6.9919111532 -6.7334978151 0.1389322120
7.0575540517 -6.6766602697 0.1427984248
7.1225853411 -6.6190549020 0.1468114331
7.1869958665 -6.5606863429 0.1509776485
7.2507764540 -6.5015593242 0.1553037846
7.3139179086 -6.4416786791 0.1597968743
7.3764110132 -6.3810493428 0.1644642769
7.4382465246 -6.3196763524 0.1693136973
7.4994151712 -6.2575648482 0.1743532064
7.5599076512 -6.1947200735 0.1795912549
7.6197146297 -6.1311473752 0.1850366876
7.6788267348 -6.0668522049 0.1906987657
7.7372345543 -6.0018401190 0.1965871904
7.7949286340 -5.9361167793 0.2027121136
7.8518994724 -5.8696879539 0.2090841632
7.9081375170 -5.8025595179 0.2157144693
7.9636331615 -5.7347374539 0.2226146800
8.0183767405 -5.6662278530 0.2297969860
8.0723585249 -5.5970369156 0.2372741501
8.1255687183 -5.5271709521 0.2450595267
8.1779974509 -5.4566363841 0.2531670885
8.2296347747 -5.3854397453 0.2616114584
8.2804706582 -5.3135876822 0.2704079317
8.3304949806 -5.2410869556 0.2795725061
8.3796975252 -5.1679444417 0.2891219155
8.4280679741 -5.0941671333 0.2990736542
8.4755959005 -5.0197621407 0.3094460130
8.5222707627 -4.9447366937 0.3202581097
8.5680818963 -4.8690981426 0.3315299207
8.6130185065 -4.7928539597 0.3432823182
8.6570696611 -4.7160117411 0.3555371001
8.7002242812 -4.6385792083 0.3683170288
8.7424711335 -4.5605642099 0.3816458641
8.7837988210 -4.4819747233 0.3955483999
8.8241957736 -4.4028188572 0.4100505016
8.8636502393 -4.3231048528 0.4251791393
8.9021502733 -4.2428410867 0.4409624290
8.9396837286 -4.1620360728 0.4574296635
8.9762382447 -4.0806984645 0.4746113538
9.0118012375 -3.9988370576 0.4925392600
9.0463598871 -3.9164607925 0.5112464299
9.0799011269 -3.8335787572 0.5307672299
9.1124116315 -3.7502001897 0.5511373801
9.1438778046 -3.6663344816 0.5723939834
9.1742857664 -3.5819911805 0.5945755556
9.2036213412 -3.4971799937 0.6177220520
9.2318700442 -3.4119107912 0.6418748912
9.2590170686 -3.3261936095 0.6670769763
9.2850472722 -3.2400386551 0.6933727112
9.3099451644 -3.1534563081 0.7208080147
9.3336948921 -3.0664571263 0.7494303270
9.3562802270 -2.9790518493 0.7792886133
9.3776845515 -2.8912514024 0.8104333591
9.3978908463 -2.8030669012 0.8429165601
9.4168816762 -2.7145096561 0.8767917028
9.4346391784 -2.6255911765 0.9121137379
9.4511450491 -2.5363231763 0.9489390428
9.4663805324 -2.4467175777 0.9873253743
9.4803264081 -2.3567865176 1.0273318099
9.4929629816 -2.2665423512 1.0690186740
9.5042700735 -2.1759976585 1.1124474551
9.5142270118 -2.0851652490 1.1576807004
9.5228126225 -1.9940581672 1.2047819036
9.5300052250 -1.9026896983 1.2538153631
9.5357826256 -1.8110733736 1.3048460351
9.5401221160 -1.7192229762 1.3579393497
9.5430004702 -1.6271525468 1.4131610243
9.5443939468 -1.5348763894 1.4705768309
9.5442782916 -1.4424090764 1.5302523646
9.5426287437 -1.3497654552 1.5922527564
9.5394200440 -1.2569606530 1.6566423911
9.5346264478 -1.1640100827 1.7234845595
9.5282217394 -1.0709294480 1.7928411199
9.5201792525 -0.9777347489 1.8647720860
9.5104718925 -0.8844422863 1.9393352261
9.4990721654 -0.7910686673 2.0165855823
9.4859522094 -0.6976308089 2.0965750050
9.4710838337 -0.6041459430 2.1793515978
9.4544385607 -0.5106316193 2.2649591897
9.4359876767 -0.4171057092 2.3534366996
9.4157022843 -0.3235864080 2.4448175526
9.3935533684 -0.2300922376 2.5391289586
9.3695118590 -0.1366420476 2.6363912833
9.3435487145 -0.0432550162 2.7366172441
9.3156349955 0.0500493496 2.8398112345
9.2857419657 0.1432512151 2.9459684698
9.2538411812 0.2363304194 3.0550742440
9.2199046047 0.3292664789 3.1671030731
9.1839047163 0.4220385904 3.2820178759
9.1458146340 0.5146256367 3.3997691756
9.1056082612 0.6070061937 3.5202941482
9.0632603986 0.6991585362 3.6435159685
9.0187469171 0.7910606499 3.7693428678
8.9720449103 0.8826902404 3.8976673617
8.9231328354 0.9740247454 4.0283656134
8.8719907175 1.0650413505 4.1612965941
8.8186002994 1.1557170035 4.2963015534
8.7629452341 1.2460284325 4.4332034105
8.7050112828 1.3359521670 4.5718062705
8.6447864816 1.4254645562 4.7118950845
8.5822613661 1.5145417966 4.8532353446
8.5174291431 1.6031599542 4.9955729796
8.4502859030 1.6912949934 5.1386343344
8.3808308102 1.7789228076 5.2821263579
8.3090662935 1.8660192481 5.4257368903
8.2349982446 1.9525601614 5.5691352317
8.1586361853 2.0385214201 5.7119727518
8.0799934595 2.1238789656 5.8538839021
7.9990873784 2.2086088418 5.9944871841
7.9159393883 2.2926872406 6.1333866063
7.8305751940 2.3760905408 6.2701730911
7.7430248870 2.4587953533 6.4044263006
7.6533230421 2.5407785668 6.5357165763
7.5615087977 2.6220173902 6.6636070305
7.4676259139 2.7024894052 6.7876560727
7.3717228027 2.7821726057 6.9074196654
7.2738525326 2.8610454535 7.0224543960
7.1740728085 2.9390869189 7.1323199107
7.0724459144 3.0162765314 7.2365822158
6.9690386327 3.0925944274 7.3348165509
6.8639221355 3.1680213899 7.4266104227
6.7571718201 3.2425389026 7.5115670740
6.6488671611 3.3161291826 7.5893080979
6.5390914669 3.3887752287 7.6594770176
6.4279316649 3.4604608587 7.7217419318
6.3154780296 3.5311707418 7.7757984364
6.2018238598 3.6008904398 7.8213725164
6.0870651999 3.6696064299 7.8582226941
5.9713004383 3.7373061377 7.8861426292
5.8546299860 3.8039779588 7.9049628337
5.7371558581 3.8696112777 7.9145524907
5.6189812789 3.9341964873 7.9148207700
5.5002102783 3.9977249967 7.9057178066
5.3809472397 4.0601892430 7.8872353733
5.2612965131 4.1215826924 7.8594071213
5.1413619377 4.1818998403 7.8223084422
5.0212464667 4.2411362071 7.7760560288
4.9010517016 4.2992883275 7.7208069025
4.7808775230 4.3563537388 7.6567572951
4.6608216688 4.4123309621 7.5841409576
4.5409793743 4.4672194822 7.5032273389
4.4214430116 4.5210197221 7.4143193691
4.3023017532 4.5737330140 7.3177509526
4.1836412785 4.6253615692 7.2138844179
4.0655434767 4.6759084406 7.1031074003
3.9480862240 4.7253774895 6.9858301577
3.8313431402 4.7737733407 6.8624820038
3.7153834286 4.8211013453 6.7335085113
3.6002717075 4.8673675341 6.5993679379
3.4860679011 4.9125785728 6.4605281265
3.3728271502 4.9567417186 6.3174633435
3.2605997594 4.9998647677 6.1706509129
3.1494311752 5.0419560148 6.0205685301
3.0393619954 5.0830241986 5.8676909946
2.9304280023 5.1230784600 5.7124877952
2.8226602315 5.1621282909 5.5554202960
2.7160850555 5.2001834905 5.3969395429
2.6107243005 5.2372541182 5.2374839911
2.5065953751 5.2733504500 5.0774776357
2.4037114264 5.3084829353 4.9173282495
2.3020815033 5.3426621553 4.7574259221
2.2017107440 5.3758987832 4.5981417765
2.1026005649 5.4082035464 4.4398269417
2.0047488702 5.4395871900 4.2828117206
1.9081502571 5.4700604430 4.1274049785
1.8127962400 5.4996339861 3.9738937305
1.7186754626 5.5283184221 3.8225429043
1.6257739288 5.5561242477 3.6735953022
1.5340752170 5.5830618285 3.5272716896
1.4435607049 5.6091413750 3.3837710670
1.3542097907 5.6343729216 3.2432710562
1.2660000930 5.6587663079 3.1059283781
1.1789076771 5.6823311608 2.9718795085
1.0929072395 5.7050768800 2.8412413209
1.0079723148 5.7270126250 2.7141119012
0.9240754547 5.7481473031 2.5905713508
0.8411884082 5.7684895611 2.4706826799
0.7592822926 5.7880477766 2.3544927281
0.6783277487 5.8068300527 2.2420330939
0.5982950962 5.8248442127 2.1333211160
0.5191544707 5.8420977978 2.0283608224
0.4408759557 5.8585980648 1.9271439052
0.3634297054 5.8743519858 1.8296506813
0.2867860550 5.8893662491 1.7358510299
0.2109156234 5.9036472604 1.6457053163
0.1357894073 5.9172011465 1.5591652922
0.0613788657 5.9300337579 1.4761749639
-0.0123440048 5.9421506739 1.3966714268
-0.0854066015 5.9535572077 1.3205856661
-0.1578356564 5.9642584122 1.2478433226
-0.2296571831 5.9742590862 1.1783654170
-0.3008964320 5.9835637817 1.1120690354
-0.3715778519 5.9921768109 1.0488679742
-0.4417250574 6.0001022542 0.9886733456
-0.5113608031 6.0073439678 0.9313941420
-0.5805069622 6.0139055924 0.8769377610
-0.6491845118 6.0197905617 0.8252104918
-0.7174135211 6.0250021105 0.7761179621
-0.7852131457 6.0295432840 0.7295655498
-0.8526016248 6.0334169461 0.6854587570
-0.9195962823 6.0366257887 0.6437035519
-0.9862135316 6.0391723401 0.6042066756
-1.0524688831 6.0410589737 0.5668759192
-1.1183769544 6.0422879173 0.5316203702
-1.1839514827 6.0428612610 0.4983506309
-1.2492053403 6.0427809658 0.4669790106
-1.3141505504 6.0420488722 0.4374196919
-1.3787983061 6.0406667083 0.4095888748
-1.4431589898 6.0386360975 0.3834048981
-1.5072421941 6.0359585665 0.3587883405
-1.5710567438 6.0326355530 0.3356621034
-1.6346107185 6.0286684129 0.3139514763
-1.6979114763 6.0240584277 0.2935841850
-1.7609656769 6.0188068111 0.2744904270
-1.8237793065 6.0129147162 0.2566028918
-1.8863577022 6.0063832416 0.2398567704
-1.9487055758 5.9992134379 0.2241897522
-2.0108270389 5.9914063136 0.2095420136
-2.0727256273 5.9829628410 0.1958561966
-2.1344043247 5.9738839617 0.1830773795
-2.1958655871 5.9641705921 0.1711530412
-2.2571113662 5.9538236282 0.1600330187
-2.3181431323 5.9428439508 0.1496694593
-2.3789618976 5.9312324301 0.1400167685
-2.4395682377 5.9189899300 0.1310315535
-2.4999623140 5.9061173125 0.1226725638
-2.5601438944 5.8926154417 0.1149006288
-2.6201123736 5.8784851877 0.1076785935
-2.6798667937 5.8637274301 0.1009712518
-2.7394058629 5.8483430616 0.0947452795
-2.7987279742 5.8323329912 0.0889691664
-2.8578312236 5.8156981471 0.0836131468
-2.9167134272 5.7984394802 0.0786491319
-2.9753721379 5.7805579662 0.0740506403
-3.0338046616 5.7620546087 0.0697927308
-3.0920080722 5.7429304412 0.0658519347
-3.1499792267 5.7231865300 0.0622061897
-3.2077147788 5.7028239757 0.0588347751
-3.2652111928 5.6818439157 0.0557182473
-3.3224647563 5.6602475261 0.0528383784
-3.3794715923 5.6380360231 0.0501780945
-3.4362276711 5.6152106649 0.0477214174
-3.4927288209 5.5917727537 0.0454534072
-3.5489707392 5.5677236362 0.0433601064
-3.6049490019 5.5430647057 0.0414284870
-3.6606590735 5.5177974033 0.0396463983
-3.7160963156 5.4919232187 0.0380025175
-3.7712559958 5.4654436915 0.0364863021
-3.8261332957 5.4383604123 0.0350879439
-3.8807233183 5.4106750234 0.0337983252
-3.9350210955 5.3823892199 0.0326089770
-3.9890215947 5.3535047502 0.0315120391
-4.0427197254 5.3240234170 0.0305002220
-4.0961103453 5.2939470777 0.0295667707
-4.1491882657 5.2632776453 0.0287054300
-4.2019482574 5.2320170887 0.0279104125
-4.2543850552 5.2001674331 0.0271763669
-4.3064933634 5.1677307609 0.0264983492
-4.3582678594 5.1347092117 0.0258717949
-4.4097031987 5.1011049826 0.0252924930
-4.4607940186 5.0669203291 0.0247565613
-4.5115349421 5.0321575645 0.0242604231
-4.5619205809 4.9968190609 0.0238007858
-4.6119455395 4.9609072492 0.0233746198
-4.6616044178 4.9244246189 0.0229791401
-4.7108918142 4.8873737187 0.0226117876
-4.7598023283 4.8497571566 0.0222702127
-4.8083305636 4.8115775997 0.0219522592
-4.8564711300 4.7728377745 0.0216559501
-4.9042186459 4.7335404667 0.0213794732
-4.9515677406 4.6936885217 0.0211211688
-4.9985130561 4.6532848441 0.0208795178
-5.0450492495 4.6123323979 0.0206531302
-5.0911709942 4.5708342064 0.0204407350
-5.1368729822 4.5287933522 0.0202411710
-5.1821499254 4.4862129773 0.0200533774
-5.2269965575 4.4430962825 0.0198763857
-5.2714076350 4.3994465277 0.0197093123
-5.3153779389 4.3552670320 0.0195513513
-5.3589022760 4.3105611727 0.0194017682
-5.4019754803 4.2653323863 0.0192598933
-5.4445924138 4.2195841673 0.0191251171
-5.4867479682 4.1733200687 0.0189968842
-5.5284370654 4.1265437015 0.0188746894
-5.5696546592 4.0792587348 0.0187580729
-5.6103957359 4.0314688951 0.0186466165
-5.6506553151 3.9831779666 0.0185399399
-5.6904284513 3.9343897907 0.0184376973
-5.7297102341 3.8851082657 0.0183395746
-5.7684957895 3.8353373469 0.0182452862
-5.8067802807 3.7850810459 0.0181545725
-5.8445589086 3.7343434308 0.0180671978
-5.8818269131 3.6831286254 0.0179829479
-5.9185795732 3.6314408095 0.0179016282
-5.9548122084 3.5792842181 0.0178230619
-5.9905201791 3.5266631414 0.0177470884
-6.0256988873 3.4735819245 0.0176735617
-6.0603437774 3.4200449669 0.0176023490
-6.0944503367 3.3660567224 0.0175333298
-6.1280140961 3.3116216986 0.0174663944
-6.1610306311 3.2567444566 0.0174014429
-6.1934955617 3.2014296107 0.0173383846
-6.2254045539 3.1456818283 0.0172771366
-6.2567533194 3.0895058289 0.0172176237
-6.2875376170 3.0329063845 0.0171597772
-6.3177532526 2.9758883186 0.0171035343
-6.3473960801 2.9184565062 0.0170488379
-6.3764620017 2.8606158735 0.0169956356
-6.4049469689 2.8023713970 0.0169438797
-6.4328469825 2.7437281037 0.0168935263
-6.4601580936 2.6846910703 0.0168445355
-6.4868764037 2.6252654230 0.0167968703
-6.5129980656 2.5654563371 0.0167504971
-6.5385192839 2.5052690364 0.0167053846
-6.5634363150 2.4447087929 0.0166615045
-6.5877454684 2.3837809264 0.0166188302
-6.6114431065 2.3224908041 0.0165773376
-6.6345256456 2.2608438400 0.0165370041
-6.6569895559 2.1988454944 0.0164978089
-6.6788313625 2.1365012739 0.0164597328
-6.7000476453 2.0738167305 0.0164227580
-6.7206350401 2.0107974611 0.0163868679
-6.7405902385 1.9474491074 0.0163520470
-6.7599099887 1.8837773553 0.0163182809
-6.7785910958 1.8197879341 0.0162855564
-6.7966304223 1.7554866165 0.0162538609
-6.8140248885 1.6908792176 0.0162231828
-6.8307714729 1.6259715950 0.0161935111
-6.8468672128 1.5607696478 0.0161648358
-6.8623092046 1.4952793163 0.0161371471
-6.8770946040 1.4295065814 0.0161104363
-6.8912206269 1.3634574642 0.0160846948
-6.9046845493 1.2971380255 0.0160599149
-6.9174837081 1.2305543651 0.0160360892
-6.9296155013 1.1637126213 0.0160132108
-6.9410773882 1.0966189706 0.0159912732
-6.9518668903 1.0292796269 0.0159702704
-6.9619815911 0.9617008410 0.0159501967
-6.9714191370 0.8938889002 0.0159310468
-6.9801772370 0.8258501275 0.0159128157
-6.9882536639 0.7575908812 0.0158954988
-6.9956462541 0.6891175545 0.0158790919
-7.0023529077 0.6204365744 0.0158635909
-7.0083715897 0.5515544017 0.0158489921
-7.0137003296 0.4824775302 0.0158352922
-7.0183372219 0.4132124860 0.0158224879
-7.0222804267 0.3437658269 0.0158105765
-7.0255281695 0.2741441423 0.0157995553
-7.0280787422 0.2043540518 0.0157894220
-7.0299305028 0.1344022052 0.0157801745
-7.0310818758 0.0642952818 0.0157718110
-7.0315313530 -0.0059600105 0.0157643297
-7.0312774930 -0.0763569353 0.0157577294
-7.0303189222 -0.1468887289 0.0157520089
-7.0286543346 -0.2175486007 0.0157471672
-7.0262824923 -0.2883297334 0.0157432037
-7.0232022256 -0.3592252843 0.0157401179
-7.0194124334 -0.4302283856 0.0157379096
-7.0149120835 -0.5013321451 0.0157365787
-7.0097002125 -0.5725296466 0.0157361254
-7.0037759266 -0.6438139511 0.0157365501
-6.9971384013 -0.7151780968 0.0157378535
-6.9897868818 -0.7866151001 0.0157400364
-6.9817206834 -0.8581179564 0.0157430998
-6.9729391915 -0.9296796405 0.0157470449
-6.9634418619 -1.0012931073 0.0157518734
-6.9532282207 -1.0729512922 0.0157575869
-6.9422978652 -1.1446471128 0.0157641872
-6.9306504634 -1.2163734683 0.0157716766
-6.9182857544 -1.2881232407 0.0157800574
-6.9052035484 -1.3598892954 0.0157893320
-6.8914037276 -1.4316644827 0.0157995034
-6.8768862453 -1.5034416372 0.0158105746
-6.8616511268 -1.5752135787 0.0158225486
-6.8456984691 -1.6469731138 0.0158354290
-6.8290284414 -1.7187130360 0.0158492195
-6.8116412852 -1.7904261266 0.0158639239
-6.7935373140 -1.8621051544 0.0158795464
-6.7747169138 -1.9337428777 0.0158960913
-6.7551805432 -2.0053320450 0.0159135632
-6.7349287333 -2.0768653948 0.0159319669
-6.7139620881 -2.1483356565 0.0159513075
-6.6922812840 -2.2197355517 0.0159715902
-6.6698870708 -2.2910577945 0.0159928206
-6.6467802709 -2.3622950924 0.0160150045
-6.6229617797 -2.4334401465 0.0160381478
-6.5984325659 -2.5044856530 0.0160622569
-6.5731936712 -2.5754243036 0.0160873384
-6.5472462105 -2.6462487857 0.0161133989
-6.5205913717 -2.7169517840 0.0161404455
-6.4932304163 -2.7875259806 0.0161684856
-6.4651646789 -2.8579640562 0.0161975267
-6.4363955672 -2.9282586902 0.0162275766
-6.4069245625 -2.9984025621 0.0162586436
-6.3767532192 -3.0683883519 0.0162907361
-6.3458831650 -3.1382087406 0.0163238626
-6.3143161009 -3.2078564116 0.0163580323
-6.2820538010 -3.2773240508 0.0163932543
-6.2490981130 -3.3466043476 0.0164295384
-6.2154509573 -3.4156899958 0.0164668944
-6.1811143277 -3.4845736939 0.0165053324
-6.1460902912 -3.5532481462 0.0165448631
-6.1103809875 -3.6217060637 0.0165854972
-6.0739886296 -3.6899401642 0.0166272461
-6.0369155032 -3.7579431736 0.0166701210
-5.9991639669 -3.8257078267 0.0167141340
-5.9607364519 -3.8932268673 0.0167592973
-5.9216354622 -3.9604930497 0.0168056233
-5.8818635743 -4.0274991390 0.0168531251
-5.8414234369 -4.0942379120 0.0169018159
-5.8003177714 -4.1607021579 0.0169517094
-5.7585493711 -4.2268846791 0.0170028198
-5.7161211014 -4.2927782919 0.0170551613
-5.6730358996 -4.3583758271 0.0171087490
-5.6292967748 -4.4236701313 0.0171635982
-5.5849068077 -4.4886540668 0.0172197244
-5.5398691506 -4.5533205131 0.0172771439
-5.4941870267 -4.6176623672 0.0173358733
-5.4478637307 -4.6816725447 0.0173959295
-5.4009026280 -4.7453439801 0.0174573301
-5.3533071549 -4.8086696281 0.0175200931
-5.3050808180 -4.8716424637 0.0175842370
-5.2562271944 -4.9342554834 0.0176497806
-5.2067499313 -4.9965017061 0.0177167434
-5.1566527458 -5.0583741733 0.0177851455
-5.1059394246 -5.1198659502 0.0178550074
-5.0546138239 -5.1809701263 0.0179263501
-5.0026798690 -5.2416798163 0.0179991952
-4.9501415543 -5.3019881608 0.0180735651
-4.8970029429 -5.3618883269 0.0181494824
-4.8432681660 -5.4213735091 0.0182269706
-4.7889414233 -5.4804369299 0.0183060537
-4.7340269822 -5.5390718406 0.0183867564
-4.6785291778 -5.5972715222 0.0184691040
-4.6224524125 -5.6550292857 0.0185531225
-4.5658011555 -5.7123384735 0.0186388386
-4.5085799429 -5.7691924594 0.0187262796
-4.4507933771 -5.8255846498 0.0188154736
-4.3924461265 -5.8815084844 0.0189064496
-4.3335429254 -5.9369574365 0.0189992371
-4.2740885732 -5.9919250145 0.0190938667
-4.2140879347 -6.0464047619 0.0191903693
-4.1535459392 -6.1003902582 0.0192887773
-4.0924675804 -6.1538751201 0.0193891234
-4.0308579158 -6.2068530013 0.0194914415
-3.9687220668 -6.2593175942 0.0195957662
-3.9060652179 -6.3112626300 0.0197021332
-3.8428926164 -6.3626818794 0.0198105790
-3.7792095722 -6.4135691537 0.0199211413
-3.7150214571 -6.4639183051 0.0200338586
-3.6503337047 -6.5137232278 0.0201487705
-3.5851518097 -6.5629778581 0.0202659178
-3.5194813279 -6.6116761759 0.0203853422
-3.4533278751 -6.6598122046 0.0205070866
-3.3866971275 -6.7073800124 0.0206311953
-3.3195948205 -6.7543737126 0.0207577135
-3.2520267488 -6.8007874645 0.0208866877
-3.1839987658 -6.8466154739 0.0210181659
-3.1155167828 -6.8918519940 0.0211521972
-3.0465867692 -6.9364913260 0.0212888320
-2.9772147513 -6.9805278195 0.0214281224
-2.9074068124 -7.0239558736 0.0215701216
-2.8371690921 -7.0667699373 0.0217148847
-2.7665077857 -7.1089645102 0.0218624679
-2.6954291440 -7.1505341433 0.0220129292
-2.6239394723 -7.1914734393 0.0221663283
-2.5520451307 -7.2317770538 0.0223227264
-2.4797525326 -7.2714396953 0.0224821867
-2.4070681450 -7.3104561264 0.0226447739
-2.3339984875 -7.3488211642 0.0228105547
-2.2605501321 -7.3865296808 0.0229795978
-2.1867297023 -7.4235766043 0.0231519738
-2.1125438728 -7.4599569189 0.0233277552
-2.0379993692 -7.4956656661 0.0235070168
-1.9631029666 -7.5306979449 0.0236898356
-1.8878614901 -7.5650489127 0.0238762906
-1.8122818136 -7.5987137857 0.0240664634
-1.7363708591 -7.6316878393 0.0242604379
-1.6601355968 -7.6639664095 0.0244583004
-1.5835830438 -7.6955448925 0.0246601398
-1.5067202640 -7.7264187461 0.0248660478
-1.4295543674 -7.7565834897 0.0250761187
-1.3520925093 -7.7860347052 0.0252904496
-1.2743418898 -7.8147680375 0.0255091408
-1.1963097535 -7.8427791953 0.0257322952
-1.1180033884 -7.8700639510 0.0259600192
-1.0394301256 -7.8966181422 0.0261924223
-0.9605973388 -7.9224376713 0.0264296174
-0.8815124432 -7.9475185068 0.0266717209
-0.8021828954 -7.9718566835 0.0269188527
-0.7226161923 -7.9954483032 0.0271711367
-0.6428198710 -8.0182895349 0.0274287003
-0.5628015075 -8.0403766158 0.0276916751
-0.4825687168 -8.0617058515 0.0279601969
-0.4021291516 -8.0822736167 0.0282344057
-0.3214905021 -8.1020763554 0.0285144460
-0.2406604951 -8.1211105819 0.0288004669
-0.1596468934 -8.1393728810 0.0290926222
-0.0784574951 -8.1568599085 0.0293910708
0.0028998667 -8.1735683917 0.0296959767
0.0844173253 -8.1894951299 0.0300075091
0.1660869802 -8.2046369951 0.0303258429
0.2479008986 -8.2189909321 0.0306511587
0.3298511154 -8.2325539592 0.0309836430
0.4119296343 -8.2453231687 0.0313234885
0.4941284283 -8.2572957272 0.0316708943
0.5764394404 -8.2684688761 0.0320260661
0.6588545843 -8.2788399321 0.0323892165
0.7413657450 -8.2884062876 0.0327605655
0.8239647798 -8.2971654113 0.0331403403
0.9066435186 -8.3051148482 0.0335287759
0.9893937647 -8.3122522205 0.0339261152
1.0722072956 -8.3185752279 0.0343326097
1.1550758637 -8.3240816477 0.0347485193
1.2379911968 -8.3287693355 0.0351741132
1.3209449990 -8.3326362256 0.0356096697
1.4039289511 -8.3356803314 0.0360554769
1.4869347119 -8.3378997455 0.0365118330
1.5699539181 -8.3392926403 0.0369790468
1.6529781856 -8.3398572686 0.0374574381
1.7359991099 -8.3395919635 0.0379473377
1.8190082669 -8.3384951391 0.0384490888
1.9019972135 -8.3365652908 0.0389630463
1.9849574884 -8.3338009953 0.0394895784
2.0678806127 -8.3302009116 0.0400290665
2.1507580907 -8.3257637808 0.0405819056
2.2335814103 -8.3204884266 0.0411485054
2.3163420440 -8.3143737557 0.0417292908
2.3990314497 -8.3074187580 0.0423247020
2.4816410709 -8.2996225069 0.0429351956
2.5641623372 -8.2909841597 0.0435612452
2.6465866660 -8.2815029580 0.0442033425
2.7289054624 -8.2711782276 0.0448619969
2.8111101200 -8.2600093794 0.0455377374
2.8931920211 -8.2479959088 0.0462311131
2.9751425383 -8.2351373971 0.0469426938
3.0569530346 -8.2214335108 0.0476730711
3.1386148637 -8.2068840023 0.0484228591
3.2201193713 -8.1914887101 0.0491926959
3.3014578954 -8.1752475591 0.0499832439
3.3826217668 -8.1581605607 0.0507951914
3.4636023099 -8.1402278132 0.0516292534
3.5443908432 -8.1214495021 0.0524861730
3.6249786801 -8.1018258998 0.0533667223
3.7053571289 -8.0813573667 0.0542717040
3.7855174941 -8.0600443507 0.0552019526
3.8654510766 -8.0378873876 0.0561583354
3.9451491740 -8.0148871014 0.0571417549
4.0246030815 -7.9910442047 0.0581531493
4.1038040926 -7.9663594984 0.0591934946
4.1827434986 -7.9408338723 0.0602638062
4.2614125906 -7.9144683050 0.0613651408
4.3398026586 -7.8872638645 0.0624985977
4.4179049927 -7.8592217079 0.0636653213
4.4957108833 -7.8303430820 0.0648665030
4.5732116215 -7.8006293230 0.0661033826
4.6503984997 -7.7700818572 0.0673772516
4.7272628119 -7.7387022009 0.0686894547
4.8037958536 -7.7064919603 0.0700413923
4.8799889229 -7.6734528323 0.0714345232
4.9558333204 -7.6395866040 0.0728703673
5.0313203493 -7.6048951534 0.0743505079
5.1064413159 -7.5693804490 0.0758765953
5.1811875302 -7.5330445505 0.0774503489
5.2555503050 -7.4958896087 0.0790735610
5.3295209573 -7.4579178654 0.0807481003
5.4030908079 -7.4191316540 0.0824759144
5.4762511810 -7.3795333994 0.0842590343
5.5489934053 -7.3391256182 0.0860995780
5.6213088133 -7.2979109186 0.0879997540
5.6931887414 -7.2558920010 0.0899618659
5.7646245301 -7.2130716579 0.0919883169
5.8356075237 -7.1694527740 0.0940816134
5.9061290699 -7.1250383263 0.0962443706
5.9761805204 -7.0798313846 0.0984793177
6.0457532301 -7.0338351110 0.1007893016
6.1148385564 -6.9870527610 0.1031772938
6.1834278599 -6.9394876826 0.1056463959
6.2515125034 -6.8911433172 0.1081998444
6.3190838512 -6.8420231996 0.1108410175
6.3861332690 -6.7921309580 0.1135734429
6.4526521236 -6.7414703143 0.1164008021
6.5186317815 -6.6900450843 0.1193269381
6.5840636084 -6.6378591780 0.1223558648
6.6489389688 -6.5849165993 0.1254917726
6.7132492252 -6.5312214469 0.1287390359
6.7769857362 -6.4767779141 0.1321022226
6.8401398563 -6.4215902891 0.1355861045
6.9027029352 -6.3656629552 0.1391956624
6.9646663154 -6.3090003911 0.1429360967
7.0260213313 -6.2516071712 0.1468128409
7.0867593085 -6.1934879660 0.1508315681
7.1468715622 -6.1346475418 0.1549982010
7.2063493942 -6.0750907620 0.1593189241
7.2651840924 -6.0148225865 0.1638001995
7.3233669295 -5.9538480725 0.1684487715
7.3808891601 -5.8921723748 0.1732716819
7.4377420182 -5.8298007460 0.1782762847
7.4939167160 -5.7667385375 0.1834702602
7.5494044419 -5.7029911991 0.1888616230
7.6041963567 -5.6385642798 0.1944587401
7.6582835913 -5.5734634287 0.2002703492
7.7116572454 -5.5076943948 0.2063055681
7.7643083831 -5.4412630282 0.2125739114
7.8162280298 -5.3741752800 0.2190853105
7.8674071699 -5.3064372035 0.2258501286
7.9178367433 -5.2380549545 0.2328791749
7.9675076409 -5.1690347921 0.2401837266
8.0164107018 -5.0993830793 0.2477755468
8.0645367095 -5.0291062838 0.2556668999
8.1118763869 -4.9582109790 0.2638705737
8.1584203926 -4.8867038444 0.2723998999
8.2041593172 -4.8145916667 0.2812687700
8.2490836768 -4.7418813411 0.2904916602
8.2931839099 -4.6685798716 0.3000836503
8.3364503719 -4.5946943723 0.3100604430
8.3788733288 -4.5202320687 0.3204383892
8.4204429533 -4.4452002988 0.3312345062
8.4611493184 -4.3696065137 0.3424664999
8.5009823912 -4.2934582798 0.3541527889
8.5399320276 -4.2167632793 0.3663125222
8.5779879654 -4.1395293120 0.3789656046
8.6151398182 -4.0617642968 0.3921327159
8.6513770687 -3.9834762728 0.4058353320
8.6866890615 -3.9046734014 0.4200957472
8.7210649969 -3.8253639676 0.4349370912
8.7544939223 -3.7455563819 0.4503833519
8.7869647263 -3.6652591820 0.4664593903
8.8184661300 -3.5844810348 0.4831909602
8.8489866800 -3.5032307383 0.5006047231
8.8785147404 -3.4215172236 0.5187282617
8.9070384845 -3.3393495573 0.5375900945
8.9345458874 -3.2567369433 0.5572196835
8.9610247172 -3.1736887255 0.5776474453
8.9864625275 -3.0902143898 0.5989047537
9.0108466487 -3.0063235671 0.6210239445
9.0341641804 -2.9220260353 0.6440383128
9.0564019826 -2.8373317222 0.6679821093
9.0775466684 -2.7522507084 0.6928905313
9.0975845955 -2.6667932299 0.7187997085
9.1165018593 -2.5809696809 0.7457466861
9.1342842846 -2.4947906171 0.7737693977
9.1509174193 -2.4082667587 0.8029066392
9.1663865269 -2.3214089932 0.8331980267
9.1806765807 -2.2342283791 0.8646839578
9.1937722578 -2.1467361486 0.8974055535
9.2056579338 -2.0589437117 0.9314046042
9.2163176785 -1.9708626588 0.9667234921
9.2257352518 -1.8825047647 1.0034051198
9.2338941016 -1.7938819919 1.0414928114
9.2407773606 -1.7050064941 1.0810302190
9.2463678473 -1.6158906196 1.1220612008
9.2506480645 -1.5265469153 1.1646297026
9.2536002032 -1.4369881295 1.2087796094
9.2552061441 -1.3472272163 1.2545545988
9.2554474643 -1.2572773382 1.3019979639
9.2543054425 -1.1671518704 1.3511524347
9.2517610693 -1.0768644033 1.4020599705
9.2477950569 -0.9864287466 1.4547615450
9.2423878533 -0.8958589317 1.5092969081
9.2355196573 -0.8051692153 1.5657043290
9.2271704374 -0.7143740818 1.6240203296
9.2173199529 -0.6234882466 1.6842793783
9.2059477779 -0.5325266575 1.7465136002
9.1930333299 -0.4415044981 1.8107524151
9.1785558985 -0.3504371888 1.8770222260
9.1624946839 -0.2593403885 1.9453460057
9.1448288299 -0.1682299964 2.0157429529
9.1255374721 -0.0771221519 2.0882280494
9.1045997797 0.0139667640 2.1628116597
9.0819950084 0.1050201301 2.2394990921
9.0577025575 0.1960210842 2.3182901168
9.0317020238 0.2869525255 2.3991785557
9.0039732754 0.3777971162 2.4821517364
8.9744965108 0.4685372831 2.5671900718
8.9432523394 0.5591552225 2.6542665462
8.9102218655 0.6496329030 2.7433461752
8.8753867545 0.7399520703 2.8343856272
8.8387293383 0.8300942537 2.9273326528
8.8002327141 0.9200407729 3.0221255789
8.7598808134 1.0097727440 3.1186929915
8.7176585331 1.0992710896 3.2169531683
8.6735518360 1.1885165490 3.3168136985
8.6275478455 1.2774896866 3.4181711550
8.5796349827 1.3661709068 3.5209106824
8.5298030675 1.4545404653 3.6249057532
8.4780434380 1.5425784831 3.7300179080
8.4243490878 1.6302649643 3.8360965634
8.3687147668 1.7175798103 3.9429789162
8.3111371221 1.8045028396 4.0504898784
8.2516148143 1.8910138071 4.1584421376
8.1901486365 1.9770924230 4.2666362518
8.1267416464 2.0627183781 4.3748609120
8.0613992676 2.1478713627 4.4828932067
7.9941294189 2.2325310947 4.5904990997
7.9249426116 2.3166773432 4.6974339289
7.8538520567 2.4002899544 4.8034430500
7.7808737615 2.4833488823 4.9082626517
7.7060266096 2.5658342129 5.0116205348
7.6293324473 2.6477261986 5.1132372571
7.5508161396 2.7290052841 5.2128270810
7.4705056320 2.8096521398 5.3100993461
7.3884319869 2.8896476939 5.4047597324
7.3046294120 2.9689731601 5.4965116621
7.2191352707 3.0476100768 5.5850580001
7.1319900796 3.1255403312 5.6701024101
7.0432374830 3.2027461980 5.7513513352
6.9529242168 3.2792103690 5.8285155488
6.8611000541 3.3549159814 5.9013119631
6.7678177174 3.4298466562 5.9694656736
6.6731328041 3.5039865201 6.0327114487
6.5771036525 3.5773202394 6.0907958965
6.4797912215 3.6498330491 6.1434791075
6.3812589493 3.7215107731 6.1905363450
6.2815725568 3.7923398575 6.2317600224
6.1807998990 3.8623073885 6.2669609970
6.0790107449 3.9314011139 6.2959702589
5.9762765549 3.9996094671 6.3186403440
5.8726702855 4.0669215785 6.3348464142
5.7682661046 4.1333272947 6.3444875415
5.6631391793 4.1988171900 6.3474874789
5.5573654035 4.2633825745 6.3437954501
5.4510211184 4.3270155048 6.3333866999
5.3441828785 4.3897087860 6.3162627944
5.2369271356 4.4514559750 6.2924517648
5.1293300066 4.5122513801 6.2620080329
5.0214669809 4.5720900566 6.2250121061
4.9134126552 4.6309678016 6.1815700689
4.8052404918 4.6888811454 6.1318129432
4.6970225345 4.7458273387 6.0758956723
4.5888292044 4.8018043415 6.0139962184
4.4807290373 4.8568108040 5.9463141546
4.3727884858 4.9108460500 5.8730693723
4.2650717158 4.9639100567 5.7945005744
4.1576404051 5.0160034292 5.7108634521
4.0505536009 5.0671273808 5.6224292274
3.9438675424 5.1172837020 5.5294825171
3.8376355482 5.1664747364 5.4323196633
3.7319078972 5.2147033520 5.3312468008
3.6267317306 5.2619729072 5.2265777055
3.5221509905 5.3082872263 5.1186321995
3.4182063551 5.3536505628 5.0077339190
3.3149352120 5.3980675699 4.8942086274
3.2123716385 5.4415432688 4.7783823643
3.1105464074 5.4840830133 4.6605795891
3.0094870038 5.5256924619 4.5411216979
2.9092176666 5.5663775410 4.4203252490
2.8097594349 5.6061444172 4.2985006747
2.7111302208 5.6449994633 4.1759507887
2.6133448840 5.6829492292 4.0529696412
2.5164153279 5.7200004118 3.9298413541
2.4203505997 5.7561598259 3.8068391555
2.3251570045 5.7914343772 3.6842245182
2.2308382250 5.8258310346 3.5622464141
2.1373954487 5.8593568056 3.4411407255
2.0448275036 5.8920187112 3.3211297323
1.9531309906 5.9238237643 3.2024217716
1.8623004339 5.9547789463 3.0852109530
1.7723284105 5.9848911889 2.9696770298
1.6832057136 6.0141673532 2.8559853438
1.5949214758 6.0426142147 2.7442868554
1.5074633325 6.0702384450 2.6347183040
1.4208175514 6.0970465990 2.5274023829
1.3349691784 6.1230451008 2.4224480431
1.2499021744 6.1482402321 2.3199508264
1.1655995478 6.1726381217 2.2199932667
1.0820434841 6.1962447366 2.1226453345
0.9992154718 6.2190658736 2.0279649280
0.9170964201 6.2411071529 1.9359983877
0.8356667772 6.2623740124 1.8467810581
0.7549066346 6.2828717034 1.7603378404
0.6747958349 6.3026052870 1.6766837949
0.5953140664 6.3215796318 1.5958247259
0.5164409550 6.3397994126 1.5177577832
0.4381561510 6.3572691096 1.4424720682
0.3604394072 6.3739930084 1.3699492267
0.2832706526 6.3899752018 1.3001640388
0.2066300605 6.4052195909 1.2330850009
0.1304981106 6.4197298875 1.1686748923
0.0548556445 6.4335096172 1.1068913238
-0.0203160829 6.4465621231 1.0476872718
-0.0950353582 6.4588905694 0.9910115922
-0.1693199683 6.4704979463 0.9368095134
-0.2431871657 6.4813870743 0.8850231063
-0.3166536370 6.4915606099 0.8355917330
-0.3897354763 6.5010210507 0.7884524714
-0.4624481628 6.5097707412 0.7435405159
-0.5348065430 6.5178118790 0.7007895549
-0.6068248150 6.5251465205 0.6601321234
-0.6785165181 6.5317765875 0.6214999334
-0.7498945243 6.5377038735 0.5848241795
-0.8209710335 6.5429300501 0.5500358229
-0.8917575712 6.5474566732 0.5170658514
-0.9622649891 6.5512851902 0.4858455198
-1.0325034674 6.5544169461 0.4563065671
-1.1024825202 6.5568531897 0.4283814150
-1.1722110018 6.5585950807 0.4020033464
-1.2416971156 6.5596436956 0.3771066648
-1.3109484242 6.5600000343 0.3536268373
-1.3799718605 6.5596650259 0.3315006192
-1.4487737412 6.5586395353 0.3106661636
-1.5173597800 6.5569243688 0.2910631159
-1.5857351030 6.5545202802 0.2726326942
-1.6539042636 6.5514279762 0.2553177557
-1.7218712591 6.5476481223 0.2390628517
-1.7896395475 6.5431813479 0.2238142708
-1.8572120648 6.5380282517 0.2095200709
-1.9245912421 6.5321894068 0.1961301023
-1.9917790237 6.5256653656 0.1835960207
-2.0587768852 6.5184566644 0.1718712925
-2.1255858510 6.5105638281 0.1609111927
-2.1922065124 6.5019873746 0.1506727953
-2.2586390457 6.4927278190 0.1411149576
-2.3248832297 6.4827856777 0.1321982997
-2.3909384633 6.4721614722 0.1238851779
-2.4568037828 6.4608557330 0.1161396544
-2.5224778787 6.4488690028 0.1089274633
-2.5879591128 6.4362018406 0.1022159722
-2.6532455341 6.4228548241 0.0959741424
-2.7183348950 6.4088285532 0.0901724852
-2.7832246666 6.3941236532 0.0847830174
-2.8479120539 6.3787407771 0.0797792143
-2.9123940105 6.3626806085 0.0751359621
-2.9766672526 6.3459438640 0.0708295088
-3.0407282729 6.3285312957 0.0668374144
-3.1045733538 6.3104436934 0.0631385015
-3.1681985800 6.2916818868 0.0597128050
-3.2315998511 6.2722467470 0.0565415224
-3.2947728930 6.2521391892 0.0536069639
-3.3577132695 6.2313601738 0.0508925036
-3.4204163932 6.2099107084 0.0483825308
-3.4828775357 6.1877918491 0.0460624027
-3.5450918376 6.1650047023 0.0439183977
-3.6070543181 6.1415504258 0.0419376697
-3.6687598839 6.1174302301 0.0401082035
-3.7302033379 6.0926453796 0.0384187718
-3.7913793875 6.0671971939 0.0368588933
-3.8522826523 6.0410870486 0.0354187919
-3.9129076714 6.0143163762 0.0340893576
-3.9732489107 5.9868866672 0.0328621087
-4.0333007696 5.9587994709 0.0317291557
-4.0930575868 5.9300563960 0.0306831657
-4.1525136472 5.9006591112 0.0297173299
-4.2116631868 5.8706093462 0.0288253308
-4.2705003983 5.8399088921 0.0280013123
-4.3290194365 5.8085596018 0.0272398500
-4.3872144227 5.7765633907 0.0265359239
-4.4450794493 5.7439222368 0.0258848920
-4.5026085842 5.7106381817 0.0252824649
-4.5597958750 5.6767133301 0.0247246827
-4.6166353523 5.6421498511 0.0242078922
-4.6731210339 5.6069499776 0.0237287258
-4.7292469278 5.5711160069 0.0232840817
-4.7850070354 5.5346503012 0.0228711047
-4.8403953550 5.4975552871 0.0224871690
-4.8954058839 5.4598334566 0.0221298610
-4.9500326218 5.4214873664 0.0217969642
-5.0042695730 5.3825196385 0.0214864443
-5.0581107487 5.3429329601 0.0211964352
-5.1115501695 5.3027300838 0.0209252270
-5.1645818677 5.2619138272 0.0206712531
-5.2171998888 5.2204870737 0.0204330796
-5.2693982939 5.1784527714 0.0202093949
-5.3211711613 5.1358139343 0.0199989996
-5.3725125883 5.0925736411 0.0198007981
-5.4234166930 5.0487350360 0.0196137894
-5.4738776154 5.0043013279 0.0194370604
-5.5238895195 4.9592757911 0.0192697777
-5.5734465941 4.9136617645 0.0191111816
-5.6225430547 4.8674626516 0.0189605798
-5.6711731445 4.8206819208 0.0188173415
-5.7193311356 4.7733231047 0.0186808923
-5.7670113304 4.7253898002 0.0185507095
-5.8142080624 4.6768856683 0.0184263173
-5.8609156976 4.6278144339 0.0183072830
-5.9071286355 4.5781798855 0.0181932132
-5.9528413100 4.5279858753 0.0180837501
-5.9980481905 4.4772363184 0.0179785685
-6.0427437825 4.4259351933 0.0178773730
-6.0869226291 4.3740865410 0.0177798950
-6.1305793114 4.3216944652 0.0176858906
-6.1737084495 4.2687631317 0.0175951380
-6.2163047035 4.2152967683 0.0175074359
-6.2583627740 4.1612996648 0.0174226011
-6.2998774032 4.1067761720 0.0173404674
-6.3408433754 4.0517307023 0.0172608834
-6.3812555179 3.9961677284 0.0171837118
-6.4211087019 3.9400917841 0.0171088274
-6.4603978428 3.8835074628 0.0170361165
-6.4991179013 3.8264194182 0.0169654754
-6.5372638839 3.7688323633 0.0168968098
-6.5748308436 3.7107510705 0.0168300336
-6.6118138806 3.6521803709 0.0167650685
-6.6482081431 3.5931251540 0.0167018428
-6.6840088276 3.5335903675 0.0166402910
-6.7192111798 3.4735810170 0.0165803535
-6.7538104952 3.4131021651 0.0165219754
-6.7878021197 3.3521589318 0.0164651065
-6.8211814501 3.2907564933 0.0164097008
-6.8539439350 3.2289000823 0.0163557161
-6.8860850751 3.1665949870 0.0163031135
-6.9176004237 3.1038465511 0.0162518572
-6.9484855878 3.0406601734 0.0162019142
-6.9787362281 2.9770413068 0.0161532539
-7.0083480599 2.9129954587 0.0161058482
-7.0373168536 2.8485281900 0.0160596710
-7.0656384351 2.7836451146 0.0160146981
-7.0933086867 2.7183518994 0.0159709069
-7.1203235470 2.6526542635 0.0159282765
-7.1466790124 2.5865579777 0.0158867874
-7.1723711367 2.5200688644 0.0158464215
-7.1973960320 2.4531927966 0.0158071616
-7.2217498694 2.3859356978 0.0157689919
-7.2454288792 2.3183035414 0.0157318974
-7.2684293515 2.2503023502 0.0156958642
-7.2907476370 2.1819381958 0.0156608790
-7.3123801470 2.1132171982 0.0156269296
-7.3333233541 2.0441455255 0.0155940043
-7.3535737928 1.9747293928 0.0155620921
-7.3731280598 1.9049750623 0.0155311826
-7.3919828147 1.8348888423 0.0155012661
-7.4101347801 1.7644770870 0.0154723334
-7.4275807426 1.6937461957 0.0154443758
-7.4443175525 1.6227026123 0.0154173850
-7.4603421250 1.5513528251 0.0153913532
-7.4756514403 1.4797033656 0.0153662731
-7.4902425439 1.4077608084 0.0153421378
-7.5041125474 1.3355317706 0.0153189406
-7.5172586285 1.2630229110 0.0152966754
-7.5296780318 1.1902409299 0.0152753364
-7.5413680690 1.1171925678 0.0152549180
-7.5523261192 1.0438846056 0.0152354150
-7.5625496298 0.9703238638 0.0152168227
-7.5720361163 0.8965172013 0.0151991363
-7.5807831628 0.8224715157 0.0151823516
-7.5887884230 0.7481937420 0.0151664646
-7.5960496196 0.6736908523 0.0151514716
-7.6025645454 0.5989698552 0.0151373691
-7.6083310635 0.5240377948 0.0151241540
-7.6133471074 0.4489017507 0.0151118232
-7.6176106816 0.3735688367 0.0151003742
-7.6211198621 0.2980462006 0.0150898044
-7.6238727962 0.2223410234 0.0150801116
-7.6258677033 0.1464605186 0.0150712940
-7.6271028751 0.0704119318 0.0150633497
-7.6275766758 -0.0057974604 0.0150562773
-7.6272875427 -0.0821603508 0.0150500755
-7.6262339860 -0.1586694020 0.0150447433
-7.6244145897 -0.2353172478 0.0150402799
-7.6218280115 -0.3120964932 0.0150366847
-7.6184729832 -0.3889997152 0.0150339573
-7.6143483108 -0.4660194639 0.0150320976
-7.6094528753 -0.5431482628 0.0150311057
-7.6037856321 -0.6203786094 0.0150309819
-7.5973456122 -0.6977029765 0.0150317267
-7.5901319218 -0.7751138124 0.0150333409
-7.5821437427 -0.8526035413 0.0150358254
-7.5733803327 -0.9301645647 0.0150391814
-7.5638410257 -1.0077892622 0.0150434104
-7.5535252318 -1.0854699915 0.0150485139
-7.5424324378 -1.1631990892 0.0150544939
-7.5305622072 -1.2409688721 0.0150613523
-7.5179141804 -1.3187716381 0.0150690915
-7.5044880751 -1.3965996658 0.0150777140
-7.4902836859 -1.4744452157 0.0150872226
-7.4753008855 -1.5523005319 0.0150976201
-7.4595396240 -1.6301578419 0.0151089099
-7.4429999293 -1.7080093574 0.0151210953
-7.4256819071 -1.7858472745 0.0151341801
-7.4075857417 -1.8636637763 0.0151481680
-7.3887116954 -1.9414510319 0.0151630633
-7.3690601090 -2.0192011979 0.0151788702
-7.3486314017 -2.0969064186 0.0151955935
-7.3274260716 -2.1745588275 0.0152132379
-7.3054446953 -2.2521505480 0.0152318086
-7.2826879285 -2.3296736934 0.0152513108
-7.2591565057 -2.4071203681 0.0152717503
-7.2348512405 -2.4844826691 0.0152931328
-7.2097730257 -2.5617526856 0.0153154644
-7.1839228333 -2.6389225003 0.0153387516
-7.1573017144 -2.7159841904 0.0153630009
-7.1299107996 -2.7929298280 0.0153882192
-7.1017512987 -2.8697514811 0.0154144137
-7.0728245012 -2.9464412143 0.0154415919
-7.0431317758 -3.0229910896 0.0154697615
-7.0126745706 -3.0993931674 0.0154989304
-6.9814544135 -3.1756395067 0.0155291071
-6.9494729116 -3.2517221667 0.0155603001
-6.9167317517 -3.3276332070 0.0155925182
-6.8832326998 -3.4033646885 0.0156257708
-6.8489776018 -3.4789086746 0.0156600673
-6.8139683826 -3.5542572312 0.0156954175
-6.7782070469 -3.6294024285 0.0157318315
-6.7416956786 -3.7043363409 0.0157693200
-6.7044364408 -3.7790510484 0.0158078936
-6.6664315762 -3.8535386371 0.0158475635
-6.6276834064 -3.9277912001 0.0158883413
-6.5881943325 -4.0018008384 0.0159302387
-6.5479668343 -4.0755596615 0.0159732680
-6.5070034708 -4.1490597883 0.0160174418
-6.4653068798 -4.2222933482 0.0160627731
-6.4228797779 -4.2952524813 0.0161092751
-6.3797249605 -4.3679293398 0.0161569616
-6.3358453014 -4.4403160883 0.0162058468
-6.2912437528 -4.5124049052 0.0162559452
-6.2459233454 -4.5841879830 0.0163072718
-6.1998871879 -4.6556575292 0.0163598421
-6.1531384669 -4.7268057674 0.0164136717
-6.1056804471 -4.7976249379 0.0164687771
-6.0575164707 -4.8681072984 0.0165251750
-6.0086499574 -4.9382451250 0.0165828826
-5.9590844044 -5.0080307131 0.0166419176
-5.9088233858 -5.0774563778 0.0167022983
-5.8578705526 -5.1465144552 0.0167640433
-5.8062296329 -5.2151973029 0.0168271719
-5.7539044309 -5.2834973009 0.0168917039
-5.7008988272 -5.3514068524 0.0169576595
-5.6472167786 -5.4189183846 0.0170250597
-5.5928623175 -5.4860243497 0.0170939259
-5.5378395520 -5.5527172253 0.0171642802
-5.4821526656 -5.6189895155 0.0172361451
-5.4258059166 -5.6848337518 0.0173095439
-5.3688036382 -5.7502424934 0.0173845006
-5.3111502383 -5.8152083288 0.0174610397
-5.2528501988 -5.8797238759 0.0175391865
-5.1939080755 -5.9437817829 0.0176189668
-5.1343284979 -6.0073747297 0.0177004074
-5.0741161688 -6.0704954278 0.0177835355
-5.0132758641 -6.1331366218 0.0178683793
-4.9518124322 -6.1952910900 0.0179549677
-4.8897307939 -6.2569516449 0.0180433304
-4.8270359422 -6.3181111343 0.0181334978
-4.7637329413 -6.3787624423 0.0182255013
-4.6998269271 -6.4388984894 0.0183193731
-4.6353231063 -6.4985122339 0.0184151463
-4.5702267562 -6.5575966724 0.0185128549
-4.5045432241 -6.6161448409 0.0186125338
-4.4382779274 -6.6741498149 0.0187142189
-4.3714363526 -6.7316047110 0.0188179472
-4.3040240554 -6.7885026871 0.0189237566
-4.2360466601 -6.8448369434 0.0190316861
-4.1675098591 -6.9006007231 0.0191417757
-4.0984194125 -6.9557873132 0.0192540668
-4.0287811478 -7.0103900453 0.0193686016
-3.9586009595 -7.0644022963 0.0194854238
-3.8878848083 -7.1178174891 0.0196045781
-3.8166387212 -7.1706290935 0.0197261106
-3.7448687903 -7.2228306270 0.0198500687
-3.6725811733 -7.2744156552 0.0199765012
-3.5997820920 -7.3253777929 0.0201054581
-3.5264778326 -7.3757107048 0.0202369910
-3.4526747448 -7.4254081060 0.0203711531
-3.3783792416 -7.4744637629 0.0205079987
-3.3035977985 -7.5228714941 0.0206475843
-3.2283369529 -7.5706251708 0.0207899674
-3.1526033043 -7.6177187177 0.0209352077
-3.0764035130 -7.6641461138 0.0210833663
-2.9997442997 -7.7099013930 0.0212345064
-2.9226324455 -7.7549786446 0.0213886928
-2.8450747907 -7.7993720145 0.0215459923
-2.7670782346 -7.8430757057 0.0217064737
-2.6886497350 -7.8860839786 0.0218702080
-2.6097963073 -7.9283911524 0.0220372681
-2.5305250243 -7.9699916053 0.0222077293
-2.4508430156 -8.0108797754 0.0223816689
-2.3707574667 -8.0510501611 0.0225591669
-2.2902756186 -8.0904973222 0.0227403055
-2.2094047675 -8.1292158803 0.0229251694
-2.1281522635 -8.1672005196 0.0231138462
-2.0465255109 -8.2044459874 0.0233064258
-1.9645319668 -8.2409470949 0.0235030012
-1.8821791410 -8.2766987178 0.0237036681
-1.7994745949 -8.3116957972 0.0239085254
-1.7164259416 -8.3459333395 0.0241176750
-1.6330408445 -8.3794064182 0.0243312220
-1.5493270172 -8.4121101735 0.0245492749
-1.4652922223 -8.4440398133 0.0247719455
-1.3809442717 -8.4751906141 0.0249993494
-1.2962910249 -8.5055579212 0.0252316059
-1.2113403889 -8.5351371496 0.0254688379
-1.1261003176 -8.5639237844 0.0257111727
-1.0405788109 -8.5919133816 0.0259587415
-0.9547839141 -8.6191015685 0.0262116798
-0.8687237172 -8.6454840446 0.0264701276
-0.7824063544 -8.6710565819 0.0267342297
-0.6958400032 -8.6958150254 0.0270041355
-0.6090328837 -8.7197552940 0.0272799995
-0.5219932583 -8.7428733811 0.0275619813
-0.4347294304 -8.7651653546 0.0278502462
-0.3472497442 -8.7866273583 0.0281449647
-0.2595625838 -8.8072556115 0.0284463134
-0.1716763725 -8.8270464106 0.0287544749
-0.0835995721 -8.8459961286 0.0290696380
0.0046593179 -8.8641012165 0.0293919982
0.0930917606 -8.8813582032 0.0297217577
0.1816891831 -8.8977636965 0.0300591258
0.2704429766 -8.9133143832 0.0304043192
0.3593444974 -8.9280070300 0.0307575622
0.4483850677 -8.9418384837 0.0311190871
0.5375559760 -8.9548056719 0.0314891346
0.6268484784 -8.9669056034 0.0318679538
0.7162537984 -8.9781353686 0.0322558030
0.8057631287 -8.9884921402 0.0326529499
0.8953676311 -8.9979731735 0.0330596717
0.9850584378 -9.0065758070 0.0334762561
1.0748266517 -9.0142974627 0.0339030011
1.1646633472 -9.0211356466 0.0343402159
1.2545595714 -9.0270879493 0.0347882211
1.3445063441 -9.0321520463 0.0352473495
1.4344946589 -9.0363256985 0.0357179462
1.5245154844 -9.0396067525 0.0362003693
1.6145597637 -9.0419931412 0.0366949908
1.7046184166 -9.0434828841 0.0372021966
1.7946823391 -9.0440740878 0.0377223875
1.8847424047 -9.0437649463 0.0382559799
1.9747894654 -9.0425537414 0.0388034061
2.0648143516 -9.0404388434 0.0393651153
2.1548078733 -9.0374187108 0.0399415746
2.2447608212 -9.0334918915 0.0405332692
2.3346639666 -9.0286570227 0.0411407033
2.4245080624 -9.0229128309 0.0417644015
2.5142838440 -9.0162581334 0.0424049094
2.6039820302 -9.0086918375 0.0430627944
2.6935933230 -9.0002129414 0.0437386464
2.7831084091 -8.9908205345 0.0444330800
2.8725179602 -8.9805137976 0.0451467343
2.9618126339 -8.9692920033 0.0458802747
3.0509830739 -8.9571545165 0.0466343941
3.1400199112 -8.9441007944 0.0474098141
3.2289137644 -8.9301303870 0.0482072862
3.3176552403 -8.9152429373 0.0490275932
3.4062349347 -8.8994381816 0.0498715511
3.4946434330 -8.8827159503 0.0507400102
3.5828713104 -8.8650761672 0.0516338565
3.6709091330 -8.8465188506 0.0525540142
3.7587474581 -8.8270441133 0.0535014471
3.8463768347 -8.8066521629 0.0544771599
3.9337878040 -8.7853433020 0.0554822015
4.0209709002 -8.7631179286 0.0565176657
4.1079166507 -8.7399765362 0.0575846941
4.1946155764 -8.7159197141 0.0586844788
4.2810581929 -8.6909481480 0.0598182639
4.3672350099 -8.6650626196 0.0609873486
4.4531365325 -8.6382640072 0.0621930901
4.5387532610 -8.6105532862 0.0634369057
4.6240756915 -8.5819315288 0.0647202766
4.7090943161 -8.5523999046 0.0660447507
4.7937996235 -8.5219596807 0.0674119455
4.8781820986 -8.4906122221 0.0688235524
4.9622322237 -8.4583589916 0.0702813397
5.0459404776 -8.4252015504 0.0717871566
5.1292973365 -8.3911415579 0.0733429376
5.2122932741 -8.3561807724 0.0749507064
5.2949187611 -8.3203210510 0.0766125802
5.3771642658 -8.2835643500 0.0783307755
5.4590202540 -8.2459127249 0.0801076119
5.5404771886 -8.2073683308 0.0819455174
5.6215255298 -8.1679334227 0.0838470354
5.7021557349 -8.1276103556 0.0858148288
5.7823582578 -8.0864015846 0.0878516867
5.8621235490 -8.0443096654 0.0899605319
5.9414420554 -8.0013372546 0.0921444260
6.0203042191 -7.9574871093 0.0944065773
6.0987004776 -7.9127620884 0.0967503499
6.1766212636 -7.8671651518 0.0991792690
6.2540570031 -7.8206993613 0.1016970302
6.3309981155 -7.7733678808 0.1043075106
6.4074350131 -7.7251739763 0.1070147750
6.4833580993 -7.6761210164 0.1098230859
6.5587577680 -7.6262124727 0.1127369174
6.6336244029 -7.5754519197 0.1157609625
6.7079483758 -7.5238430356 0.1189001442
6.7817200447 -7.4713896023 0.1221596302
6.8549297537 -7.4180955059 0.1255448464
6.9275678309 -7.3639647369 0.1290614852
6.9996245858 -7.3090013909 0.1327155217
7.0710903081 -7.2532096686 0.1365132342
7.1419552664 -7.1965938766 0.1404612124
7.2122097053 -7.1391584274 0.1445663745
7.2818438426 -7.0809078404 0.1488359869
7.3508478670 -7.0218467420 0.1532776866
7.4192119371 -6.9619798661 0.1578994902
7.4869261765 -6.9013120548 0.1627098179
7.5539806709 -6.8398482592 0.1677175197
7.6203654658 -6.7775935395 0.1729318943
7.6860705630 -6.7145530659 0.1783627068
7.7510859160 -6.6507321193 0.1840202180
7.8154014259 -6.5861360921 0.1899152154
7.8790069387 -6.5207704888 0.1960590287
7.9418922397 -6.4546409267 0.2024635627
8.0040470479 -6.3877531371 0.2091413323
8.0654610131 -6.3201129662 0.2161054848
8.1261237090 -6.2517263753 0.2233698341
8.1860246272 -6.1825994432 0.2309489009
8.2451531727 -6.1127383657 0.2388579394
8.3034986564 -6.0421494581 0.2471129773
8.3610502882 -5.9708391557 0.2557308585
8.4177971711 -5.8988140149 0.2647292755
8.4737282922 -5.8260807154 0.2741268174
8.5288325158 -5.7526460607 0.2839430117
8.5830985747 -5.6785169802 0.2941983670
8.6365150612 -5.6037005308 0.3049144263
8.6890704185 -5.5282038981 0.3161138085
8.7407529300 -5.4520343989 0.3278202654
8.7915507099 -5.3751994825 0.3400587313
8.8414516918 -5.2977067333 0.3528553774
8.8904436179 -5.2195638724 0.3662376705
8.9385140269 -5.1407787600 0.3802344274
8.9856502415 -5.0613593980 0.3948758791
9.0318393558 -4.9813139323 0.4101937275
9.0770682209 -4.9006506556 0.4262212136
9.1213234320 -4.8193780098 0.4429931768
9.1645913119 -4.7375045895 0.4605461261
9.2068578973 -4.6550391448 0.4789183020
9.2481089210 -4.5719905846 0.4981497500
9.2883297967 -4.4883679798 0.5182823840
9.3275056003 -4.4041805675 0.5393600615
9.3656210527 -4.3194377543 0.5614286478
9.4026605004 -4.2341491203 0.5845360908
9.4386078968 -4.1483244235 0.6087324855
9.4734467814 -4.0619736043 0.6340701466
9.5071602600 -3.9751067896 0.6606036713
9.5397309824 -3.8877342982 0.6883900077
9.5711411215 -3.7998666456 0.7174885145
9.6013723505 -3.7115145490 0.7479610206
9.6304058194 -3.6226889336 0.7798718809
9.6582221329 -3.5334009373 0.8132880235
9.6848013251 -3.4436619176 0.8482789968
9.7101228367 -3.3534834577 0.8849170020
9.7341654894 -3.2628773724 0.9232769256
9.7569074623 -3.1718557158 0.9634363543
9.7783262667 -3.0804307877 1.0054755855
9.7983987215 -2.9886151409 1.0494776208
9.8171009294 -2.8964215893 1.0955281472
9.8344082517 -2.8038632150 1.1437155029
9.8502952864 -2.7109533770 1.1941306211
9.8647358437 -2.6177057191 1.2468669611
9.8777029251 -2.5241341786 1.3020204069
9.8891687029 -2.4302529951 1.3596891514
9.8991044997 -2.3360767196 1.4199735450
9.9074807725 -2.2416202235 1.4829759175
9.9142670956 -2.1468987081 1.5488003695
9.9194321487 -2.0519277142 1.6175525191
9.9229437058 -1.9567231318 1.6893392242
9.9247686280 -1.8613012098 1.7642682439
9.9248728607 -1.7656785658 1.8424478721
9.9232214326 -1.6698721964 1.9239865109
9.9197784629 -1.5738994867 2.0089921922
9.9145071692 -1.4777782204 2.0975720565
9.9073698852 -1.3815265892 2.1898317462
9.8983280821 -1.2851632028 2.2858747755
9.8873423976 -1.1887070981 2.3858017898
9.8743726736 -1.0921777478 2.4897098007
9.8593779997 -0.9955950698 2.5976913193
9.8423167694 -0.8989794345 2.7098334302
9.8231467408 -0.8023516733 2.8262168013
9.8018251151 -0.7057330845 2.9469145860
9.7783086162 -0.6091454402 3.0719913105
9.7525535952 -0.5126109911 3.2015015985
9.7245161320 -0.4161524710 3.3354889434
9.6941521682 -0.3197930994 3.4739842633
9.6614176330 -0.2235565838 3.6170045673
9.6262686086 -0.1274671194 3.7645513617
9.5886614815 -0.0315493884 3.9166092267
9.5485531423 0.0641714440 4.0731441189
9.5059011669 0.1596697330 4.2341018670
9.4606640472 0.2549193632 4.3994064502
9.4128014075 0.3498937560 4.5689584391
9.3622742639 0.4445658830 4.7426333230
9.3090452821 0.5389082789 4.9202799297
9.2530790456 0.6328930588 5.1017189669
9.1943423795 0.7264919398 5.2867414167
9.1328046126 0.8196762605 5.4751073850
9.0684379424 0.9124170112 5.6665447120
9.0012177323 1.0046848602 5.8607480438
8.9311228666 1.0964501877 6.0573779115
8.8581361003 1.1876831233 6.2560601271
8.7822443955 1.2783535835 6.4563854008
8.7034392971 1.3684313186 6.6579092800
8.6217172594 1.4578859556 6.8601523529
8.5370800207 1.5466870540 7.0626009109
8.4495349155 1.6348041547 7.2647078304
8.3590952278 1.7222068434 7.4658940865
8.2657804762 1.8088648059 7.6655504033
8.1696167269 1.8947478982 7.8630397104
8.0706368358 1.9798262076 8.0576996189
7.9688807015 2.0640701286 8.2488458698
7.8643954482 2.1474504286 8.4357756454
7.7572355980 2.2299383281 8.6177719926
7.6474631784 2.3115055708 8.7941079403
7.5351477957 2.3921245042 8.9640517701
7.4203666503 2.4717681547 9.1268719086
7.3032044986 2.5504103045 9.2818427475
7.1837535577 2.6280255714 9.4282503075
7.0621133543 2.7045894786 9.5653981680
6.9383904970 2.7800785370 9.6926138123
6.8126984207 2.8544703064 9.8092542970
6.6851570106 2.9277434755 9.9147129312
6.5558922510 2.9998779164 10.0084244754
6.4250357099 3.0708547536 10.0898715179
6.2927240798 3.1406564154 10.1585892398
6.1590985634 3.2092666863 10.2141707634
6.0243042948 3.2766707530 10.2562713310
5.8884896607 3.3428552405 10.2846122813
5.7518056206 3.4078082478 10.2989842092
5.6144049818 3.4715193691 10.2992494649
5.4764416577 3.5339797153 10.2853439125
5.3380699131 3.5951819210 10.2572778685
5.1994436023 3.6551201501 10.2151362705
5.0607154093 3.7137900886 10.1590779986
4.9220361034 3.7711889344 10.0893344412
4.7835538028 3.8273153752 10.0062072185
4.6454132822 3.8821695634 9.9100652761
4.5077552890 3.9357530808 9.8013411306
4.3707159308 3.9880688990 9.6805267288
4.2344260730 4.0391213316 9.5481684429
4.0990108267 4.0889159833 9.4048619978
3.9645890512 4.1374596904 9.2512465421
3.8312729557 4.1847604608 9.0879989659
3.6991677253 4.2308274058 8.9158274573
3.5683712408 4.2756706723 8.7354654936
3.4389738394 4.3193013695 8.5476653720
3.3110581527 4.3617314939 8.3531920835
3.1846989989 4.4029738560 8.1528172878
3.0599633409 4.4430419990 7.9473133193
2.9369102963 4.4819501271 7.7374478582
2.8155912104 4.5197130227 7.5239784476
2.6960497681 4.5563459763 7.3076479308
2.5783221691 4.5918647062 7.0891798006
2.4624373263 4.6262852897 6.8692744348
2.3484171223 4.6596240890 6.6486054560
2.2362766815 4.6918976850 6.4278168118
2.1260246831 4.7231228099 6.2075201717
2.0176636924 4.7533162861 5.9882928841
1.9111905087 4.7824949658 5.7706763480
1.8065965386 4.8106756754 5.5551748289
1.7038681602 4.8378751643 5.3422546992
1.6029871208 4.8641100545 5.1323440515
1.5039309034 4.8893967980 4.9258326697
1.4066731301 4.9137516337 4.7230723443
1.3111839212 4.9371905521 4.5243774298
1.2174302899 4.9597292598 4.3300257428
1.1253764803 4.9813831516 4.1402595490
1.0349843522 5.0021672814 3.9552869482
0.9462136815 5.0220963426 3.7752831366
0.8590225190 5.0411846451 3.6003920965
0.7733674764 5.0594461008 3.4307281370
0.6892040305 5.0768942089 3.2663776866
0.6064867913 5.0935420454 3.1074010081
0.5251697600 5.1094022552 2.9538340185
0.4452065711 5.1244870456 2.8056900935
0.3665507087 5.1388081834 2.6629618379
0.2891557122 5.1523769938 2.5256228685
0.2129753622 5.1652043602 2.3936295372
0.1379638481 5.1773007272 2.2669226032
0.0640759204 5.1886761046 2.1454288537
-0.0087329728 5.1993400724 2.0290626577
-0.0805065645 5.2093017882 1.9177274458
-0.1512876630 5.2185699942 1.8113171142
-0.2211180588 5.2271530270 1.7097173513
-0.2900384447 5.2350588269 1.6128068823
-0.3580883486 5.2422949484 1.5204586334
-0.4253060766 5.2488685718 1.4325408146
-0.4917286675 5.2547865144 1.3489179223
-0.5573918570 5.2600552429 1.2694516635
-0.6223300502 5.2646808860 1.1940018031
-0.6865763033 5.2686692469 1.1224269371
-0.7501623117 5.2720258164 1.0545851955
-0.8131184062 5.2747557858 0.9903348768
-0.8754735540 5.2768640600 0.9295350175
-0.9372553665 5.2783552705 0.8720459011
-0.9984901107 5.2792337887 0.8177295091
-1.0592027263 5.2795037380 0.7664499182
-1.1194168457 5.2791690075 0.7180736460
-1.1791548176 5.2782332635 0.6724699511
-1.2384377339 5.2766999625 0.6295110884
-1.2972854582 5.2745723630 0.5890725244
-1.3557166577 5.2718535370 0.5510331155
-1.4137488350 5.2685463817 0.5152752518
-1.4713983632 5.2646536308 0.4816849706
-1.5286805210 5.2601778648 0.4501520405
-1.5856095287 5.2551215218 0.4205700206
-1.6421985849 5.2494869078 0.3928362965
-1.6984599038 5.2432762061 0.3668520946
-1.7544047524 5.2364914867 0.3425224790
-1.8100434874 5.2291347159 0.3197563310
-1.8653855927 5.2212077644 0.2984663138
-1.9204397157 5.2127124160 0.2785688254
-1.9752137035 5.2036503756 0.2599839387
-2.0297146390 5.1940232768 0.2426353331
-2.0839488754 5.1838326892 0.2264502171
-2.1379220706 5.1730801255 0.2113592446
-2.1916392212 5.1617670480 0.1972964240
-2.2451046942 5.1498948754 0.1841990237
-2.2983222593 5.1374649881 0.1720074735
-2.3512951196 5.1244787349 0.1606652623
-2.4040259414 5.1109374374 0.1501188350
-2.4565168826 5.0968423962 0.1403174864
-2.5087696209 5.0821948950 0.1312132558
-2.5607853807 5.0669962057 0.1227608200
-2.6125649581 5.0512475928 0.1149173877
-2.6641087466 5.0349503171 0.1076425940
-2.7154167601 5.0181056401 0.1008983963
-2.7664886559 5.0007148274 0.0946489717
-2.8173237565 4.9827791523 0.0888606158
-2.8679210704 4.9642998991 0.0835016445
-2.9182793116 4.9452783659 0.0785422966
-2.9683969192 4.9257158677 0.0739546406
-3.0182720745 4.9056137393 0.0697124824
-3.0679027190 4.8849733374 0.0657912773
-3.1172865702 4.8637960430 0.0621680436
-3.1664211372 4.8420832641 0.0588212796
-3.2153037354 4.8198364372 0.0557308839
-3.2639315002 4.7970570295 0.0528780780
-3.3123014006 4.7737465407 0.0502453323
-3.3604102514 4.7499065048 0.0478162953
-3.4082547248 4.7255384910 0.0455757250
-3.4558313619 4.7006441061 0.0435094244
-3.5031365831 4.6752249951 0.0416041788
-3.5501666977 4.6492828427 0.0398476965
-3.5969179139 4.6228193746 0.0382285527
-3.6433863468 4.5958363582 0.0367361351
-3.6895680274 4.5683356038 0.0353605932
-3.7354589102 4.5403189654 0.0340927896
-3.7810548801 4.5117883418 0.0329242542
-3.8263517599 4.4827456768 0.0318471406
-3.8713453167 4.4531929603 0.0308541847
-3.9160312675 4.4231322290 0.0299386662
-3.9604052855 4.3925655664 0.0290943715
-4.0044630052 4.3614951040 0.0283155595
-4.0482000273 4.3299230213 0.0275969285
-4.0916119238 4.2978515463 0.0269335863
-4.1346942421 4.2652829562 0.0263210206
-4.1774425094 4.2322195770 0.0257550725
-4.2198522363 4.1986637845 0.0252319108
-4.2619189208 4.1646180042 0.0247480087
-4.3036380515 4.1300847116 0.0243001208
-4.3450051109 4.0950664323 0.0238852632
-4.3860155783 4.0595657421 0.0235006932
-4.4266649329 4.0235852675 0.0231438918
-4.4669486560 3.9871276852 0.0228125464
-4.5068622340 3.9501957227 0.0225045351
-4.5464011604 3.9127921579 0.0222179120
-4.5855609381 3.8749198194 0.0219508936
-4.6243370815 3.8365815866 0.0217018460
-4.6627251184 3.7977803892 0.0214692733
-4.7007205918 3.7585192077 0.0212518062
-4.7383190617 3.7188010729 0.0210481923
-4.7755161066 3.6786290662 0.0208572865
-4.8123073252 3.6380063193 0.0206780422
-4.8486883376 3.5969360140 0.0205095035
-4.8846547872 3.5554213823 0.0203507972
-4.9202023412 3.5134657061 0.0202011266
-4.9553266925 3.4710723171 0.0200597649
-4.9900235605 3.4282445969 0.0199260488
-5.0242886925 3.3849859762 0.0197993740
-5.0581178644 3.3412999352 0.0196791896
-5.0915068820 3.2971900032 0.0195649936
-5.1244515817 3.2526597584 0.0194563290
-5.1569478318 3.2077128276 0.0193527795
-5.1889915329 3.1623528862 0.0192539662
-5.2205786192 3.1165836577 0.0191595444
-5.2517050589 3.0704089136 0.0190692003
-5.2823668551 3.0238324732 0.0189826486
-5.3125600470 2.9768582032 0.0188996297
-5.3422807097 2.9294900176 0.0188199075
-5.3715249559 2.8817318772 0.0187432675
-5.4002889357 2.8335877896 0.0186695145
-5.4285688380 2.7850618086 0.0185984710
-5.4563608905 2.7361580343 0.0185299759
-5.4836613607 2.6868806125 0.0184638825
-5.5104665564 2.6372337342 0.0184000574
-5.5367728263 2.5872216359 0.0183383794
-5.5625765604 2.5368485987 0.0182787383
-5.5878741908 2.4861189483 0.0182210338
-5.6126621920 2.4350370546 0.0181651746
-5.6369370818 2.3836073312 0.0181110777
-5.6606954213 2.3318342352 0.0180586676
-5.6839338157 2.2797222670 0.0180078754
-5.7066489149 2.2272759694 0.0179586384
-5.7288374137 2.1744999281 0.0179108995
-5.7504960525 2.1213987703 0.0178646067
-5.7716216177 2.0679771654 0.0178197123
-5.7922109421 2.0142398236 0.0177761729
-5.8122609054 1.9601914964 0.0177339491
-5.8317684346 1.9058369755 0.0176930044
-5.8507305046 1.8511810929 0.0176533059
-5.8691441384 1.7962287202 0.0176148232
-5.8870064075 1.7409847685 0.0175775285
-5.9043144327 1.6854541875 0.0175413964
-5.9210653842 1.6296419657 0.0175064035
-5.9372564818 1.5735531295 0.0174725283
-5.9528849958 1.5171927429 0.0174397513
-5.9679482471 1.4605659071 0.0174080542
-5.9824436076 1.4036777603 0.0173774204
-5.9963685004 1.3465334768 0.0173478346
-6.0097204008 1.2891382669 0.0173192826
-6.0224968359 1.2314973763 0.0172917513
-6.0346953854 1.1736160857 0.0172652287
-6.0463136819 1.1154997104 0.0172397038
-6.0573494112 1.0571535997 0.0172151661
-6.0678003126 0.9985831365 0.0171916063
-6.0776641795 0.9397937368 0.0171690155
-6.0869388592 0.8807908494 0.0171473857
-6.0956222540 0.8215799553 0.0171267094
-6.1037123207 0.7621665670 0.0171069796
-6.1112070715 0.7025562282 0.0170881900
-6.1181045742 0.6427545137 0.0170703347
-6.1244029524 0.5827670280 0.0170534083
-6.1301003856 0.5225994058 0.0170374057
-6.1351951101 0.4622573107 0.0170223224
-6.1396854187 0.4017464351 0.0170081542
-6.1435696614 0.3410724996 0.0169948973
-6.1468462453 0.2802412525 0.0169825481
-6.1495136353 0.2192584693 0.0169711036
-6.1515703540 0.1581299521 0.0169605608
-6.1530149822 0.0968615290 0.0169509172
-6.1538461590 0.0354590540 0.0169421705
-6.1540625824 -0.0260715942 0.0169343189
-6.1536630090 -0.0877245122 0.0169273605
-6.1526462545 -0.1494937727 0.0169212939
-6.1510111944 -0.2113734249 0.0169161179
-6.1487567633 -0.2733574953 0.0169118316
-6.1458819560 -0.3354399879 0.0169084341
-6.1423858272 -0.3976148849 0.0169059252
-6.1382674919 -0.4598761475 0.0169043043
-6.1335261256 -0.5222177161 0.0169035717
-6.1281609645 -0.5846335110 0.0169037273
-6.1221713058 -0.6471174333 0.0169047717
-6.1155565075 -0.7096633645 0.0169067054
-6.1083159893 -0.7722651683 0.0169095293
-6.1004492320 -0.8349166906 0.0169132445
-6.0919557782 -0.8976117599 0.0169178521
-6.0828352323 -0.9603441878 0.0169233537
-6.0730872606 -1.0231077705 0.0169297509
-6.0627115918 -1.0858962885 0.0169370457
-6.0517080165 -1.1487035071 0.0169452400
-6.0400763879 -1.2115231775 0.0169543362
-6.0278166220 -1.2743490377 0.0169643368
-6.0149286972 -1.3371748123 0.0169752445
-6.0014126550 -1.3999942132 0.0169870622
-5.9872685995 -1.4628009404 0.0169997931
-5.9724966983 -1.5255886832 0.0170134404
-5.9570971821 -1.5883511201 0.0170280078
-5.9410703446 -1.6510819194 0.0170434989
-5.9244165434 -1.7137747396 0.0170599177
-5.9071361990 -1.7764232309 0.0170772685
-5.8892297961 -1.8390210357 0.0170955556
-5.8706978828 -1.9015617881 0.0171147836
-5.8515410706 -1.9640391153 0.0171349574
-5.8317600354 -2.0264466385 0.0171560821
-5.8113555166 -2.0887779734 0.0171781628
-5.7903283177 -2.1510267302 0.0172012052
-5.7686793059 -2.2131865147 0.0172252149
-5.7464094128 -2.2752509291 0.0172501979
-5.7235196338 -2.3372135725 0.0172761604
-5.7000110285 -2.3990680412 0.0173031089
-5.6758847204 -2.4608079298 0.0173310500
-5.6511418975 -2.5224268316 0.0173599907
-5.6257838116 -2.5839183393 0.0173899381
-5.5998117788 -2.6452760455 0.0174208996
-5.5732271794 -2.7064935436 0.0174528830
-5.5460314578 -2.7675644284 0.0174858960
-5.5182261223 -2.8284822964 0.0175199470
-5.4898127456 -2.8892407469 0.0175550444
-5.4607929645 -2.9498333825 0.0175911968
-5.4311684795 -3.0102538093 0.0176284133
-5.4009410555 -3.0704956384 0.0176667032
-5.3701125210 -3.1305524859 0.0177060759
-5.3386847688 -3.1904179738 0.0177465414
-5.3066597552 -3.2500857305 0.0177881098
-5.2740395004 -3.3095493916 0.0178307915
-5.2408260884 -3.3688026005 0.0178745972
-5.2070216668 -3.4278390092 0.0179195380
-5.1726284466 -3.4866522785 0.0179656253
-5.1376487025 -3.5452360792 0.0180128706
-5.1020847723 -3.6035840924 0.0180612861
-5.0659390573 -3.6616900103 0.0181108839
-5.0292140217 -3.7195475369 0.0181616769
-4.9919121930 -3.7771503885 0.0182136779
-4.9540361614 -3.8344922943 0.0182669005
-4.9155885799 -3.8915669975 0.0183213582
-4.8765721643 -3.9483682555 0.0183770652
-4.8369896926 -4.0048898405 0.0184340360
-4.7968440054 -4.0611255407 0.0184922853
-4.7561380054 -4.1170691604 0.0185518284
-4.7148746573 -4.1727145208 0.0186126810
-4.6730569877 -4.2280554609 0.0186748590
-4.6306880850 -4.2830858379 0.0187383790
-4.5877710987 -4.3377995279 0.0188032578
-4.5443092401 -4.3921904265 0.0188695126
-4.5003057813 -4.4462524498 0.0189371613
-4.4557640555 -4.4999795344 0.0190062220
-4.4106874565 -4.5533656388 0.0190767135
-4.3650794385 -4.6064047434 0.0191486547
-4.3189435163 -4.6590908515 0.0192220655
-4.2722832643 -4.7114179900 0.0192969658
-4.2251023172 -4.7633802098 0.0193733763
-4.1774043689 -4.8149715866 0.0194513181
-4.1291931728 -4.8661862216 0.0195308129
-4.0804725414 -4.9170182418 0.0196118829
-4.0312463458 -4.9674618012 0.0196945509
-3.9815185160 -5.0175110809 0.0197788403
-3.9312930401 -5.0671602903 0.0198647748
-3.8805739641 -5.1164036670 0.0199523792
-3.8293653919 -5.1652354782 0.0200416784
-3.7776714847 -5.2136500208 0.0201326983
-3.7254964610 -5.2616416223 0.0202254653
-3.6728445961 -5.3092046413 0.0203200064
-3.6197202217 -5.3563334683 0.0204163494
-3.5661277257 -5.4030225260 0.0205145227
-3.5120715522 -5.4492662704 0.0206145555
-3.4575562005 -5.4950591910 0.0207164776
-3.4025862253 -5.5403958116 0.0208203197
-3.3471662363 -5.5852706909 0.0209261131
-3.2913008975 -5.6296784231 0.0210338901
-3.2349949274 -5.6736136387 0.0211436835
-3.1782530981 -5.7170710048 0.0212555274
-3.1210802353 -5.7600452258 0.0213694562
-3.0634812178 -5.8025310443 0.0214855056
-3.0054609771 -5.8445232412 0.0216037120
-2.9470244972 -5.8860166368 0.0217241128
-2.8881768139 -5.9270060910 0.0218467462
-2.8289230147 -5.9674865043 0.0219716517
-2.7692682382 -6.0074528180 0.0220988693
-2.7092176739 -6.0469000150 0.0222284406
-2.6487765617 -6.0858231203 0.0223604077
-2.5879501912 -6.1242172018 0.0224948143
-2.5267439019 -6.1620773706 0.0226317048
-2.4651630822 -6.1993987817 0.0227711249
-2.4032131692 -6.2361766347 0.0229131216
-2.3408996484 -6.2724061741 0.0230577430
-2.2782280530 -6.3080826901 0.0232050383
-2.2152039634 -6.3432015191 0.0233550583
-2.1518330073 -6.3777580443 0.0235078549
-2.0881208587 -6.4117476962 0.0236634813
-2.0240732373 -6.4451659531 0.0238219923
-1.9596959088 -6.4780083418 0.0239834440
-1.8949946837 -6.5102704381 0.0241478940
-1.8299754170 -6.5419478673 0.0243154014
-1.7646440081 -6.5730363048 0.0244860270
-1.6990063996 -6.6035314765 0.0246598330
-1.6330685776 -6.6334291596 0.0248368834
-1.5668365707 -6.6627251830 0.0250172438
-1.5003164494 -6.6914154275 0.0252009817
-1.4335143261 -6.7194958271 0.0253881663
-1.3664363541 -6.7469623686 0.0255788687
-1.2990887274 -6.7738110929 0.0257731620
-1.2314776801 -6.8000380950 0.0259711211
-1.1636094857 -6.8256395247 0.0261728231
-1.0954904567 -6.8506115871 0.0263783471
-1.0271269442 -6.8749505432 0.0265877745
-0.9585253373 -6.8986527100 0.0268011887
-0.8896920621 -6.9217144616 0.0270186756
-0.8206335820 -6.9441322291 0.0272403234
-0.7513563965 -6.9659025014 0.0274662229
-0.6818670408 -6.9870218258 0.0276964671
-0.6121720853 -7.0074868080 0.0279311518
-0.5422781350 -7.0272941130 0.0281703756
-0.4721918292 -7.0464404653 0.0284142396
-0.4019198402 -7.0649226497 0.0286628480
-0.3314688737 -7.0827375112 0.0289163078
-0.2608456674 -7.0998819561 0.0291747290
-0.1900569909 -7.1163529519 0.0294382249
-0.1191096449 -7.1321475279 0.0297069120
-0.0480104607 -7.1472627759 0.0299809099
0.0232337003 -7.1616958502 0.0302603419
0.0946159477 -7.1754439683 0.0305453350
0.1661293618 -7.1885044114 0.0308360194
0.2377669950 -7.2008745244 0.0311325295
0.3095218721 -7.2125517169 0.0314350035
0.3813869907 -7.2235334628 0.0317435836
0.4533553224 -7.2338173016 0.0320584163
0.5254198128 -7.2434008381 0.0323796522
0.5975733822 -7.2522817433 0.0327074467
0.6698089267 -7.2604577543 0.0330419593
0.7421193182 -7.2679266749 0.0333833549
0.8144974055 -7.2746863761 0.0337318029
0.8869360146 -7.2807347964 0.0340874778
0.9594279496 -7.2860699418 0.0344505595
1.0319659929 -7.2906898867 0.0348212333
1.1045429065 -7.2945927738 0.0351996901
1.1771514319 -7.2977768150 0.0355861265
1.2497842911 -7.3002402910 0.0359807454
1.3224341874 -7.3019815521 0.0363837557
1.3950938057 -7.3029990185 0.0367953726
1.4677558132 -7.3032911805 0.0372158182
1.5404128602 -7.3028565990 0.0376453215
1.6130575807 -7.3016939054 0.0380841182
1.6856825928 -7.2998018024 0.0385324518
1.7582804996 -7.2971790640 0.0389905733
1.8308438899 -7.2938245359 0.0394587414
1.9033653383 -7.2897371356 0.0399372230
1.9758374065 -7.2849158530 0.0404262937
2.0482526438 -7.2793597504 0.0409262374
2.1206035873 -7.2730679630 0.0414373473
2.1928827629 -7.2660396987 0.0419599260
2.2650826862 -7.2582742392 0.0424942855
2.3371958623 -7.2497709393 0.0430407479
2.4092147871 -7.2405292276 0.0435996460
2.4811319482 -7.2305486070 0.0441713228
2.5529398248 -7.2198286545 0.0447561327
2.6246308882 -7.2083690214 0.0453544417
2.6961976034 -7.1961694340 0.0459666277
2.7676324294 -7.1832296933 0.0465930807
2.8389278193 -7.1695496754 0.0472342034
2.9100762209 -7.1551293320 0.0478904123
2.9810700782 -7.1399686899 0.0485621371
3.0519018314 -7.1240678521 0.0492498218
3.1225639174 -7.1074269969 0.0499539252
3.1930487706 -7.0900463793 0.0506749213
3.2633488237 -7.0719263301 0.0514133001
3.3334565082 -7.0530672567 0.0521695673
3.4033642544 -7.0334696430 0.0529442462
3.4730644929 -7.0131340499 0.0537378775
3.5425496550 -6.9920611147 0.0545510199
3.6118121725 -6.9702515523 0.0553842509
3.6808444792 -6.9477061543 0.0562381679
3.7496390113 -6.9244257899 0.0571133881
3.8181882075 -6.9004114057 0.0580105497
3.8864845097 -6.8756640257 0.0589303130
3.9545203644 -6.8501847518 0.0598733604
4.0222882219 -6.8239747636 0.0608403976
4.0897805378 -6.7970353186 0.0618321548
4.1569897732 -6.7693677523 0.0628493868
4.2239083953 -6.7409734784 0.0638928746
4.2905288776 -6.7118539886 0.0649634259
4.3568437013 -6.6820108532 0.0660618764
4.4228453547 -6.6514457206 0.0671890904
4.4885263342 -6.6201603177 0.0683459624
4.5538791449 -6.5881564501 0.0695334174
4.6188963011 -6.5554360018 0.0707524129
4.6835703262 -6.5220009354 0.0720039393
4.7478937539 -6.4878532926 0.0732890216
4.8118591281 -6.4529951934 0.0746087202
4.8754590034 -6.4174288369 0.0759641326
4.9386859460 -6.3811565011 0.0773563944
5.0015325334 -6.3441805428 0.0787866809
5.0639913552 -6.3065033977 0.0802562081
5.1260550133 -6.2681275807 0.0817662348
5.1877161225 -6.2290556856 0.0833180634
5.2489673105 -6.1892903851 0.0849130418
5.3098012187 -6.1488344314 0.0865525652
5.3702105019 -6.1076906554 0.0882380773
5.4301878289 -6.0658619672 0.0899710720
5.4897258832 -6.0233513563 0.0917530957
5.5488173626 -5.9801618910 0.0935857486
5.6074549794 -5.9362967190 0.0954706863
5.6656314615 -5.8917590671 0.0974096228
5.7233395519 -5.8465522412 0.0994043311
5.7805720085 -5.8006796266 0.1014566459
5.8373216053 -5.7541446875 0.1035684660
5.8935811321 -5.7069509676 0.1057417557
5.9493433941 -5.6591020895 0.1079785472
6.0046012127 -5.6106017553 0.1102809432
6.0593474255 -5.5614537459 0.1126511188
6.1135748858 -5.5116619217 0.1150913236
6.1672764633 -5.4612302222 0.1176038851
6.2204450438 -5.4101626661 0.1201912101
6.2730735291 -5.3584633511 0.1228557872
6.3251548371 -5.3061364544 0.1256001902
6.3766819016 -5.2531862321 0.1284270803
6.4276476727 -5.1996170196 0.1313392082
6.4780451157 -5.1454332315 0.1343394171
6.5278672119 -5.0906393614 0.1374306464
6.5771069581 -5.0352399822 0.1406159328
6.6257573662 -4.9792397460 0.1438984137
6.6738114629 -4.9226433841 0.1472813310
6.7212622901 -4.8654557070 0.1507680328
6.7681029042 -4.8076816042 0.1543619763
6.8143263753 -4.7493260448 0.1580667310
6.8599257874 -4.6903940768 0.1618859825
6.9048942384 -4.6308908277 0.1658235334
6.9492248391 -4.5708215041 0.1698833074
6.9929107123 -4.5101913922 0.1740693522
7.0359449935 -4.4490058572 0.1783858428
7.0783208301 -4.3872703439 0.1828370824
7.1200313801 -4.3249903765 0.1874275069
7.1610698121 -4.2621715589 0.1921616874
7.2014293053 -4.1988195743 0.1970443324
7.2411030480 -4.1349401853 0.2020802900
7.2800842371 -4.0705392348 0.2072745509
7.3183660780 -4.0056226450 0.2126322511
7.3559417837 -3.9401964179 0.2181586730
7.3928045739 -3.8742666356 0.2238592479
7.4289476744 -3.8078394603 0.2297395581
7.4643643164 -3.7409211341 0.2358053385
7.4990477363 -3.6735179794 0.2420624773
7.5329911739 -3.6056363989 0.2485170180
7.5661878721 -3.5372828760 0.2551751598
7.5986310770 -3.4684639744 0.2620432584
7.6303140358 -3.3991863387 0.2691278261
7.6612299968 -3.3294566943 0.2764355318
7.6913722084 -3.2592818479 0.2839732001
7.7207339189 -3.1886686870 0.2917478108
7.7493083747 -3.1176241809 0.2997664973
7.7770888203 -3.0461553801 0.3080365440
7.8040684981 -2.9742694171 0.3165653848
7.8302406466 -2.9019735063 0.3253605996
7.8555985005 -2.8292749441 0.3344299096
7.8801352898 -2.7561811094 0.3437811738
7.9038442400 -2.6826994636 0.3534223841
7.9267185704 -2.6088375510 0.3633616581
7.9487514947 -2.5346029987 0.3736072319
7.9699362204 -2.4600035172 0.3841674546
7.9902659485 -2.3850469003 0.3950507778
8.0097338732 -2.3097410256 0.4062657441
8.0283331822 -2.2340938548 0.4178209801
8.0460570566 -2.1581134333 0.4297251824
8.0628986711 -2.0818078915 0.4419871018
8.0788511944 -2.0051854439 0.4546155334
8.0939077895 -1.9282543900 0.4676192991
8.1080616149 -1.8510231147 0.4810072263
8.1213058248 -1.7735000878 0.4947881354
8.1336335706 -1.6956938646 0.5089708171
8.1450380022 -1.6176130865 0.5235640067
8.1555122689 -1.5392664803 0.5385763663
8.1650495219 -1.4606628591 0.5540164586
8.1736429159 -1.3818111221 0.5698927139
8.1812856116 -1.3027202548 0.5862134086
8.1879707775 -1.2233993292 0.6029866337
8.1936915944 -1.1438575038 0.6202202548
8.1984412570 -1.0641040234 0.6379218851
8.2022129782 -0.9841482197 0.6560988502
8.2049999934 -0.9039995105 0.6747581394
8.2067955646 -0.8236674004 0.6939063730
8.2075929841 -0.7431614801 0.7135497632
8.2073855818 -0.6624914266 0.7336940582
8.2061667298 -0.5816670028 0.7543445002
8.2039298474 -0.5006980571 0.7755057847
8.2006684097 -0.4195945235 0.7971820005
8.1963759547 -0.3383664207 0.8193765709
8.1910460887 -0.2570238518 0.8420922182
8.1846724959 -0.1755770039 0.8653308996
8.1772489497 -0.0940361471 0.8890937308
8.1687693179 -0.0124116340 0.9133809529
8.1592275738 0.0692861012 0.9381918666
8.1486178085 0.1510465436 0.9635247588
8.1369342431 0.2328590989 0.9893768326
8.1241712351 0.3147130944 1.0157441766
8.1103232945 0.3965977800 1.0426216769
8.0953850995 0.4785023303 1.0700029423
8.0793515061 0.5604158460 1.0978802581
8.0622175618 0.6423273549 1.1262445251
8.0439785227 0.7242258142 1.1550851840
8.0246298737 0.8061001135 1.1843901380
8.0041673345 0.8879390757 1.2141457287
7.9825868819 0.9697314592 1.2443366542
7.9598847693 1.0514659615 1.2749459057
7.9360575433 1.1331312218 1.3059547203
7.9111020569 1.2147158228 1.3373425413
7.8850154937 1.2962082945 1.3690869538
7.8577953892 1.3775971181 1.4011636425
7.8294396431 1.4588707286 1.4335463676
7.7999465434 1.5400175181 1.4662069183
7.7693147898 1.6210258415 1.4991150882
7.7375435077 1.7018840189 1.5322386621
7.7046322714 1.7825803400 1.5655433938
7.6705811281 1.8631030700 1.5989930069
7.6353906128 1.9434404534 1.6325491974
7.5990617709 2.0235807182 1.6661716396
7.5615961816 2.1035120830 1.6998180180
7.5229959726 2.1832227611 1.7334440515
7.4832638417 2.2627009654 1.7670035314
7.4424030785 2.3419349166 1.8004483905
7.4004175776 2.4209128470 1.8337287506
7.3573118591 2.4996230069 1.8667929998
7.3130910866 2.5780536728 1.8995879002
7.2677610789 2.6561931519 1.9320586606
7.2213283273 2.7340297891 1.9641490616
7.1738000094 2.8115519759 1.9958015960
7.1251839979 2.8887481544 2.0269575719
7.0754888739 2.9656068262 2.0575572896
7.0247239346 3.0421165604 2.0875402064
6.9728991997 3.1182659984 2.1168450749
6.9200254176 3.1940438636 2.1454101701
6.8661140675 3.2694389684 2.1731734699
6.8111773615 3.3444402205 2.2000728318
6.7552282425 3.4190366316 2.2260462606
6.6982803812 3.4932173256 2.2510320998
6.6403481714 3.5669715432 2.2749692417
6.5814467195 3.6402886526 2.2977974239
6.5215918355 3.7131581557 2.3194574262
6.4608000217 3.7855696937 2.3398913037
6.3990884518 3.8575130566 2.3590426974
6.3364749572 3.9289781897 2.3768570315
6.2729780068 3.9999551984 2.3932817533
6.2086166781 4.0704343571 2.4082666410
6.1434106361 4.1404061153 2.4217639962
6.0773801070 4.2098611017 2.4337288709
6.0105458392 4.2787901318 2.4441193550
5.9429290768 4.3471842139 2.4528967562
5.8745515269 4.4150345520 2.4600257964
5.8054353127 4.4823325520 2.4654748586
5.7356029401 4.5490698272 2.4692161462
5.6650772612 4.6152382001 2.4712258324
5.5938814219 4.6808297067 2.4714842510
5.5220388198 4.7458366014 2.4699760194
5.4495730680 4.8102513577 2.4666901348
5.3765079373 4.8740666707 2.4616200938
5.3028673088 4.9372754602 2.4547639635
5.2286751370 4.9998708714 2.4461244215
5.1539553918 5.0618462746 2.4357087984
5.0787320052 5.1231952677 2.4235290784
5.0030288368 5.1839116748 2.4096018869
4.9268696181 5.2439895454 2.3939484564
4.8502778944 5.3034231540 2.3765945398
4.7732769958 5.3622069987 2.3575703554
4.6958899841 5.4203357984 2.3369104802
4.6181395961 5.4778044903 2.3146536714
4.5400482163 5.5346082281 2.2908427695
4.4616378321 5.5907423779 2.2655245337
4.3829299839 5.6462025137 2.2387493978
4.3039457319 5.7009844140 2.2105712831
4.2247056281 5.7550840580 2.1810474269
4.1452296752 5.8084976196 2.1502381211
4.0655372890 5.8612214610 2.1182063715
3.9856472843 5.9132521300 2.0850177778
3.9055778421 5.9645863528 2.0507402149
3.8253464831 6.0152210266 2.0154434986
3.7449700521 6.0651532146 1.9791991489
3.6644647019 6.1143801404 1.9420801426
3.5838458750 6.1628991793 1.9041605537
3.5031282942 6.2107078520 1.8655152814
3.4223259552 6.2578038189 1.8262198136
3.3414521195 6.3041848716 1.7863498776
3.2605193127 6.3498489262 1.7459811886
3.1795393246 6.3947940171 1.7051892011
3.0985232124 6.4390182880 1.6640487911
3.0174813060 6.4825199867 1.6226340479
2.9364232165 6.5252974574 1.5810180163
2.8553578476 6.5673491329 1.5392724380
2.7742934068 6.6086735292 1.4974675743
2.6932374232 6.6492692377 1.4556719674
2.6121967632 6.6891349190 1.4139522515
2.5311776488 6.7282692970 1.3723729965
2.4501856827 6.7666711514 1.3309965126
2.3692258657 6.8043393133 1.2898827268
2.2883026232 6.8412726582 1.2490890553
2.2074198344 6.8774701007 1.2086702604
2.1265808498 6.9129305899 1.1686783795
2.0457885271 6.9476531037 1.1291626354
1.9650452565 6.9816366438 1.0901693573
1.8843529872 7.0148802321 1.0517419423
1.8037132615 7.0473829057 1.0139208130
1.7231272397 7.0791437135 0.9767433918
1.6425957346 7.1101617119 0.9402441016
1.5621192372 7.1404359625 0.9044543580
1.4816979502 7.1699655281 0.8694026000
1.4013318149 7.1987494704 0.8351143087
1.3210205427 7.2267868475 0.8016120570
1.2407636424 7.2540767116 0.7689155533
1.1605604498 7.2806181072 0.7370417103
1.0804101544 7.3064100697 0.7060047074
1.0003118274 7.3314516236 0.6758160764
0.9202644471 7.3557417816 0.6464847809
0.8402669244 7.3792795442 0.6180173113
0.7603181279 7.4020638985 0.5904177831
0.6804169061 7.4240938180 0.5636880364
0.6005621106 7.4453682630 0.5378277452
0.5207526173 7.4658861799 0.5128345267
0.4409873458 7.4856465023 0.4887040525
0.3612652796 7.5046481511 0.4654301645
0.2815854828 7.5228900349 0.4430049905
0.2019471177 7.5403710517 0.4214190596
0.1223494594 7.5570900892 0.4006614188
0.0427919111 7.5730460262 0.3807197494
-0.0367259835 7.5882377342 0.3615804811
-0.1162045277 7.6026640784 0.3432289052
-0.1956438614 7.6163239196 0.3256492854
-0.2750439507 7.6292161159 0.3088249671
-0.3544045799 7.6413395240 0.2927384828
-0.4337253434 7.6526930019 0.2773716554
-0.5130056392 7.6632754100 0.2627056971
-0.5922446634 7.6730856135 0.2487213052
-0.6714414059 7.6821224846 0.2353987543
-0.7505946460 7.6903849040 0.2227179837
-0.8297029500 7.6978717640 0.2106586811
-0.9087646693 7.7045819696 0.1992003622
-0.9877779389 7.7105144415 0.1883224451
-1.0667406771 7.7156681178 0.1780043209
-1.1456505856 7.7200419566 0.1682254196
-1.2245051509 7.7236349378 0.1589652714
-1.3033016451 7.7264460656 0.1502035635
-1.3820371285 7.7284743706 0.1419201929
-1.4607084521 7.7297189119 0.1340953143
-1.5393122605 7.7301787791 0.1267093836
-1.6178449959 7.7298530949 0.1197431980
-1.6963029014 7.7287410167 0.1131779310
-1.7746820258 7.7268417388 0.1069951643
-1.8529782279 7.7241544942 0.1011769153
-1.9311871816 7.7206785572 0.0957056614
-2.0093043808 7.7164132444 0.0905643601
-2.0873251450 7.7113579173 0.0857364665
-2.1652446243 7.7055119837 0.0812059473
-2.2430578059 7.6988748996 0.0769572914
-2.3207595189 7.6914461710 0.0729755186
-2.3983444408 7.6832253552 0.0692461847
-2.4758071031 7.6742120628 0.0657553845
-2.5531418975 7.6644059590 0.0624897527
-2.6303430815 7.6538067653 0.0594364623
-2.7074047845 7.6424142605 0.0565832216
-2.7843210138 7.6302282826 0.0539182684
-2.8610856603 7.6172487296 0.0514303638
-2.9376925046 7.6034755612 0.0491087836
-3.0141352222 7.5889087997 0.0469433093
-3.0904073896 7.5735485314 0.0449242167
-3.1665024897 7.5573949074 0.0430422649
-3.2424139171 7.5404481447 0.0412886833
-3.3181349836 7.5227085276 0.0396551587
-3.3936589231 7.5041764079 0.0381338210
-3.4689788970 7.4848522066 0.0367172291
-3.5440879988 7.4647364140 0.0353983562
-3.6189792592 7.4438295910 0.0341705745
-3.6936456503 7.4221323698 0.0330276399
-3.7680800903 7.3996454542 0.0319636769
-3.8422754479 7.3763696208 0.0309731633
-3.9162245466 7.3523057192 0.0300509144
-3.9899201681 7.3274546729 0.0291920681
-4.0633550570 7.3018174795 0.0283920698
-4.1365219241 7.2753952117 0.0276466576
-4.2094134500 7.2481890171 0.0269518477
-4.2820222886 7.2202001192 0.0263039201
-4.3543410707 7.1914298177 0.0256994050
-4.4263624069 7.1618794886 0.0251350687
-4.4980788905 7.1315505846 0.0246079013
-4.5694831010 7.1004446360 0.0241151031
-4.6405676063 7.0685632499 0.0236540733
-4.7113249661 7.0359081115 0.0232223974
-4.7817477336 7.0024809837 0.0228178365
-4.8518284588 6.9682837074 0.0224383161
-4.9215596903 6.9333182021 0.0220819158
-4.9909339781 6.8975864654 0.0217468594
-5.0599438753 6.8610905736 0.0214315055
-5.1285819403 6.8238326817 0.0211343384
-5.1968407391 6.7858150233 0.0208539598
-5.2647128468 6.7470399110 0.0205890805
-5.3321908497 6.7075097363 0.0203385130
-5.3992673472 6.6672269696 0.0201011640
-5.4659349529 6.6261941602 0.0198760279
-5.5321862972 6.5844139364 0.0196621801
-5.5980140277 6.5418890055 0.0194587713
-5.6634108118 6.4986221537 0.0192650218
-5.7283693375 6.4546162461 0.0190802159
-5.7928823149 6.4098742264 0.0189036973
-5.8569424779 6.3643991173 0.0187348646
-5.9205425851 6.3181940202 0.0185731665
-5.9836754211 6.2712621147 0.0184180982
-6.0463337980 6.2236066594 0.0182691976
-6.1085105566 6.1752309907 0.0181260416
-6.1701985672 6.1261385235 0.0179882432
-6.2313907309 6.0763327507 0.0178554484
-6.2920799810 6.0258172431 0.0177273334
-6.3522592835 5.9745956492 0.0176036021
-6.4119216385 5.9226716950 0.0174839836
-6.4710600814 5.8700491839 0.0173682304
-6.5296676833 5.8167319964 0.0172561160
-6.5877375527 5.7627240901 0.0171474331
-6.6452628356 5.7080294992 0.0170419924
-6.7022367175 5.6526523344 0.0169396203
-6.7586524231 5.5965967825 0.0168401582
-6.8145032184 5.5398671067 0.0167434604
-6.8697824106 5.4824676454 0.0166493939
-6.9244833496 5.4244028130 0.0165578363
-6.9785994286 5.3656770986 0.0164686755
-7.0321240850 5.3062950667 0.0163818086
-7.0850508012 5.2462613559 0.0162971409
-7.1373731054 5.1855806795 0.0162145853
-7.1890845727 5.1242578245 0.0161340616
-7.2401788253 5.0622976518 0.0160554959
-7.2906495340 4.9997050955 0.0159788200
-7.3404904184 4.9364851627 0.0159039707
-7.3896952482 4.8726429331 0.0158308897
-7.4382578434 4.8081835588 0.0157595229
-7.4861720756 4.7431122637 0.0156898201
-7.5334318684 4.6774343434 0.0156217346
-7.5800311982 4.6111551644 0.0155552229
-7.6259640952 4.5442801643 0.0154902446
-7.6712246437 4.4768148508 0.0154267619
-7.7158069832 4.4087648017 0.0153647392
-7.7597053090 4.3401356644 0.0153041436
-7.8029138727 4.2709331552 0.0152449439
-7.8454269835 4.2011630593 0.0151871109
-7.8872390082 4.1308312302 0.0151306170
-7.9283443721 4.0599435891 0.0150754363
-7.9687375602 3.9885061245 0.0150215443
-8.0084131172 3.9165248920 0.0149689179
-8.0473656484 3.8440060134 0.0149175350
-8.0855898207 3.7709556766 0.0148673749
-8.1230803627 3.6973801350 0.0148184179
-8.1598320660 3.6232857068 0.0147706452
-8.1958397853 3.5486787748 0.0147240389
-8.2310984393 3.4735657857 0.0146785820
-8.2656030113 3.3979532497 0.0146342582
-8.2993485499 3.3218477399 0.0145910521
-8.3323301697 3.2452558918 0.0145489489
-8.3645430516 3.1681844028 0.0145079344
-8.3959824437 3.0906400315 0.0144679951
-8.4266436621 3.0126295973 0.0144291181
-8.4565220909 2.9341599798 0.0143912909
-8.4856131835 2.8552381183 0.0143545017
-8.5139124626 2.7758710112 0.0143187390
-8.5414155212 2.6960657151 0.0142839920
-8.5681180231 2.6158293447 0.0142502503
-8.5940157034 2.5351690721 0.0142175037
-8.6191043690 2.4540921259 0.0141857427
-8.6433798994 2.3726057908 0.0141549581
-8.6668382471 2.2907174070 0.0141251410
-8.6894754380 2.2084343696 0.0140962830
-8.7112875726 2.1257641278 0.0140683760
-8.7322708256 2.0427141844 0.0140414122
-8.7524214472 1.9592920953 0.0140153843
-8.7717357631 1.8755054685 0.0139902851
-8.7902101757 1.7913619637 0.0139661079
-8.8078411637 1.7068692915 0.0139428462
-8.8246252835 1.6220352129 0.0139204939
-8.8405591689 1.5368675384 0.0138990452
-8.8556395323 1.4513741276 0.0138784944
-8.8698631649 1.3655628882 0.0138588362
-8.8832269369 1.2794417755 0.0138400658
-8.8957277984 1.1930187917 0.0138221783
-8.9073627798 1.1063019851 0.0138051693
-8.9181289920 1.0192994494 0.0137890346
-8.9280236271 0.9320193232 0.0137737703
-8.9370439587 0.8444697889 0.0137593727
-8.9451873426 0.7566590723 0.0137458383
-8.9524512167 0.6685954415 0.0137331641
-8.9588331022 0.5802872066 0.0137213471
-8.9643306031 0.4917427187 0.0137103845
-8.9689414075 0.4029703692 0.0137002741
-8.9726632874 0.3139785888 0.0136910135
-8.9754940992 0.2247758474 0.0136826008
-8.9774317843 0.1353706524 0.0136750344
-8.9784743694 0.0457715487 0.0136683127
-8.9786199666 -0.0440128824 0.0136624345
-8.9778667742 -0.1339740240 0.0136573987
-8.9762130767 -0.2241032243 0.0136532047
-8.9736572454 -0.3143917976 0.0136498518
-8.9701977384 -0.4048310246 0.0136473397
-8.9658331014 -0.4954121539 0.0136456683
-8.9605619678 -0.5861264024 0.0136448379
-8.9543830586 -0.6769649559 0.0136448487
-8.9472951836 -0.7679189704 0.0136457013
-8.9392972408 -0.8589795729 0.0136473967
-8.9303882173 -0.9501378618 0.0136499358
-8.9205671892 -1.0413849078 0.0136533200
-8.9098333223 -1.1327117555 0.0136575507
-8.8981858719 -1.2241094233 0.0136626298
-8.8856241832 -1.3155689045 0.0136685592
-8.8721476918 -1.4070811683 0.0136753412
-8.8577559237 -1.4986371611 0.0136829782
-8.8424484956 -1.5902278066 0.0136914730
-8.8262251148 -1.6818440062 0.0137008284
-8.8090855801 -1.7734766418 0.0137110477
-8.7910297814 -1.8651165750 0.0137221343
-8.7720577004 -1.9567546484 0.0137340919
-8.7521694100 -2.0483816862 0.0137469243
-8.7313650754 -2.1399884961 0.0137606357
-8.7096449539 -2.2315658694 0.0137752306
-8.6870093945 -2.3231045816 0.0137907137
-8.6634588391 -2.4145953937 0.0138070898
-8.6389938219 -2.5060290535 0.0138243641
-8.6136149697 -2.5973962960 0.0138425422
-8.5873230022 -2.6886878439 0.0138616297
-8.5601187318 -2.7798944096 0.0138816326
-8.5320030640 -2.8710066953 0.0139025573
-8.5029769974 -2.9620153940 0.0139244101
-8.4730416238 -3.0529111905 0.0139471981
-8.4421981281 -3.1436847627 0.0139709282
-8.4104477888 -3.2343267816 0.0139956079
-8.3777919774 -3.3248279133 0.0140212449
-8.3442321594 -3.4151788193 0.0140478472
-8.3097698931 -3.5053701573 0.0140754232
-8.2744068310 -3.5953925825 0.0141039814
-8.2381447186 -3.6852367485 0.0141335307
-8.2009853953 -3.7748933081 0.0141640806
-8.1629307939 -3.8643529141 0.0141956404
-8.1239829409 -3.9536062206 0.0142282203
-8.0841439562 -4.0426438836 0.0142618304
-8.0434160533 -4.1314565622 0.0142964814
-8.0018015391 -4.2200349193 0.0143321843
-7.9593028143 -4.3083696228 0.0143689504
-7.9159223725 -4.3964513464 0.0144067914
-7.8716628011 -4.4842707703 0.0144457194
-7.8265267806 -4.5718185829 0.0144857470
-7.7805170845 -4.6590854807 0.0145268869
-7.7336365798 -4.7460621703 0.0145691525
-7.6858882263 -4.8327393685 0.0146125575
-7.6372750766 -4.9191078038 0.0146571161
-7.5878002765 -5.0051582171 0.0147028427
-7.5374670640 -5.0908813626 0.0147497524
-7.4862787699 -5.1762680092 0.0147978607
-7.4342388174 -5.2613089407 0.0148471835
-7.3813507219 -5.3459949575 0.0148977372
-7.3276180909 -5.4303168771 0.0149495387
-7.2730446236 -5.5142655352 0.0150026054
-7.2176341112 -5.5978317867 0.0150569554
-7.1613904364 -5.6810065064 0.0151126069
-7.1043175731 -5.7637805903 0.0151695790
-7.0464195864 -5.8461449566 0.0152278914
-6.9877006323 -5.9280905461 0.0152875640
-6.9281649574 -6.0096083238 0.0153486177
-6.8678168989 -6.0906892794 0.0154110737
-6.8066608840 -6.1713244285 0.0154749540
-6.7447014301 -6.2515048135 0.0155402813
-6.6819431440 -6.3312215045 0.0156070787
-6.6183907219 -6.4104656002 0.0156753702
-6.5540489493 -6.4892282291 0.0157451803
-6.4889227004 -6.5675005503 0.0158165345
-6.4230169380 -6.6452737542 0.0158894588
-6.3563367128 -6.7225390639 0.0159639800
-6.2888871638 -6.7992877359 0.0160401258
-6.2206735173 -6.8755110609 0.0161179245
-6.1517010868 -6.9512003652 0.0161974054
-6.0819752727 -7.0263470110 0.0162785985
-6.0115015619 -7.1009423981 0.0163615349
-5.9402855274 -7.1749779642 0.0164462465
-5.8683328280 -7.2484451861 0.0165327659
-5.7956492079 -7.3213355806 0.0166211271
-5.7222404961 -7.3936407054 0.0167113648
-5.6481126064 -7.4653521603 0.0168035147
-5.5732715365 -7.5364615876 0.0168976137
-5.4977233680 -7.6069606734 0.0169936997
-5.4214742658 -7.6768411487 0.0170918119
-5.3445304776 -7.7460947898 0.0171919904
-5.2668983335 -7.8147134196 0.0172942767
-5.1885842457 -7.8826889083 0.0173987134
-5.1095947077 -7.9500131745 0.0175053444
-5.0299362941 -8.0166781860 0.0176142151
-4.9496156600 -8.0826759609 0.0177253721
-4.8686395407 -8.1479985680 0.0178388634
-4.7870147507 -8.2126381283 0.0179547385
-4.7047481839 -8.2765868157 0.0180730485
-4.6218468125 -8.3398368575 0.0181938459
-4.5383176867 -8.4023805359 0.0183171850
-4.4541679342 -8.4642101886 0.0184431217
-4.3694047596 -8.5253182095 0.0185717134
-4.2840354439 -8.5856970500 0.0187030198
-4.1980673439 -8.6453392195 0.0188371019
-4.1115078914 -8.7042372865 0.0189740231
-4.0243645932 -8.7623838794 0.0191138484
-3.9366450300 -8.8197716871 0.0192566452
-3.8483568559 -8.8763934606 0.0194024828
-3.7595077982 -8.9322420130 0.0195514329
-3.6701056561 -8.9873102208 0.0197035692
-3.5801583007 -9.0415910247 0.0198589682
-3.4896736741 -9.0950774304 0.0200177085
-3.3986597888 -9.1477625095 0.0201798716
-3.3071247270 -9.1996394002 0.0203455413
-3.2150766402 -9.2507013082 0.0205148044
-3.1225237483 -9.3009415077 0.0206877506
-3.0294743389 -9.3503533419 0.0208644723
-2.9359367670 -9.3989302240 0.0210450655
-2.8419194538 -9.4466656380 0.0212296288
-2.7474308867 -9.4935531395 0.0214182645
-2.6524796179 -9.5395863564 0.0216110784
-2.5570742641 -9.5847589899 0.0218081797
-2.4612235057 -9.6290648151 0.0220096815
-2.3649360863 -9.6724976818 0.0222157008
-2.2682208117 -9.7150515153 0.0224263584
-2.1710865492 -9.7567203174 0.0226417797
-2.0735422271 -9.7974981667 0.0228620942
-1.9755968338 -9.8373792199 0.0230874361
-1.8772594172 -9.8763577118 0.0233179443
-1.7785390837 -9.9144279571 0.0235537626
-1.6794449977 -9.9515843503 0.0237950402
-1.5799863808 -9.9878213665 0.0240419312
-1.4801725110 -10.0231335626 0.0242945958
-1.3800127219 -10.0575155777 0.0245531997
-1.2795164020 -10.0909621339 0.0248179148
-1.1786929940 -10.1234680369 0.0250889193
-1.0775519938 -10.1550281768 0.0253663981
-0.9761029499 -10.1856375288 0.0256505428
-0.8743554627 -10.2152911540 0.0259415523
-0.7723191834 -10.2439841997 0.0262396331
-0.6700038135 -10.2717119005 0.0265449995
-0.5674191038 -10.2984695790 0.0268578737
-0.4645748539 -10.3242526461 0.0271784869
-0.3614809109 -10.3490566016 0.0275070789
-0.2581471693 -10.3728770357 0.0278438989
-0.1545835693 -10.3957096284 0.0281892059
-0.0508000969 -10.4175501513 0.0285432691
0.0531932175 -10.4383944673 0.0289063683
0.1573862998 -10.4582385320 0.0292787945
0.2617690328 -10.4770783938 0.0296608502
0.3663312573 -10.4949101946 0.0300528504
0.4710627727 -10.5117301706 0.0304551226
0.5759533379 -10.5275346527 0.0308680079
0.6809926722 -10.5423200672 0.0312918611
0.7861704558 -10.5560829363 0.0317270520
0.8914763310 -10.5688198789 0.0321739656
0.9968999029 -10.5805276107 0.0326330030
1.1024307400 -10.5912029454 0.0331045823
1.2080583753 -10.6008427947 0.0335891391
1.3137723068 -10.6094441691 0.0340871278
1.4195619985 -10.6170041785 0.0345990223
1.5254168814 -10.6235200325 0.0351253167
1.6313263536 -10.6289890411 0.0356665268
1.7372797820 -10.6334086154 0.0362231908
1.8432665023 -10.6367762677 0.0367958707
1.9492758202 -10.6390896122 0.0373851534
2.0552970122 -10.6403463658 0.0379916516
2.1613193258 -10.6405443479 0.0386160057
2.2673319811 -10.6396814816 0.0392588853
2.3733241709 -10.6377557938 0.0399209899
2.4792850617 -10.6347654159 0.0406030508
2.5852037942 -10.6307085838 0.0413058336
2.6910694846 -10.6255836391 0.0420301388
2.7968712242 -10.6193890287 0.0427768039
2.9025980812 -10.6121233062 0.0435467064
3.0082391008 -10.6037851315 0.0443407644
3.1137833059 -10.5943732716 0.0451599398
3.2192196976 -10.5838866013 0.0460052403
3.3245372564 -10.5723241030 0.0468777223
3.4297249419 -10.5596848676 0.0477784925
3.5347716939 -10.5459680950 0.0487087121
3.6396664332 -10.5311730940 0.0496695986
3.7443980613 -10.5152992832 0.0506624294
3.8489554617 -10.4983461912 0.0516885454
3.9533274998 -10.4803134569 0.0527493541
4.0575030235 -10.4612008301 0.0538463332
4.1614708638 -10.4410081720 0.0549810356
4.2652198349 -10.4197354550 0.0561550921
4.3687387343 -10.3973827640 0.0573702171
4.4720163436 -10.3739502959 0.0586282131
4.5750414285 -10.3494383604 0.0599309751
4.6778027386 -10.3238473806 0.0612804973
4.7802890083 -10.2971778930 0.0626788774
4.8824889559 -10.2694305478 0.0641283232
4.9843912845 -10.2406061100 0.0656311602
5.0859846814 -10.2107054589 0.0671898362
5.1872578181 -10.1797295889 0.0688069306
5.2881993504 -10.1476796102 0.0704851619
5.3887979176 -10.1145567483 0.0722273943
5.4890421423 -10.0803623456 0.0740366493
5.5889206305 -10.0450978606 0.0759161128
5.6884219704 -10.0087648692 0.0778691456
5.7875347318 -9.9713650647 0.0798992957
5.8862474662 -9.9329002583 0.0820103074
5.9845487047 -9.8933723793 0.0842061339
6.0824269577 -9.8527834763 0.0864909526
6.1798707143 -9.8111357165 0.0888691754
6.2768684399 -9.7684313872 0.0913454643
6.3734085755 -9.7246728958 0.0939247506
6.4694795366 -9.6798627701 0.0966122463
6.5650697105 -9.6340036594 0.0994134630
6.6601674546 -9.5870983345 0.1023342369
6.7547610954 -9.5391496885 0.1053807412
6.8488389253 -9.4901607372 0.1085595084
6.9423891991 -9.4401346199 0.1118774602
7.0354001335 -9.3890746002 0.1153419294
7.1278599030 -9.3369840660 0.1189606800
7.2197566367 -9.2838665305 0.1227419358
7.3110784133 -9.2297256335 0.1266944271
7.4018132601 -9.1745651415 0.1308274041
7.4919491478 -9.1183889483 0.1351506725
7.5814739847 -9.0612010767 0.1396746373
7.6703756124 -9.0030056786 0.1444103461
7.7586418021 -8.9438070365 0.1493695155
7.8462602473 -8.8836095639 0.1545645841
7.9332185571 -8.8224178073 0.1600087679
8.0195042521 -8.7602364464 0.1657160960
8.1051047550 -8.6970702955 0.1717014708
8.1900073829 -8.6329243054 0.1779807363
8.2741993413 -8.5678035641 0.1845707224
8.3576677129 -8.5017132984 0.1914893204
8.4403994483 -8.4346588757 0.1987555593
8.5223813576 -8.3666458053 0.2063896661
8.6036000967 -8.2976797403 0.2144131614
8.6840421576 -8.2277664798 0.2228489365
8.7636938548 -8.1569119701 0.2317213461
8.8425413112 -8.0851223079 0.2410563123
8.9205704448 -8.0124037416 0.2508814189
8.9977669512 -7.9387626744 0.2612260347
9.0741162887 -7.8642056665 0.2721214206
9.1496036587 -7.7887394383 0.2836008679
9.2242139875 -7.7123708729 0.2956998227
9.2979319048 -7.6351070198 0.3084560403
9.3707417223 -7.5569550978 0.3219097284
9.4426274092 -7.4779224991 0.3361037206
9.5135725680 -7.3980167926 0.3510836410
9.5835604063 -7.3172457290 0.3668980971
9.6525737085 -7.2356172442 0.3835988703
9.7205948049 -7.1531394649 0.4012411282
9.7876055382 -7.0698207131 0.4198836462
9.8535872289 -6.9856695121 0.4395890396
9.9185206371 -6.9006945917 0.4604240184
9.9823859228 -6.8149048949 0.4824596457
10.0451626028 -6.7283095843 0.5057716206
10.1068295052 -6.6409180495 0.5304405733
10.1673647214 -6.5527399142 0.5565523738
10.2267455533 -6.4637850447 0.5841984647
10.2849484594 -6.3740635586 0.6134762048
10.3419489960 -6.2835858334 0.6444892308
10.3977217550 -6.1923625174 0.6773478432
10.4522402982 -6.1004045392 0.7121694032
10.5054770877 -6.0077231197 0.7490787486
10.5574034117 -5.9143297834 0.7882086327
10.6079893059 -5.8202363718 0.8297001751
10.6572034715 -5.7254550564 0.8737033304
10.7050131873 -5.6299983536 0.9203773734
10.7513842173 -5.5338791398 0.9698914005
10.7962807143 -5.4371106679 1.0224248390
10.8396651173 -5.3397065846 1.0781679695
10.8814980449 -5.2416809489 1.1373224570
10.9217381819 -5.1430482519 1.2001018849
10.9603421632 -5.0438234371 1.2667322872
10.9972644506 -4.9440219233 1.3374526777
11.0324572054 -4.8436596268 1.4125155687
11.0658701556 -4.7427529871 1.4921874723
11.0974504594 -4.6413189926 1.5767493722
11.1271425639 -4.5393752078 1.6664971634
11.1548880596 -4.4369398027 1.7617420455
11.1806255317 -4.3340315836 1.8628108572
11.2042904091 -4.2306700245 1.9700463369
11.2258148116 -4.1268753013 2.0838072931
11.2451273953 -4.0226683269 2.2044686705
11.2621531997 -3.9180707884 2.3324214869
11.2768134952 -3.8131051853 2.4680726184
11.2890256347 -3.7077948695 2.6118444078
11.2987029112 -3.6021640875 2.7641740680
11.3057544217 -3.4962380229 2.9255128530
11.3100849411 -3.3900428412 3.0963249576
11.3115948105 -3.2836057357 3.2770861085
11.3101798402 -3.1769549744 3.4682818128
11.3057312341 -3.0701199476 3.6704052176
11.2981355362 -2.9631312168 3.8839545455
11.2872746071 -2.8560205640 4.1094300440
11.2730256333 -2.7488210406 4.3473304119
11.2552611768 -2.6415670169 4.5981486550
11.2338492680 -2.5342942303 4.8623673343
11.2086535499 -2.4270398329 5.1404531395
11.1795334822 -2.3198424374 5.4328507444
11.1463446111 -2.2127421601 5.7399759362
11.1089389083 -2.1057806620 6.0622079982
11.0671651941 -1.9990011856 6.3998812416
11.0208696514 -1.8924485867 6.7532757562
10.9698964303 -1.7861693612 7.1226074347
10.9140883579 -1.6802116659 7.5080171603
10.8532877726 -1.5746253301 7.9095592268
10.7873374507 -1.4694618596 8.3271893858
10.7160816854 -1.3647744311 8.7607519574
10.6393674801 -1.2606178727 9.2099669417
10.5570458618 -1.1570486367 9.6744166931
10.4689733634 -1.0541247506 10.1535326924
10.3750135879 -0.9519057632 10.6465825369
10.2750389435 -0.8504526631 11.1526576151
10.1689324627 -0.7498277880 11.6706616105
10.0565897690 -0.6500947083 12.1993003104
9.9379210681 -0.5513180975 12.7370733194
9.8128533086 -0.4535635730 13.2822677099
9.6813322833 -0.3568975244 13.8329545513
9.5433248370 -0.2613869119 14.3869884576
9.3988210103 -0.1670990478 14.9420107557
9.2478361375 -0.0741013544 15.4954566550
9.0904128617 0.0175388999 16.0445668590
8.9266229964 0.1077548835 16.5864038450
8.7565691996 0.1964805024 17.1178730641
8.5803864092 0.2836507188 17.6357491344
8.3982429866 0.3692018816 18.1367069630
8.2103415238 0.4530720682 18.6173575698
8.0169192657 0.5352014332 19.0742882253
7.8182481078 0.6155325600 19.5041063686
7.6146341369 0.6940108105 19.9034864177
7.4064166881 0.7705846682 20.2692186641
7.1939669085 0.8452060702 20.5982590324
6.9776858085 0.9178307250 20.8877788490
6.7580018280 0.9884184056 21.1352128288
6.5353679385 1.0569332179 21.3383042098
6.3102583031 1.1233438397 21.4951458811
6.0831645345 1.1876237233 21.6042161355
5.8545916563 1.2497512590 21.6644077067
5.6250537992 1.3097098983 21.6750495462
5.3950696920 1.3674882333 21.6359204907
5.1651580895 1.4230800294 21.5472542095
4.9358331877 1.4764842133 21.4097354791
4.7076001168 1.5277048150 21.2244878396
4.4809505872 1.5767508655 20.9930528654
4.2563588050 1.6236362512 20.7173619647
4.0342776956 1.6683795299 20.3997014655
3.8151355082 1.7110037099 20.0426721144
3.5993328417 1.7515359955 19.6491439381
3.3872401566 1.7900075068 19.2222082726
3.1791957745 1.8264529757 18.7651280196
2.9755043739 1.8609104228 18.2812871956
2.7764359997 1.8934208206 17.7741412022
2.5822255618 1.9240277539 17.2471695501
2.3930727960 1.9527770676 16.7038305832
2.2091426692 1.9797165238 16.1475203248
2.0305661608 2.0048954624 15.5815358093
1.8574414208 2.0283644654 15.0090423820
1.6898352065 2.0501750413 14.4330466639
1.5277845758 2.0703793204 13.8563742525
1.3712987887 2.0890297667 13.2816523991
1.2203613545 2.1061789116 12.7112975939
1.0749321805 2.1218791067 12.1475076474
0.9349497846 2.1361822983 11.5922579154
0.8003335277 2.1491398235 11.0473012545
0.6709858338 2.1608022283 10.5141712554
0.5467943629 2.1712191076 9.9941882687
0.4276341125 2.1804389660 9.4884677334
0.3133694302 2.1885090989 8.9979303716
0.2038559145 2.1954754932 8.5233137883
0.0989421981 2.2013827463 8.0651850990
-0.0015283982 2.2062740016 7.6239542194
-0.0977163474 2.2101909006 7.1998874786
-0.1897845334 2.2131735482 6.7931212916
-0.2778970052 2.2152604927 6.4036756650
-0.3622178618 2.2164887162 6.0314673436
-0.4429102687 2.2168936361 5.6763224392
-0.5201355957 2.2165091158 5.3379884271
-0.5940526723 2.2153674831 5.0161454256
-0.6648171526 2.2134995563 4.7104167001
-0.7325809801 2.2109346754 4.4203783658
-0.7974919476 2.2077007384 4.1455682654
-0.8596933407 2.2038242424 3.8854940330
-0.9193236589 2.1993303267 3.6396403598
-0.9765164064 2.1942428195 3.4074754883
-1.0313999436 2.1885842860 3.1884569721
-1.0840973938 2.1823760777 2.9820367428
-1.1347265982 2.1756383830 2.7876655278
-1.1834001113 2.1683902774 2.6047966687
-1.2302252335 2.1606497744 2.4328893871
-1.2753040735 2.1524338753 2.2714115470
-1.3187336369 2.1437586192 2.1198419604
-1.3606059359 2.1346391313 1.9776722815
-1.4010081167 2.1250896703 1.8444085334
-1.4400226015 2.1151236751 1.7195723075
-1.4777272402 2.1047538094 1.6027016743
-1.5141954721 2.0939920051 1.4933518404
-1.5494964915 2.0828495044 1.3910955849
-1.5836954188 2.0713368998 1.2955235042
-1.6168534728 2.0594641727 1.2062440923
-1.6490281431 2.0472407308 1.1228836820
-1.6802733630 2.0346754427 1.0450862669
-1.7106396785 2.0217766723 0.9725132255
-1.7401744164 2.0085523104 0.9048429644
-1.7689218477 1.9950098052 0.8417704942
-1.7969233468 1.9811561914 0.7830069545
-1.8242175464 1.9669981174 0.7282790975
-1.8508404873 1.9525418714 0.6773287415
-1.8768257625 1.9377934056 0.6299122026
-1.9022046562 1.9227583597 0.5857997129
-1.9270062771 1.9074420825 0.5447748316
-1.9512576857 1.8918496523 0.5066338536
-1.9749840161 1.8759858966 0.4711852220
-1.9982085923 1.8598554100 0.4382489460
-2.0209530387 1.8434625717 0.4076560304
-2.0432373853 1.8268115609 0.3792479164
-2.0650801671 1.8099063725 0.3528759377
-2.0864985188 1.7927508308 0.3284007930
-2.1075082643 1.7753486029 0.3056920357
-2.1281240012 1.7577032111 0.2846275824
-2.1483591805 1.7398180443 0.2650932403
-2.1682261823 1.7216963691 0.2469822535
-2.1877363864 1.7033413398 0.2301948703
-2.2069002396 1.6847560076 0.2146379287
-2.2257273183 1.6659433299 0.2002244620
-2.2442263877 1.6469061782 0.1868733237
-2.2624054576 1.6276473457 0.1745088306
-2.2802718344 1.6081695547 0.1630604247
-2.2978321701 1.5884754631 0.1524623525
-2.3150925082 1.5685676706 0.1426533623
-2.3320583267 1.5484487245 0.1335764172
-2.3487345783 1.5281211250 0.1251784247
-2.3651257285 1.5075873303 0.1174099815
-2.3812357903 1.4868497609 0.1102251330
-2.3970683576 1.4659108042 0.1035811470
-2.4126266360 1.4447728185 0.0974383006
-2.4279134715 1.4234381364 0.0917596804
-2.4429313772 1.4019090684 0.0865109938
-2.4576825591 1.3801879061 0.0816603933
-2.4721689387 1.3582769250 0.0771783104
-2.4863921753 1.3361783871 0.0730373005
-2.5003536865 1.3138945439 0.0692118979
-2.5140546670 1.2914276379 0.0656784793
-2.5274961062 1.2687799056 0.0624151365
-2.5406788049 1.2459535788 0.0594015573
-2.5536033907 1.2229508866 0.0566189144
-2.5662703320 1.1997740573 0.0540497606
-2.5786799516 1.1764253193 0.0516779325
-2.5908324391 1.1529069035 0.0494884591
-2.6027278623 1.1292210434 0.0474674777
-2.6143661776 1.1053699773 0.0456021542
-2.6257472408 1.0813559486 0.0438806102
-2.6368708156 1.0571812074 0.0422918542
-2.6477365825 1.0328480109 0.0408257172
-2.6583441469 1.0083586243 0.0394727939
-2.6686930462 0.9837153220 0.0382243868
-2.6787827571 0.9589203876 0.0370724548
-2.6886127020 0.9339761147 0.0360095652
-2.6981822544 0.9088848079 0.0350288490
-2.7074907454 0.8836487826 0.0341239596
-2.7165374678 0.8582703658 0.0332890342
-2.7253216817 0.8327518964 0.0325186578
-2.7338426183 0.8070957255 0.0318078303
-2.7420994847 0.7813042169 0.0311519353
-2.7500914671 0.7553797470 0.0305467116
-2.7578177344 0.7293247052 0.0299882265
-2.7652774421 0.7031414942 0.0294728513
-2.7724697347 0.6768325299 0.0289972380
-2.7793937486 0.6504002417 0.0285582988
-2.7860486153 0.6238470725 0.0281531857
-2.7924334630 0.5971754788 0.0277792727
-2.7985474197 0.5703879308 0.0274341387
-2.8043896146 0.5434869123 0.0271155523
-2.8099591807 0.5164749209 0.0268214565
-2.8152552559 0.4893544677 0.0265499561
-2.8202769855 0.4621280775 0.0262993050
-2.8250235231 0.4347982887 0.0260678945
-2.8294940322 0.4073676531 0.0258542430
-2.8336876880 0.3798387360 0.0256569861
-2.8376036781 0.3522141160 0.0254748673
-2.8412412039 0.3244963851 0.0253067299
-2.8445994817 0.2966881480 0.0251515092
-2.8476777439 0.2687920228 0.0250082252
-2.8504752393 0.2408106403 0.0248759760
-2.8529912348 0.2127466438 0.0247539317
-2.8552250157 0.1846026896 0.0246413288
-2.8571758867 0.1563814458 0.0245374650
-2.8588431722 0.1280855931 0.0244416943
-2.8602262177 0.0997178242 0.0243534227
-2.8613243896 0.0712808435 0.0242721037
-2.8621370765 0.0427773671 0.0241972351
-2.8626636891 0.0142101225 0.0241283553
-2.8629036611 -0.0144181514 0.0240650397
-2.8628564498 -0.0431047049 0.0240068984
-2.8625215360 -0.0718467772 0.0239535728
-2.8618984249 -0.1006415972 0.0239047336
-2.8609866461 -0.1294863832 0.0238600782
-2.8597857545 -0.1583783434 0.0238193286
-2.8582953301 -0.1873146761 0.0237822297
-2.8565149784 -0.2162925700 0.0237485469
-2.8544443312 -0.2453092041 0.0237180650
-2.8520830460 -0.2743617486 0.0236905865
-2.8494308071 -0.3034473642 0.0236659299
-2.8464873254 -0.3325632035 0.0236439288
-2.8432523387 -0.3617064101 0.0236244304
-2.8397256120 -0.3908741198 0.0236072946
-2.8359069375 -0.4200634601 0.0235923930
-2.8317961352 -0.4492715511 0.0235796076
-2.8273930525 -0.4784955053 0.0235688304
-2.8226975648 -0.5077324281 0.0235599624
-2.8177095757 -0.5369794180 0.0235529128
-2.8124290166 -0.5662335669 0.0235475985
-2.8068558477 -0.5954919601 0.0235439433
-2.8009900572 -0.6247516771 0.0235418776
-2.7948316621 -0.6540097915 0.0235413377
-2.7883807081 -0.6832633713 0.0235422651
-2.7816372696 -0.7125094792 0.0235446065
-2.7746014499 -0.7417451731 0.0235483133
-2.7672733814 -0.7709675059 0.0235533409
-2.7596532253 -0.8001735262 0.0235596488
-2.7517411722 -0.8293602786 0.0235672000
-2.7435374418 -0.8585248037 0.0235759606
-2.7350422832 -0.8876641385 0.0235859001
-2.7262559747 -0.9167753166 0.0235969905
-2.7171788242 -0.9458553690 0.0236092064
-2.7078111688 -0.9749013235 0.0236225250
-2.6981533754 -1.0039102058 0.0236369253
-2.6882058403 -1.0328790393 0.0236523885
-2.6779689893 -1.0618048457 0.0236688978
-2.6674432781 -1.0906846450 0.0236864379
-2.6566291918 -1.1195154559 0.0237049950
-2.6455272455 -1.1482942964 0.0237245570
-2.6341379835 -1.1770181837 0.0237451128
-2.6224619804 -1.2056841344 0.0237666530
-2.6104998402 -1.2342891654 0.0237891689
-2.5982521967 -1.2628302936 0.0238126530
-2.5857197136 -1.2913045365 0.0238370989
-2.5729030841 -1.3197089123 0.0238625009
-2.5598030313 -1.3480404405 0.0238888543
-2.5464203083 -1.3762961419 0.0239161550
-2.5327556974 -1.4044730390 0.0239444000
-2.5188100112 -1.4325681566 0.0239735864
-2.5045840917 -1.4605785213 0.0240037124
-2.4900788106 -1.4885011628 0.0240347765
-2.4752950694 -1.5163331135 0.0240667779
-2.4602337992 -1.5440714091 0.0240997162
-2.4448959607 -1.5717130888 0.0241335916
-2.4292825443 -1.5992551957 0.0241684046
-2.4133945697 -1.6266947770 0.0242041562
-2.3972330866 -1.6540288842 0.0242408478
-2.3807991736 -1.6812545738 0.0242784810
-2.3640939390 -1.7083689073 0.0243170579
-2.3471185207 -1.7353689514 0.0243565810
-2.3298740855 -1.7622517786 0.0243970530
-2.3123618298 -1.7890144674 0.0244384768
-2.2945829791 -1.8156541025 0.0244808557
-2.2765387879 -1.8421677750 0.0245241934
-2.2582305402 -1.8685525832 0.0245684935
-2.2396595486 -1.8948056324 0.0246137601
-2.2208271548 -1.9209240356 0.0246599974
-2.2017347295 -1.9469049132 0.0247072100
-2.1823836720 -1.9727453941 0.0247554026
-2.1627754104 -1.9984426154 0.0248045801
-2.1429114016 -2.0239937229 0.0248547475
-2.1227931308 -2.0493958714 0.0249059102
-2.1024221117 -2.0746462253 0.0249580737
-2.0817998865 -2.0997419582 0.0250112436
-2.0609280256 -2.1246802538 0.0250654258
-2.0398081275 -2.1494583060 0.0251206264
-2.0184418189 -2.1740733195 0.0251768514
-1.9968307543 -2.1985225093 0.0252341072
-1.9749766163 -2.2228031019 0.0252924005
-1.9528811150 -2.2469123353 0.0253517379
-1.9305459882 -2.2708474588 0.0254121261
-1.9079730013 -2.2946057341 0.0254735723
-1.8851639471 -2.3181844351 0.0255360835
-1.8621206455 -2.3415808484 0.0255996671
-1.8388449437 -2.3647922734 0.0256643306
-1.8153387159 -2.3878160228 0.0257300815
-1.7916038630 -2.4106494229 0.0257969277
-1.7676423130 -2.4332898135 0.0258648769
-1.7434560202 -2.4557345488 0.0259339374
-1.7190469655 -2.4779809973 0.0260041172
-1.6944171560 -2.5000265423 0.0260754248
-1.6695686253 -2.5218685818 0.0261478687
-1.6445034326 -2.5435045295 0.0262214575
-1.6192236632 -2.5649318143 0.0262962000
-1.5937314282 -2.5861478810 0.0263721051
-1.5680288641 -2.6071501907 0.0264491820
-1.5421181329 -2.6279362210 0.0265274399
-1.5160014218 -2.6485034658 0.0266068881
-1.4896809429 -2.6688494365 0.0266875362
-1.4631589336 -2.6889716615 0.0267693939
-1.4364376556 -2.7088676868 0.0268524711
-1.4095193955 -2.7285350763 0.0269367776
-1.3824064640 -2.7479714121 0.0270223236
-1.3551011961 -2.7671742945 0.0271091194
-1.3276059508 -2.7861413427 0.0271971755
-1.2999231110 -2.8048701948 0.0272865023
-1.2720550830 -2.8233585080 0.0273771107
-1.2440042969 -2.8416039593 0.0274690115
-1.2157732056 -2.8596042453 0.0275622157
-1.1873642855 -2.8773570827 0.0276567346
-1.1587800355 -2.8948602085 0.0277525794
-1.1300229772 -2.9121113802 0.0278497617
-1.1010956548 -2.9291083765 0.0279482931
-1.0720006347 -2.9458489969 0.0280481854
-1.0427405050 -2.9623310625 0.0281494505
-1.0133178761 -2.9785524158 0.0282521006
-0.9837353796 -2.9945109215 0.0283561480
-0.9539956685 -3.0102044664 0.0284616050
-0.9241014172 -3.0256309596 0.0285684843
-0.8940553209 -3.0407883330 0.0286767985
-0.8638600953 -3.0556745415 0.0287865607
-0.8335184767 -3.0702875630 0.0288977838
-0.8030332219 -3.0846253990 0.0290104810
-0.7724071072 -3.0986860747 0.0291246658
-0.7416429291 -3.1124676392 0.0292403517
-0.7107435033 -3.1259681656 0.0293575523
-0.6797116650 -3.1391857519 0.0294762816
-0.6485502684 -3.1521185202 0.0295965535
-0.6172621865 -3.1647646179 0.0297183822
-0.5858503106 -3.1771222174 0.0298417820
-0.5543175507 -3.1891895165 0.0299667675
-0.5226668346 -3.2009647386 0.0300933534
-0.4909011078 -3.2124461329 0.0302215543
-0.4590233336 -3.2236319748 0.0303513853
-0.4270364924 -3.2345205658 0.0304828615
-0.3949435815 -3.2451102340 0.0306159983
-0.3627476151 -3.2553993344 0.0307508111
-0.3304516239 -3.2653862488 0.0308873154
-0.2980586547 -3.2750693861 0.0310255271
-0.2655717703 -3.2844471828 0.0311654621
-0.2329940491 -3.2935181029 0.0313071365
-0.2003285848 -3.3022806381 0.0314505665
-0.1675784864 -3.3107333084 0.0315957684
-0.1347468777 -3.3188746619 0.0317427590
-0.1018368968 -3.3267032749 0.0318915548
-0.0688516964 -3.3342177527 0.0320421726
-0.0357944430 -3.3414167293 0.0321946296
-0.0026683168 -3.3482988677 0.0323489428
0.0305234887 -3.3548628601 0.0325051296
0.0637777668 -3.3611074282 0.0326632073
0.0970912979 -3.3670313232 0.0328231936
0.1304608500 -3.3726333262 0.0329851061
0.1638831788 -3.3779122482 0.0331489627
0.1973550283 -3.3828669304 0.0333147815
0.2308731307 -3.3874962443 0.0334825805
0.2644342067 -3.3917990918 0.0336523780
0.2980349664 -3.3957744058 0.0338241924
0.3316721090 -3.3994211498 0.0339980421
0.3653423231 -3.4027383183 0.0341739458
0.3990422877 -3.4057249371 0.0343519223
0.4327686715 -3.4083800632 0.0345319904
0.4665181341 -3.4107027854 0.0347141690
0.5002873258 -3.4126922237 0.0348984773
0.5340728881 -3.4143475304 0.0350849343
0.5678714540 -3.4156678895 0.0352735595
0.6016796483 -3.4166525170 0.0354643720
0.6354940879 -3.4173006614 0.0356573913
0.6693113822 -3.4176116036 0.0358526371
0.7031281334 -3.4175846567 0.0360501288
0.7369409368 -3.4172191670 0.0362498862
0.7707463809 -3.4165145131 0.0364519289
0.8045410483 -3.4154701068 0.0366562767
0.8383215154 -3.4140853930 0.0368629495
0.8720843532 -3.4123598496 0.0370719672
0.9058261274 -3.4102929880 0.0372833496
0.9395433988 -3.4078843529 0.0374971166
0.9732327235 -3.4051335225 0.0377132883
1.0068906534 -3.4020401087 0.0379318846
1.0405137367 -3.3986037574 0.0381529253
1.0740985177 -3.3948241479 0.0383764306
1.1076415376 -3.3907009938 0.0386024202
1.1411393348 -3.3862340426 0.0388309142
1.1745884450 -3.3814230762 0.0390619323
1.2079854019 -3.3762679104 0.0392954944
1.2413267370 -3.3707683956 0.0395316202
1.2746089806 -3.3649244166 0.0397703293
1.3078286615 -3.3587358925 0.0400116415
1.3409823082 -3.3522027773 0.0402555761
1.3740664481 -3.3453250594 0.0405021526
1.4070776088 -3.3381027621 0.0407513901
1.4400123182 -3.3305359435 0.0410033078
1.4728671045 -3.3226246963 0.0412579247
1.5056384969 -3.3143691486 0.0415152594
1.5383230260 -3.3057694631 0.0417753307
1.5709172239 -3.2968258377 0.0420381569
1.6034176247 -3.2875385055 0.0423037561
1.6358207648 -3.2779077345 0.0425721464
1.6681231833 -3.2679338281 0.0428433453
1.7003214224 -3.2576171249 0.0431173703
1.7324120275 -3.2469579987 0.0433942385
1.7643915480 -3.2359568586 0.0436739667
1.7962565372 -3.2246141492 0.0439565713
1.8280035529 -3.2129303503 0.0442420684
1.8596291579 -3.2009059772 0.0445304738
1.8911299198 -3.1885415805 0.0448218028
1.9225024122 -3.1758377464 0.0451160702
1.9537432141 -3.1627950964 0.0454132906
1.9848489112 -3.1494142874 0.0457134779
2.0158160955 -3.1356960120 0.0460166455
2.0466413661 -3.1216409981 0.0463228064
2.0773213294 -3.1072500091 0.0466319730
2.1078525995 -3.0925238437 0.0469441572
2.1382317986 -3.0774633364 0.0472593700
2.1684555571 -3.0620693569 0.0475776221
2.1985205145 -3.0463428104 0.0478989235
2.2284233192 -3.0302846373 0.0482232831
2.2581606293 -3.0138958137 0.0485507096
2.2877291123 -2.9971773510 0.0488812107
2.3171254464 -2.9801302957 0.0492147932
2.3463463203 -2.9627557298 0.0495514631
2.3753884335 -2.9450547704 0.0498912258
2.4042484967 -2.9270285702 0.0502340855
2.4329232326 -2.9086783165 0.0505800455
2.4614093758 -2.8900052322 0.0509291083
2.4897036729 -2.8710105750 0.0512812751
2.5178028838 -2.8516956378 0.0516365464
2.5457037811 -2.8320617483 0.0519949213
2.5734031514 -2.8121102692 0.0523563979
2.6008977944 -2.7918425980 0.0527209731
2.6281845243 -2.7712601669 0.0530886426
2.6552601701 -2.7503644429 0.0534594008
2.6821215756 -2.7291569276 0.0538332407
2.7087655996 -2.7076391569 0.0542101542
2.7351891165 -2.6858127014 0.0545901317
2.7613890171 -2.6636791660 0.0549731620
2.7873622083 -2.6412401898 0.0553592325
2.8131056137 -2.6184974460 0.0557483291
2.8386161738 -2.5954526421 0.0561404362
2.8638908467 -2.5721075192 0.0565355364
2.8889266083 -2.5484638526 0.0569336106
2.9137204526 -2.5245234510 0.0573346380
2.9382693920 -2.5002881570 0.0577385961
2.9625704574 -2.4757598467 0.0581454605
2.9866206996 -2.4509404293 0.0585552050
3.0104171884 -2.4258318475 0.0589678012
3.0339570140 -2.4004360770 0.0593832189
3.0572372860 -2.3747551265 0.0598014257
3.0802551350 -2.3487910378 0.0602223874
3.1030077127 -2.3225458849 0.0606460674
3.1254921924 -2.2960217748 0.0610724269
3.1477057685 -2.2692208465 0.0615014245
3.1696456571 -2.2421452718 0.0619330172
3.1913090969 -2.2147972543 0.0623671592
3.2126933496 -2.1871790295 0.0628038023
3.2337956998 -2.1592928646 0.0632428957
3.2546134556 -2.1311410585 0.0636843861
3.2751439484 -2.1027259414 0.0641282176
3.2953845332 -2.0740498754 0.0645743320
3.3153325899 -2.0451152530 0.0650226680
3.3349855233 -2.0159244979 0.0654731616
3.3543407635 -1.9864800640 0.0659257460
3.3733957656 -1.9567844362 0.0663803513
3.3921480105 -1.9268401294 0.0668369050
3.4105950042 -1.8966496894 0.0672953316
3.4287342798 -1.8662156914 0.0677555528
3.4465633975 -1.8355407402 0.0682174867
3.4640799444 -1.8046274699 0.0686810486
3.4812815349 -1.7734785441 0.0691461504
3.4981658112 -1.7420966555 0.0696127008
3.5147304427 -1.7104845260 0.0700806056
3.5309731273 -1.6786449061 0.0705497673
3.5468915922 -1.6465805743 0.0710200846
3.5624835934 -1.6142943372 0.0714914532
3.5777469162 -1.5817890295 0.0719637652
3.5926793755 -1.5490675135 0.0724369091
3.6072788153 -1.5161326795 0.0729107703
3.6215431104 -1.4829874447 0.0733852307
3.6354701662 -1.4496347532 0.0738601684
3.6490579189 -1.4160775754 0.0743354580
3.6623043360 -1.3823189087 0.0748109706
3.6752074161 -1.3483617762 0.0752865734
3.6877651892 -1.3142092278 0.0757621305
3.6999757175 -1.2798643386 0.0762375022
3.7118370959 -1.2453302088 0.0767125451
3.7233474517 -1.2106099638 0.0771871120
3.7345049451 -1.1757067538 0.0776610523
3.7453077693 -1.1406237539 0.0781342116
3.7557541507 -1.1053641636 0.0786064322
3.7658423496 -1.0699312061 0.0790775525
3.7755706606 -1.0343281280 0.0795474076
3.7849374124 -0.9985581996 0.0800158285
3.7939409683 -0.9626247140 0.0804826432
3.8025797260 -0.9265309878 0.0809476759
3.8108521181 -0.8902803599 0.0814107476
3.8187566133 -0.8538761911 0.0818716757
3.8262917154 -0.8173218640 0.0823302742
3.8334559643 -0.7806207826 0.0827863538
3.8402479355 -0.7437763728 0.0832397220
3.8466662409 -0.7067920815 0.0836901831
3.8527095290 -0.6696713756 0.0841375383
3.8583764853 -0.6324177426 0.0845815859
3.8636658323 -0.5950346895 0.0850221209
3.8685763296 -0.5575257433 0.0854589357
3.8731067739 -0.5198944509 0.0858918199
3.8772560000 -0.4821443773 0.0863205605
3.8810228806 -0.4442791063 0.0867449420
3.8844063265 -0.4063022400 0.0871647462
3.8874052867 -0.3682173982 0.0875797530
3.8900187484 -0.3300282191 0.0879897398
3.8922457380 -0.2917383574 0.0883944822
3.8940853207 -0.2533514846 0.0887937540
3.8955366006 -0.2148712891 0.0891873271
3.8965987210 -0.1763014751 0.0895749719
3.8972708648 -0.1376457632 0.0899564575
3.8975522545 -0.0989078887 0.0903315518
3.8974421523 -0.0600916024 0.0907000216
3.8969398602 -0.0212006696 0.0910616330
3.8960447204 0.0177611299 0.0914161513
3.8947561154 0.0567900025 0.0917633416
3.8930734679 0.0958821409 0.0921029687
3.8909962410 0.1350337247 0.0924347973
3.8885239388 0.1742409208 0.0927585925
3.8856561058 0.2134998833 0.0930741198
3.8823923274 0.2528067545 0.0933811455
3.8787322301 0.2921576651 0.0936794367
3.8746754814 0.3315487345 0.0939687618
3.8702217899 0.3709760708 0.0942488905
3.8653709057 0.4104357721 0.0945195946
3.8601226199 0.4499239262 0.0947806474
3.8544767654 0.4894366114 0.0950318249
3.8484332162 0.5289698962 0.0952729052
3.8419918882 0.5685198404 0.0955036694
3.8351527387 0.6080824956 0.0957239019
3.8279157669 0.6476539050 0.0959333901
3.8202810134 0.6872301040 0.0961319252
3.8122485608 0.7268071205 0.0963193024
3.8038185333 0.7663809761 0.0964953210
3.7949910971 0.8059476856 0.0966597851
3.7857664602 0.8455032576 0.0968125031
3.7761448722 0.8850436947 0.0969532890
3.7661266247 0.9245649947 0.0970819621
3.7557120511 0.9640631505 0.0971983472
3.7449015267 1.0035341504 0.0973022753
3.7336954686 1.0429739786 0.0973935835
3.7220943354 1.0823786153 0.0974721154
3.7100986278 1.1217440382 0.0975377218
3.6977088879 1.1610662217 0.0975902603
3.6849256997 1.2003411380 0.0976295959
3.6717496886 1.2395647568 0.0976556013
3.6581815218 1.2787330466 0.0976681573
3.6442219076 1.3178419748 0.0976671527
3.6298715961 1.3568875081 0.0976524847
3.6151313784 1.3958656123 0.0976240592
3.6000020870 1.4347722535 0.0975817910
3.5844845955 1.4736033985 0.0975256042
3.5685798187 1.5123550150 0.0974554320
3.5522887119 1.5510230717 0.0973712173
3.5356122718 1.5896035388 0.0972729126
3.5185515354 1.6280923891 0.0971604805
3.5011075804 1.6664855977 0.0970338936
3.4832815250 1.7047791430 0.0968931347
3.4650745277 1.7429690061 0.0967381970
3.4464877872 1.7810511720 0.0965690845
3.4275225422 1.8190216302 0.0963858114
3.4081800712 1.8568763747 0.0961884030
3.3884616926 1.8946114045 0.0959768953
3.3683687644 1.9322227234 0.0957513351
3.3479026838 1.9697063415 0.0955117803
3.3270648873 2.0070582753 0.0952582998
3.3058568506 2.0442745478 0.0949909735
3.2842800882 2.0813511886 0.0947098922
3.2623361532 2.1182842348 0.0944151578
3.2400266373 2.1550697314 0.0941068833
3.2173531706 2.1917037321 0.0937851924
3.1943174212 2.2281822987 0.0934502197
3.1709210952 2.2645015018 0.0931021109
3.1471659365 2.3006574216 0.0927410219
3.1230537264 2.3366461483 0.0923671194
3.0985862836 2.3724637824 0.0919805805
3.0737654638 2.4081064348 0.0915815926
3.0485931600 2.4435702269 0.0911703532
3.0230713015 2.4788512918 0.0907470695
2.9972018542 2.5139457747 0.0903119585
2.9709868203 2.5488498330 0.0898652466
2.9444282379 2.5835596361 0.0894071696
2.9175281814 2.6180713663 0.0889379722
2.8902887604 2.6523812192 0.0884579075
2.8627121199 2.6864854048 0.0879672373
2.8348004401 2.7203801467 0.0874662312
2.8065559364 2.7540616830 0.0869551667
2.7779808588 2.7875262659 0.0864343291
2.7490774918 2.8207701636 0.0859040101
2.7198481541 2.8537896599 0.0853645083
2.6902951984 2.8865810544 0.0848161288
2.6604210114 2.9191406631 0.0842591825
2.6302280137 2.9514648179 0.0836939863
2.5997186589 2.9835498685 0.0831208617
2.5688954337 3.0153921822 0.0825401348
2.5377608580 3.0469881438 0.0819521366
2.5063174842 3.0783341562 0.0813572017
2.4745678978 3.1094266405 0.0807556684
2.4425147160 3.1402620372 0.0801478776
2.4101605881 3.1708368058 0.0795341728
2.3775081954 3.2011474258 0.0789148999
2.3445602510 3.2311903960 0.0782904066
2.3113194994 3.2609622357 0.0776610415
2.2777887160 3.2904594850 0.0770271541
2.2439707073 3.3196787051 0.0763890942
2.2098683108 3.3486164784 0.0757472116
2.1754843945 3.3772694090 0.0751018556
2.1408218567 3.4056341230 0.0744533743
2.1058836258 3.4337072692 0.0738021145
2.0706726601 3.4614855189 0.0731484211
2.0351919479 3.4889655665 0.0724926370
1.9994445069 3.5161441300 0.0718351021
1.9634333838 3.5430179511 0.0711761531
1.9271616550 3.5695837955 0.0705161238
1.8906324253 3.5958384535 0.0698553436
1.8538488284 3.6217787403 0.0691941379
1.8168140265 3.6474014960 0.0685328274
1.7795312101 3.6727035863 0.0678717280
1.7420035977 3.6976819027 0.0672111502
1.7042344358 3.7223333628 0.0665513989
1.6662269984 3.7466549107 0.0658927731
1.6279845872 3.7706435172 0.0652355657
1.5895105309 3.7942961804 0.0645800629
1.5508081854 3.8176099256 0.0639265443
1.5118809335 3.8405818062 0.0632752827
1.4727321845 3.8632089033 0.0626265432
1.4333653742 3.8854883268 0.0619805840
1.3937839647 3.9074172151 0.0613376553
1.3539914438 3.9289927357 0.0606979996
1.3139913255 3.9502120855 0.0600618516
1.2737871491 3.9710724910 0.0594294377
1.2333824794 3.9915712090 0.0588009761
1.1927809062 4.0117055262 0.0581766769
1.1519860444 4.0314727602 0.0575567413
1.1110015334 4.0508702595 0.0569413625
1.0698310374 4.0698954037 0.0563307249
1.0284782443 4.0885456042 0.0557250042
0.9869468666 4.1068183041 0.0551243678
0.9452406401 4.1247109786 0.0545289742
0.9033633246 4.1422211355 0.0539389733
0.8613187028 4.1593463153 0.0533545067
0.8191105806 4.1760840915 0.0527757071
0.7767427868 4.1924320711 0.0522026990
0.7342191727 4.2083878947 0.0516355981
0.6915436119 4.2239492367 0.0510745122
0.6487199999 4.2391138058 0.0505195405
0.6057522544 4.2538793454 0.0499707743
0.5626443141 4.2682436335 0.0494282969
0.5194001393 4.2822044832 0.0488921833
0.4760237113 4.2957597430 0.0483625013
0.4325190318 4.3089072971 0.0478393108
0.3888901233 4.3216450655 0.0473226644
0.3451410280 4.3339710046 0.0468126073
0.3012758084 4.3458831071 0.0463091778
0.2572985462 4.3573794025 0.0458124071
0.2132133424 4.3684579573 0.0453223198
0.1690243171 4.3791168754 0.0448389341
0.1247356088 4.3893542979 0.0443622616
0.0803513746 4.3991684041 0.0438923082
0.0358757892 4.4085574111 0.0434290736
-0.0086869547 4.4175195744 0.0429725520
-0.0533326472 4.4260531881 0.0425227320
-0.0980570613 4.4341565850 0.0420795972
-0.1428559536 4.4418281371 0.0416431259
-0.1877250639 4.4490662555 0.0412132919
-0.2326601166 4.4558693910 0.0407900642
-0.2776568200 4.4622360342 0.0403734077
-0.3227108673 4.4681647156 0.0399632829
-0.3678179369 4.4736540061 0.0395596467
-0.4129736926 4.4787025168 0.0391624520
-0.4581737838 4.4833088997 0.0387716486
-0.5034138465 4.4874718478 0.0383871826
-0.5486895030 4.4911900951 0.0380089976
-0.5939963627 4.4944624169 0.0376370339
-0.6393300222 4.4972876301 0.0372712294
-0.6846860660 4.4996645935 0.0369115195
-0.7300600667 4.5015922077 0.0365578375
-0.7754475854 4.5030694156 0.0362101144
-0.8208441722 4.5040952025 0.0358682797
-0.8662453665 4.5046685961 0.0355322608
-0.9116466974 4.5047886669 0.0352019839
-0.9570436844 4.5044545284 0.0348773739
-1.0024318372 4.5036653374 0.0345583543
-1.0478066571 4.5024202936 0.0342448477
-1.0931636362 4.5007186405 0.0339367758
-1.1384982588 4.4985596651 0.0336340598
-1.1838060016 4.4959426982 0.0333366201
-1.2290823338 4.4928671148 0.0330443766
-1.2743227178 4.4893323337 0.0327572491
-1.3195226098 4.4853378182 0.0324751572
-1.3646774597 4.4808830761 0.0321980203
-1.4097827124 4.4759676596 0.0319257578
-1.4548338071 4.4705911656 0.0316582895
-1.4998261790 4.4647532362 0.0313955352
-1.5447552589 4.4584535581 0.0311374150
-1.5896164736 4.4516918635 0.0308838498
-1.6344052472 4.4444679294 0.0306347604
-1.6791170007 4.4367815787 0.0303900688
-1.7237471528 4.4286326794 0.0301496972
-1.7682911202 4.4200211452 0.0299135687
-1.8127443187 4.4109469356 0.0296816072
-1.8571021625 4.4014100560 0.0294537372
-1.9013600658 4.3914105573 0.0292298845
-1.9455134427 4.3809485370 0.0290099754
-1.9895577077 4.3700241381 0.0287939373
-2.0334882763 4.3586375502 0.0285816988
-2.0773005653 4.3467890091 0.0283731893
-2.1209899935 4.3344787967 0.0281683394
-2.1645519822 4.3217072416 0.0279670807
-2.2079819552 4.3084747188 0.0277693460
-2.2512753398 4.2947816496 0.0275750692
-2.2944275673 4.2806285024 0.0273841852
-2.3374340728 4.2660157917 0.0271966304
-2.3802902966 4.2509440790 0.0270123420
-2.4229916839 4.2354139726 0.0268312588
-2.4655336859 4.2194261274 0.0266533203
-2.5079117597 4.2029812451 0.0264784676
-2.5501213693 4.1860800745 0.0263066427
-2.5921579856 4.1687234110 0.0261377890
-2.6340170875 4.1509120970 0.0259718509
-2.6756941616 4.1326470219 0.0258087741
-2.7171847033 4.1139291218 0.0256485054
-2.7584842172 4.0947593798 0.0254909928
-2.7995882171 4.0751388261 0.0253361854
-2.8404922271 4.0550685376 0.0251840335
-2.8811917818 4.0345496382 0.0250344886
-2.9216824267 4.0135832986 0.0248875029
-2.9619597188 3.9921707365 0.0247430303
-3.0020192271 3.9703132165 0.0246010254
-3.0418565329 3.9480120498 0.0244614438
-3.0814672306 3.9252685945 0.0243242425
-3.1208469278 3.9020842556 0.0241893792
-3.1599912462 3.8784604846 0.0240568127
-3.1988958215 3.8543987798 0.0239265030
-3.2375563046 3.8299006860 0.0237984107
-3.2759683614 3.8049677947 0.0236724977
-3.3141276737 3.7796017437 0.0235487266
-3.3520299395 3.7538042174 0.0234270611
-3.3896708737 3.7275769464 0.0233074658
-3.4270462080 3.7009217077 0.0231899059
-3.4641516921 3.6738403245 0.0230743478
-3.5009830938 3.6463346659 0.0229607586
-3.5375361992 3.6184066473 0.0228491062
-3.5738068139 3.5900582299 0.0227393594
-3.6097907626 3.5612914206 0.0226314877
-3.6454838904 3.5321082722 0.0225254613
-3.6808820625 3.5025108829 0.0224212514
-3.7159811654 3.4725013966 0.0223188297
-3.7507771065 3.4420820025 0.0222181688
-3.7852658156 3.4112549348 0.0221192417
-3.8194432445 3.3800224732 0.0220220224
-3.8533053676 3.3483869421 0.0219264855
-3.8868481829 3.3163507109 0.0218326060
-3.9200677117 3.2839161934 0.0217403599
-3.9529599999 3.2510858483 0.0216497236
-3.9855211174 3.2178621785 0.0215606741
-4.0177471595 3.1842477311 0.0214731890
-4.0496342470 3.1502450973 0.0213872465
-4.0811785263 3.1158569122 0.0213028254
-4.1123761705 3.0810858546 0.0212199049
-4.1432233793 3.0459346469 0.0211384649
-4.1737163796 3.0104060547 0.0210584858
-4.2038514263 2.9745028870 0.0209799483
-4.2336248020 2.9382279955 0.0209028338
-4.2630328181 2.9015842749 0.0208271242
-4.2920718150 2.8645746624 0.0207528016
-4.3207381622 2.8272021375 0.0206798488
-4.3490282596 2.7894697219 0.0206082490
-4.3769385367 2.7513804794 0.0205379859
-4.4044654542 2.7129375152 0.0204690434
-4.4316055036 2.6741439762 0.0204014059
-4.4583552082 2.6350030506 0.0203350584
-4.4847111229 2.5955179674 0.0202699861
-4.5106698351 2.5556919967 0.0202061747
-4.5362279652 2.5155284489 0.0201436100
-4.5613821663 2.4750306748 0.0200822785
-4.5861291255 2.4342020652 0.0200221669
-4.6104655636 2.3930460507 0.0199632624
-4.6343882360 2.3515661014 0.0199055522
-4.6578939326 2.3097657267 0.0198490242
-4.6809794786 2.2676484749 0.0197936665
-4.7036417350 2.2252179332 0.0197394675
-4.7258775983 2.1824777268 0.0196864159
-4.7476840016 2.1394315196 0.0196345007
-4.7690579147 2.0960830130 0.0195837112
-4.7899963446 2.0524359460 0.0195340371
-4.8104963355 2.0084940948 0.0194854683
-4.8305549696 1.9642612728 0.0194379950
-4.8501693674 1.9197413299 0.0193916077
-4.8693366878 1.8749381523 0.0193462971
-4.8880541289 1.8298556622 0.0193020542
-4.9063189278 1.7844978176 0.0192588703
-4.9241283616 1.7388686118 0.0192167370
-4.9414797472 1.6929720734 0.0191756460
-4.9583704419 1.6468122653 0.0191355894
-4.9747978438 1.6003932852 0.0190965595
-4.9907593920 1.5537192644 0.0190585487
-5.0062525672 1.5067943684 0.0190215499
-5.0212748915 1.4596227956 0.0189855561
-5.0358239294 1.4122087777 0.0189505604
-5.0498972876 1.3645565789 0.0189165563
-5.0634926157 1.3166704958 0.0188835376
-5.0766076063 1.2685548567 0.0188514980
-5.0892399954 1.2202140216 0.0188204317
-5.1013875626 1.1716523817 0.0187903330
-5.1130481316 1.1228743590 0.0187611965
-5.1242195705 1.0738844057 0.0187330169
-5.1348997918 1.0246870043 0.0187057891
-5.1450867530 0.9752866668 0.0186795083
-5.1547784571 0.9256879345 0.0186541698
-5.1639729522 0.8758953775 0.0186297692
-5.1726683324 0.8259135945 0.0186063023
-5.1808627379 0.7757472121 0.0185837648
-5.1885543552 0.7254008846 0.0185621531
-5.1957414175 0.6748792936 0.0185414634
-5.2024222049 0.6241871473 0.0185216922
-5.2085950446 0.5733291807 0.0185028362
-5.2142583114 0.5223101544 0.0184848922
-5.2194104276 0.4711348547 0.0184678574
-5.2240498638 0.4198080932 0.0184517290
-5.2281751384 0.3683347059 0.0184365044
-5.2317848184 0.3167195534 0.0184221813
-5.2348775198 0.2649675198 0.0184087573
-5.2374519071 0.2130835128 0.0183962305
-5.2395066941 0.1610724630 0.0183845990
-5.2410406443 0.1089393235 0.0183738611
-5.2420525704 0.0566890694 0.0183640153
-5.2425413352 0.0043266975 0.0183550603
-5.2425058515 -0.0481427744 0.0183469948
-5.2419450824 -0.1007143077 0.0183398180
-5.2408580414 -0.1533828437 0.0183335290
-5.2392437926 -0.2061433038 0.0183281271
-5.2371014514 -0.2589905904 0.0183236118
-5.2344301837 -0.3119195866 0.0183199830
-5.2312292070 -0.3649251577 0.0183172403
-5.2274977902 -0.4180021509 0.0183153839
-5.2232352538 -0.4711453959 0.0183144141
-5.2184409700 -0.5243497057 0.0183143310
-5.2131143630 -0.5776098769 0.0183151354
-5.2072549093 -0.6309206902 0.0183168280
-5.2008621374 -0.6842769105 0.0183194095
-5.1939356284 -0.7376732881 0.0183228812
-5.1864750159 -0.7911045590 0.0183272442
-5.1784799864 -0.8445654452 0.0183325000
-5.1699502789 -0.8980506546 0.0183386501
-5.1608856858 -0.9515548829 0.0183456963
-5.1512860525 -1.0050728134 0.0183536406
-5.1411512775 -1.0585991172 0.0183624850
-5.1304813128 -1.1121284537 0.0183722318
-5.1192761638 -1.1656554716 0.0183828835
-5.1075358896 -1.2191748097 0.0183944428
-5.0952606030 -1.2726810967 0.0184069125
-5.0824504704 -1.3261689514 0.0184202955
-5.0691057123 -1.3796329839 0.0184345951
-5.0552266031 -1.4330677966 0.0184498146
-5.0408134711 -1.4864679839 0.0184659576
-5.0258666991 -1.5398281327 0.0184830278
-5.0103867237 -1.5931428229 0.0185010291
-4.9943740360 -1.6464066286 0.0185199656
-4.9778291813 -1.6996141185 0.0185398418
-4.9607527594 -1.7527598558 0.0185606619
-4.9431454245 -1.8058383988 0.0185824308
-4.9250078854 -1.8588443020 0.0186051533
-4.9063409050 -1.9117721166 0.0186288345
-4.8871453014 -1.9646163908 0.0186534797
-4.8674219467 -2.0173716698 0.0186790944
-4.8471717680 -2.0700324973 0.0187056842
-4.8263957467 -2.1225934156 0.0187332551
-4.8050949193 -2.1750489663 0.0187618131
-4.7832703764 -2.2273936904 0.0187913647
-4.7609232637 -2.2796221291 0.0188219162
-4.7380547813 -2.3317288250 0.0188534745
-4.7146661841 -2.3837083216 0.0188860466
-4.6907587814 -2.4355551642 0.0189196396
-4.6663339373 -2.4872639009 0.0189542609
-4.6413930706 -2.5388290828 0.0189899182
-4.6159376542 -2.5902452642 0.0190266194
-4.5899692160 -2.6415070039 0.0190643726
-4.5634893380 -2.6926088652 0.0191031861
-4.5364996570 -2.7435454166 0.0191430685
-4.5090018638 -2.7943112324 0.0191840288
-4.4809977037 -2.8449008934 0.0192260759
-4.4524889763 -2.8953089871 0.0192692192
-4.4234775353 -2.9455301085 0.0193134684
-4.3939652885 -2.9955588606 0.0193588333
-4.3639541977 -3.0453898551 0.0194053240
-4.3334462788 -3.0950177125 0.0194529510
-4.3024436013 -3.1444370633 0.0195017249
-4.2709482887 -3.1936425481 0.0195516566
-4.2389625181 -3.2426288182 0.0196027575
-4.2064885200 -3.2913905366 0.0196550391
-4.1735285784 -3.3399223777 0.0197085131
-4.1400850306 -3.3882190288 0.0197631918
-4.1061602673 -3.4362751901 0.0198190876
-4.0717567320 -3.4840855752 0.0198762131
-4.0368769210 -3.5316449120 0.0199345816
-4.0015233839 -3.5789479433 0.0199942063
-3.9656987224 -3.6259894267 0.0200551010
-3.9294055909 -3.6727641360 0.0201172798
-3.8926466962 -3.7192668612 0.0201807569
-3.8554247971 -3.7654924092 0.0202455473
-3.8177427046 -3.8114356046 0.0203116659
-3.7796032812 -3.8570912896 0.0203791283
-3.7410094414 -3.9024543255 0.0204479503
-3.7019641508 -3.9475195924 0.0205181479
-3.6624704267 -3.9922819902 0.0205897380
-3.6225313370 -4.0367364390 0.0206627374
-3.5821500008 -4.0808778799 0.0207371635
-3.5413295876 -4.1247012749 0.0208130342
-3.5000733177 -4.1682016085 0.0208903675
-3.4583844613 -4.2113738871 0.0209691822
-3.4162663387 -4.2542131403 0.0210494973
-3.3737223201 -4.2967144214 0.0211313323
-3.3307558250 -4.3388728076 0.0212147072
-3.2873703226 -4.3806834006 0.0212996424
-3.2435693307 -4.4221413275 0.0213861588
-3.1993564162 -4.4632417411 0.0214742777
-3.1547351946 -4.5039798202 0.0215640211
-3.1097093295 -4.5443507707 0.0216554113
-3.0642825326 -4.5843498255 0.0217484712
-3.0184585635 -4.6239722456 0.0218432243
-2.9722412291 -4.6632133203 0.0219396944
-2.9256343836 -4.7020683678 0.0220379061
-2.8786419280 -4.7405327357 0.0221378844
-2.8312678102 -4.7786018015 0.0222396551
-2.7835160241 -4.8162709736 0.0223432442
-2.7353906099 -4.8535356909 0.0224486787
-2.6868956534 -4.8903914241 0.0225559860
-2.6380352858 -4.9268336759 0.0226651942
-2.5888136834 -4.9628579817 0.0227763319
-2.5392350673 -4.9984599099 0.0228894286
-2.4893037030 -5.0336350624 0.0230045144
-2.4390239002 -5.0683790753 0.0231216199
-2.3884000123 -5.1026876194 0.0232407766
-2.3374364361 -5.1365564005 0.0233620168
-2.2861376117 -5.1699811602 0.0234853732
-2.2345080217 -5.2029576760 0.0236108797
-2.1825521912 -5.2354817623 0.0237385706
-2.1302746872 -5.2675492703 0.0238684811
-2.0776801186 -5.2991560891 0.0240006475
-2.0247731352 -5.3302981458 0.0241351064
-1.9715584282 -5.3609714061 0.0242718958
-1.9180407289 -5.3911718748 0.0244110541
-1.8642248090 -5.4208955962 0.0245526210
-1.8101154798 -5.4501386549 0.0246966368
-1.7557175920 -5.4788971756 0.0248431430
-1.7010360355 -5.5071673243 0.0249921820
-1.6460757383 -5.5349453083 0.0251437969
-1.5908416670 -5.5622273771 0.0252980322
-1.5353388257 -5.5890098222 0.0254549332
-1.4795722559 -5.6152889782 0.0256145465
-1.4235470360 -5.6410612231 0.0257769195
-1.3672682809 -5.6663229784 0.0259421009
-1.3107411414 -5.6910707100 0.0261101406
-1.2539708042 -5.7153009284 0.0262810894
-1.1969624910 -5.7390101892 0.0264549996
-1.1397214583 -5.7621950937 0.0266319246
-1.0822529969 -5.7848522889 0.0268119191
-1.0245624314 -5.8069784684 0.0269950391
-0.9666551199 -5.8285703727 0.0271813419
-0.9085364532 -5.8496247894 0.0273708863
-0.8502118550 -5.8701385540 0.0275637322
-0.7916867806 -5.8901085500 0.0277599413
-0.7329667170 -5.9095317093 0.0279595766
-0.6740571824 -5.9284050130 0.0281627026
-0.6149637254 -5.9467254914 0.0283693854
-0.5556919249 -5.9644902245 0.0285796926
-0.4962473892 -5.9816963426 0.0287936937
-0.4366357559 -5.9983410264 0.0290114596
-0.3768626913 -6.0144215076 0.0292330630
-0.3169338898 -6.0299350692 0.0294585785
-0.2568550734 -6.0448790459 0.0296880824
-0.1966319914 -6.0592508245 0.0299216528
-0.1362704196 -6.0730478442 0.0301593699
-0.0757761602 -6.0862675971 0.0304013157
-0.0151550408 -6.0989076284 0.0306475744
0.0455870858 -6.1109655370 0.0308982320
0.1064443421 -6.1224389754 0.0311533769
0.1674108266 -6.1333256508 0.0314130996
0.2284806142 -6.1436233245 0.0316774927
0.2896477567 -6.1533298131 0.0319466514
0.3509062835 -6.1624429885 0.0322206728
0.4122502019 -6.1709607778 0.0324996571
0.4736734977 -6.1788811647 0.0327837063
0.5351701359 -6.1862021885 0.0330729254
0.5967340611 -6.1929219456 0.0333674219
0.6583591981 -6.1990385889 0.0336673060
0.7200394521 -6.2045503289 0.0339726908
0.7817687100 -6.2094554334 0.0342836919
0.8435408401 -6.2137522280 0.0346004283
0.9053496933 -6.2174390965 0.0349230217
0.9671891034 -6.2205144810 0.0352515969
1.0290528874 -6.2229768825 0.0355862821
1.0909348465 -6.2248248606 0.0359272084
1.1528287665 -6.2260570346 0.0362745106
1.2147284182 -6.2266720829 0.0366283268
1.2766275581 -6.2266687440 0.0369887986
1.3385199291 -6.2260458162 0.0373560712
1.4003992608 -6.2248021583 0.0377302937
1.4622592701 -6.2229366895 0.0381116188
1.5240936619 -6.2204483898 0.0385002034
1.5858961297 -6.2173363004 0.0388962083
1.6476603562 -6.2135995235 0.0392997983
1.7093800133 -6.2092372229 0.0397111427
1.7710487636 -6.2042486242 0.0401304153
1.8326602604 -6.1986330150 0.0405577940
1.8942081482 -6.1923897447 0.0409934616
1.9556860636 -6.1855182254 0.0414376057
2.0170876358 -6.1780179316 0.0418904185
2.0784064869 -6.1698884006 0.0423520975
2.1396362328 -6.1611292327 0.0428228452
2.2007704838 -6.1517400912 0.0433028695
2.2618028449 -6.1417207029 0.0437923836
2.3227269163 -6.1310708578 0.0442916064
2.3835362947 -6.1197904099 0.0448007625
2.4442245732 -6.1078792768 0.0453200822
2.5047853417 -6.0953374401 0.0458498021
2.5652121882 -6.0821649456 0.0463901649
2.6254986991 -6.0683619035 0.0469414198
2.6856384597 -6.0539284882 0.0475038221
2.7456250542 -6.0388649388 0.0480776343
2.8054520672 -6.0231715589 0.0486631258
2.8651130845 -6.0068487173 0.0492605727
2.9246016926 -5.9898968474 0.0498702586
2.9839114795 -5.9723164479 0.0504924743
3.0430360360 -5.9541080824 0.0511275188
3.1019689558 -5.9352723801 0.0517756984
3.1607038361 -5.9158100352 0.0524373276
3.2192342779 -5.8957218077 0.0531127292
3.2775538870 -5.8750085229 0.0538022346
3.3356562748 -5.8536710720 0.0545061838
3.3935350581 -5.8317104116 0.0552249254
3.4511838601 -5.8091275643 0.0559588175
3.5085963109 -5.7859236184 0.0567082276
3.5657660484 -5.7620997283 0.0574735324
3.6226867182 -5.7376571141 0.0582551189
3.6793519746 -5.7125970621 0.0590533838
3.7357554811 -5.6869209246 0.0598687343
3.7918909112 -5.6606301200 0.0607015881
3.8477519481 -5.6337261327 0.0615523739
3.9033322863 -5.6062105135 0.0624215313
3.9586256316 -5.5780848790 0.0633095112
4.0136257016 -5.5493509124 0.0642167762
4.0683262265 -5.5200103628 0.0651438009
4.1227209494 -5.4900650455 0.0660910719
4.1768036272 -5.4595168422 0.0670590881
4.2305680305 -5.4283677006 0.0680483614
4.2840079449 -5.3966196347 0.0690594165
4.3371171711 -5.3642747246 0.0700927913
4.3898895251 -5.3313351166 0.0711490373
4.4423188395 -5.2978030231 0.0722287201
4.4943989637 -5.2636807224 0.0733324189
4.5461237640 -5.2289705592 0.0744607276
4.5974871247 -5.1936749439 0.0756142549
4.6484829484 -5.1577963529 0.0767936242
4.6991051563 -5.1213373287 0.0779994743
4.7493476889 -5.0843004795 0.0792324595
4.7992045068 -5.0466884792 0.0804932499
4.8486695906 -5.0085040674 0.0817825318
4.8977369415 -4.9697500497 0.0831010077
4.9464005825 -4.9304292967 0.0844493970
4.9946545580 -4.8905447449 0.0858284356
5.0424929347 -4.8500993960 0.0872388770
5.0899098020 -4.8090963170 0.0886814919
5.1368992727 -4.7675386401 0.0901570686
5.1834554829 -4.7254295627 0.0916664135
5.2295725932 -4.6827723470 0.0932103508
5.2752447887 -4.6395703201 0.0947897234
5.3204662794 -4.5958268739 0.0964053924
5.3652313011 -4.5515454649 0.0980582379
5.4095341156 -4.5067296141 0.0997491586
5.4533690108 -4.4613829069 0.1014790725
5.4967303018 -4.4155089927 0.1032489165
5.5396123310 -4.3691115853 0.1050596469
5.5820094687 -4.3221944623 0.1069122395
5.6239161130 -4.2747614649 0.1088076892
5.6653266913 -4.2268164981 0.1107470107
5.7062356598 -4.1783635304 0.1127312378
5.7466375041 -4.1294065935 0.1147614241
5.7865267401 -4.0799497822 0.1168386424
5.8258979141 -4.0299972542 0.1189639847
5.8647456031 -3.9795532302 0.1211385623
5.9030644155 -3.9286219932 0.1233635055
5.9408489916 -3.8772078887 0.1256399632
5.9780940036 -3.8253153245 0.1279691029
6.0147941564 -3.7729487702 0.1303521102
6.0509441883 -3.7201127572 0.1327901886
6.0865388707 -3.6668118786 0.1352845588
6.1215730089 -3.6130507890 0.1378364587
6.1560414429 -3.5588342037 0.1404471422
6.1899390476 -3.5041668992 0.1431178788
6.2232607327 -3.4490537128 0.1458499536
6.2560014439 -3.3934995420 0.1486446652
6.2881561636 -3.3375093447 0.1515033261
6.3197199102 -3.2810881386 0.1544272610
6.3506877393 -3.2242410015 0.1574178063
6.3810547448 -3.1669730701 0.1604763082
6.4108160582 -3.1092895407 0.1636041225
6.4399668498 -3.0511956686 0.1668026126
6.4685023290 -2.9926967675 0.1700731482
6.4964177452 -2.9337982096 0.1734171036
6.5237083879 -2.8745054251 0.1768358568
6.5503695869 -2.8148239024 0.1803307870
6.5763967142 -2.7547591872 0.1839032725
6.6017851835 -2.6943168821 0.1875546893
6.6265304507 -2.6335026470 0.1912864093
6.6506280152 -2.5723221985 0.1950997966
6.6740734204 -2.5107813092 0.1989962059
6.6968622541 -2.4488858075 0.2029769799
6.7189901490 -2.3866415778 0.2070434475
6.7404527840 -2.3240545598 0.2111969185
6.7612458847 -2.2611307478 0.2154386821
6.7813652244 -2.1978761904 0.2197700038
6.8008066238 -2.1342969913 0.2241921225
6.8195659533 -2.0703993072 0.2287062446
6.8376391334 -2.0061893486 0.2333135416
6.8550221352 -1.9416733785 0.2380151471
6.8717109812 -1.8768577133 0.2428121527
6.8877017470 -1.8117487212 0.2477056006
6.9029905623 -1.7463528219 0.2526964816
6.9175736113 -1.6806764867 0.2577857311
6.9314471338 -1.6147262379 0.2629742240
6.9446074268 -1.5485086482 0.2682627667
6.9570508461 -1.4820303400 0.2736520936
6.9687738069 -1.4152979848 0.2791428636
6.9797727844 -1.3483183039 0.2847356535
6.9900443162 -1.2810980668 0.2904309505
6.9995850042 -1.2136440904 0.2962291448
7.0083915149 -1.1459632391 0.3021305285
7.0164605811 -1.0780624243 0.3081352867
7.0237890030 -1.0099486038 0.3142434921
7.0303736515 -0.9416287808 0.3204550930
7.0362114692 -0.8731100030 0.3267699116
7.0412994711 -0.8043993627 0.3331876387
7.0456347468 -0.7355039966 0.3397078241
7.0492144629 -0.6664310840 0.3463298680
7.0520358658 -0.5971878462 0.3530530124
7.0540962820 -0.5277815461 0.3598763400
7.0553931207 -0.4582194880 0.3667987637
7.0559238757 -0.3885090163 0.3738190186
7.0556861290 -0.3186575144 0.3809356520
7.0546775517 -0.2486724042 0.3881470213
7.0528959066 -0.1785611457 0.3954512845
7.0503390505 -0.1083312356 0.4028463916
7.0470049377 -0.0379902065 0.4103300777
7.0428916211 0.0324543741 0.4178998579
7.0379972553 0.1029949040 0.4255530189
7.0323201000 0.1736237483 0.4332866108
7.0258585218 0.2443332400 0.4410974434
7.0186109971 0.3151156805 0.4489820788
7.0105761154 0.3859633415 0.4569368240
7.0017525818 0.4568684657 0.4649577273
6.9921392196 0.5278232675 0.4730405722
6.9817349737 0.5988199347 0.4811808722
6.9705389143 0.6698506299 0.4893738663
6.9585502380 0.7409074911 0.4976145167
6.9457682720 0.8119826326 0.5058975034
6.9321924779 0.8830681476 0.5142172224
6.9178224537 0.9541561089 0.5225677840
6.9026579364 1.0252385694 0.5309430110
6.8866988061 1.0963075642 0.5393364374
6.8699450895 1.1673551126 0.5477413098
6.8523969613 1.2383732188 0.5561505881
6.8340547480 1.3093538730 0.5645569458
6.8149189313 1.3802890535 0.5729527746
6.7949901510 1.4511707287 0.5813301885
6.7742692069 1.5219908580 0.5896810266
6.7527570620 1.5927413927 0.5979968582
6.7304548461 1.6634142792 0.6062689945
6.7073638577 1.7340014602 0.6144884923
6.6834855659 1.8044948756 0.6226461631
6.6588216137 1.8748864643 0.6307325836
6.6333738207 1.9451681674 0.6387381123
6.6071441839 2.0153319287 0.6466528951
6.5801348802 2.0853696961 0.6544668801
6.5523482691 2.1552734245 0.6621698377
6.5237868932 2.2250350777 0.6697513755
6.4944534803 2.2946466294 0.6772009512
6.4643509441 2.3641000648 0.6845078926
6.4334823862 2.4333873841 0.6916614265
6.4018510958 2.5025006035 0.6986506897
6.3694605512 2.5714317564 0.7054647519
6.3363144196 2.6401728962 0.7120926440
6.3024165574 2.7087160984 0.7185233855
6.2677710097 2.7770534623 0.7247459997
6.2323820108 2.8451771120 0.7307495432
6.1962539818 2.9130791996 0.7365231438
6.1593915309 2.9807519073 0.7420560181
6.1217994517 3.0481874479 0.7473374989
6.0834827215 3.1153780673 0.7523570707
6.0444464986 3.1823160476 0.7571044048
6.0046961212 3.2489937075 0.7615693762
5.9642371044 3.3154034042 0.7657420993
5.9230751361 3.3815375361 0.7696129690
5.8812160751 3.4473885446 0.7731726823
5.8386659473 3.5129489147 0.7764122665
5.7954309413 3.5782111775 0.7793231160
5.7515174032 3.6431679125 0.7818970295
5.7069318341 3.7078117486 0.7841262251
5.6616808846 3.7721353649 0.7860033763
5.6157713477 3.8361314939 0.7875216486
5.5692101547 3.8997929224 0.7886747193
5.5220043707 3.9631124924 0.7894568021
5.4741611865 4.0260831025 0.7898626788
5.4256879115 4.0886977106 0.7898877269
5.3765919700 4.1509493341 0.7895279323
5.3268808933 4.2128310505 0.7887799158
5.2765623103 4.2743359998 0.7876409577
5.2256439426 4.3354573855 0.7861090095
5.1741335976 4.3961884749 0.7841827100
5.1220391593 4.4565225998 0.7818614016
5.0693685796 4.5164531588 0.7791451434
5.0161298736 4.5759736169 0.7760347157
4.9623311105 4.6350775063 0.7725316308
4.9079804028 4.6937584272 0.7686381368
4.8530859015 4.7520100491 0.7643572195
4.7976557879 4.8098261099 0.7596926022
4.7416982644 4.8672004168 0.7546487434
4.6852215449 4.9241268474 0.7492308282
4.6282338506 4.9805993492 0.7434447645
4.5707434006 5.0366119395 0.7372971723
4.5127584027 5.0921587059 0.7307953652
4.4542870458 5.1472338066 0.7239473365
4.3953374956 5.2018314698 0.7167617452
4.3359178861 5.2559459937 0.7092478977
4.2760363092 5.3095717458 0.7014157091
4.2157008111 5.3627031639 0.6932756885
4.1549193862 5.4153347550 0.6848389151
4.0936999716 5.4674610943 0.6761170164
4.0320504375 5.5190768251 0.6671221103
3.9699785818 5.5701766584 0.6578667750
3.9074921300 5.6207553734 0.6483640456
3.8445987270 5.6708078151 0.6386273564
3.7813059319 5.7203288938 0.6286705013
3.7176212142 5.7693135852 0.6185075868
3.6535519516 5.8177569296 0.6081530145
3.5891054260 5.8656540304 0.5976214311
3.5242888201 5.9130000534 0.5869276787
3.4591092149 5.9597902263 0.5760867534
3.3935735890 6.0060198381 0.5651137806
3.3276888160 6.0516842370 0.5540239605
3.2614616633 6.0967788302 0.5428325164
3.1948987916 6.1412990835 0.5315546693
3.1280067549 6.1852405193 0.5202055946
3.0607920005 6.2285987162 0.5088003738
2.9932608692 6.2713693078 0.4973539534
2.9254195964 6.3135479824 0.4858811185
2.8572743137 6.3551304810 0.4743964499
2.7888310507 6.3961125970 0.4629142752
2.7200957364 6.4364901758 0.4514486506
2.6510742018 6.4762591128 0.4400133246
2.5817721839 6.5154153530 0.4286217004
2.5121953275 6.5539548905 0.4172868025
2.4423491880 6.5918737676 0.4060212632
2.3722392368 6.6291680736 0.3948372866
2.3018708645 6.6658339443 0.3837466233
2.2312493843 6.7018675615 0.3727605540
2.1603800376 6.7372651520 0.3618898676
2.0892679975 6.7720229873 0.3511448418
2.0179183743 6.8061373830 0.3405352316
1.9463362201 6.8396046978 0.3300702530
1.8745265332 6.8724213339 0.3197585734
1.8024942646 6.9045837357 0.3096083043
1.7302443217 6.9360883901 0.2996269920
1.6577815745 6.9669318256 0.2898216168
1.5851108604 6.9971106126 0.2801985880
1.5122369899 7.0266213627 0.2707637462
1.4391647513 7.0554607290 0.2615223632
1.3658989164 7.0836254055 0.2524791483
1.2924442456 7.1111121275 0.2436382515
1.2188054930 7.1379176712 0.2350032740
1.1449874113 7.1640388541 0.2265772746
1.0709947570 7.1894725346 0.2183627832
0.9968322952 7.2142156129 0.2103618109
0.9225048039 7.2382650304 0.2025758656
0.8480170793 7.2616177705 0.1950059662
0.7733739394 7.2842708586 0.1876526582
0.6985802286 7.3062213625 0.1805160326
0.6236408219 7.3274663927 0.1735957426
0.5485606283 7.3480031030 0.1668910231
0.4733445950 7.3678286908 0.1604007106
0.3979977103 7.3869403975 0.1541232634
0.3225250072 7.4053355094 0.1480567821
0.2469315663 7.4230113577 0.1421990314
0.1712225184 7.4399653196 0.1365474607
0.0954030477 7.4561948183 0.1310992263
0.0194783934 7.4716973245 0.1258512126
-0.0565461476 7.4864703562 0.1208000542
-0.1326652193 7.5005114799 0.1159421569
-0.2088734043 7.5138183112 0.1112737189
-0.2851652227 7.5263885152 0.1067907521
-0.3615351310 7.5382198079 0.1024891026
-0.4379775205 7.5493099561 0.0983644706
-0.5144867171 7.5596567790 0.0944124300
-0.5910569801 7.5692581484 0.0906284477
-0.6676825020 7.5781119895 0.0870079018
-0.7443574085 7.5862162820 0.0835460994
-0.8210757579 7.5935690606 0.0802382937
-0.8978315416 7.6001684160 0.0770797001
-0.9746186840 7.6060124954 0.0740655117
-1.0514310434 7.6110995035 0.0711909145
-1.1282624123 7.6154277033 0.0684511005
-1.2051065179 7.6189954166 0.0658412813
-1.2819570233 7.6218010252 0.0633567001
-1.3588075286 7.6238429711 0.0609926431
-1.4356515713 7.6251197579 0.0587444500
-1.5124826283 7.6256299509 0.0566075237
-1.5892941167 7.6253721784 0.0545773389
-1.6660793954 7.6243451318 0.0526494505
-1.7428317664 7.6225475670 0.0508195008
-1.8195444766 7.6199783045 0.0490832254
-1.8962107193 7.6166362304 0.0474364597
-1.9728236357 7.6125202969 0.0458751429
-2.0493763169 7.6076295231 0.0443953232
-2.1258618056 7.6019629954 0.0429931606
-2.2022730978 7.5955198685 0.0416649303
-2.2786031447 7.5882993655 0.0404070247
-2.3548448548 7.5803007788 0.0392159551
-2.4309910952 7.5715234706 0.0380883533
-2.5070346943 7.5619668734 0.0370209716
-2.5829684431 7.5516304905 0.0360106833
-2.6587850974 7.5405138967 0.0350544826
-2.7344773795 7.5286167383 0.0341494835
-2.8100379804 7.5159387344 0.0332929190
-2.8854595616 7.5024796764 0.0324821396
-2.9607347569 7.4882394290 0.0317146116
-3.0358561743 7.4732179307 0.0309879149
-3.1108163981 7.4574151937 0.0302997411
-3.1856079903 7.4408313048 0.0296478905
-3.2602234928 7.4234664255 0.0290302701
-3.3346554291 7.4053207921 0.0284448901
-3.4088963061 7.3863947166 0.0278898612
-3.4829386157 7.3666885867 0.0273633917
-3.5567748365 7.3462028659 0.0268637838
-3.6303974360 7.3249380941 0.0263894310
-3.7037988714 7.3028948878 0.0259388142
-3.7769715919 7.2800739401 0.0255104986
-3.8499080400 7.2564760213 0.0251031306
-3.9226006534 7.2321019788 0.0247154341
-3.9950418658 7.2069527373 0.0243462070
-4.0672241094 7.1810292995 0.0239943187
-4.1391398154 7.1543327454 0.0236587059
-4.2107814161 7.1268642332 0.0233383700
-4.2821413462 7.0986249991 0.0230323737
-4.3532120437 7.0696163575 0.0227398382
-4.4239859521 7.0398397009 0.0224599398
-4.4944555210 7.0092965006 0.0221919073
-4.5646132074 6.9779883061 0.0219350190
-4.6344514778 6.9459167455 0.0216886002
-4.7039628083 6.9130835256 0.0214520202
-4.7731396866 6.8794904317 0.0212246902
-4.8419746130 6.8451393281 0.0210060604
-4.9104601014 6.8100321575 0.0207956180
-4.9785886807 6.7741709417 0.0205928850
-5.0463528957 6.7375577809 0.0203974157
-5.1137453083 6.7001948544 0.0202087950
-5.1807584985 6.6620844199 0.0200266362
-5.2473850658 6.6232288141 0.0198505794
-5.3136176297 6.5836304520 0.0196802898
-5.3794488313 6.5432918276 0.0195154556
-5.4448713336 6.5022155133 0.0193557868
-5.5098778234 6.4604041597 0.0192010138
-5.5744610116 6.4178604962 0.0190508858
-5.6386136341 6.3745873303 0.0189051695
-5.7023284535 6.3305875478 0.0187636478
-5.7655982591 6.2858641124 0.0186261191
-5.8284158687 6.2404200660 0.0184923955
-5.8907741288 6.1942585281 0.0183623024
-5.9526659159 6.1473826962 0.0182356773
-6.0140841373 6.0997958451 0.0181123687
-6.0750217319 6.0515013272 0.0179922357
-6.1354716712 6.0025025718 0.0178751471
-6.1954269602 5.9528030857 0.0177609804
-6.2548806381 5.9024064523 0.0176496215
-6.3138257791 5.8513163316 0.0175409637
-6.3722554935 5.7995364603 0.0174349078
-6.4301629283 5.7470706512 0.0173313606
-6.4875412683 5.6939227933 0.0172302352
-6.5443837364 5.6400968512 0.0171314503
-6.6006835950 5.5855968653 0.0170349296
-6.6564341465 5.5304269512 0.0169406016
-6.7116287340 5.4745912995 0.0168483993
-6.7662607424 5.4180941760 0.0167582597
-6.8203235990 5.3609399205 0.0166701235
-6.8738107741 5.3031329475 0.0165839349
-6.9267157822 5.2446777452 0.0164996413
-6.9790321824 5.1855788757 0.0164171932
-7.0307535794 5.1258409744 0.0163365437
-7.0818736242 5.0654687496 0.0162576486
-7.1323860146 5.0044669827 0.0161804659
-7.1822844964 4.9428405272 0.0161049560
-7.2315628638 4.8805943088 0.0160310812
-7.2802149603 4.8177333249 0.0159588057
-7.3282346793 4.7542626443 0.0158880956
-7.3756159650 4.6901874069 0.0158189184
-7.4223528130 4.6255128232 0.0157512435
-7.4684392711 4.5602441739 0.0156850414
-7.5138694398 4.4943868097 0.0156202841
-7.5586374733 4.4279461506 0.0155569448
-7.6027375803 4.3609276860 0.0154949979
-7.6461640241 4.2933369738 0.0154344190
-7.6889111239 4.2251796402 0.0153751845
-7.7309732552 4.1564613792 0.0153172721
-7.7723448507 4.0871879523 0.0152606601
-7.8130204006 4.0173651879 0.0152053278
-7.8529944537 3.9469989810 0.0151512555
-7.8922616178 3.8760952927 0.0150984240
-7.9308165606 3.8046601496 0.0150468149
-7.9686540099 3.7326996435 0.0149964107
-8.0057687549 3.6602199309 0.0149471944
-8.0421556464 3.5872272323 0.0148991496
-8.0778095974 3.5137278322 0.0148522606
-8.1127255842 3.4397280780 0.0148065122
-8.1468986465 3.3652343800 0.0147618900
-8.1803238884 3.2902532104 0.0147183798
-8.2129964788 3.2147911033 0.0146759680
-8.2449116523 3.1388546537 0.0146346417
-8.2760647093 3.0624505174 0.0145943882
-8.3064510173 2.9855854101 0.0145551954
-8.3360660110 2.9082661070 0.0145170517
-8.3649051928 2.8304994421 0.0144799458
-8.3929641339 2.7522923081 0.0144438669
-8.4202384746 2.6736516550 0.0144088045
-8.4467239247 2.5945844905 0.0143747485
-8.4724162645 2.5150978786 0.0143416893
-8.4973113450 2.4351989394 0.0143096176
-8.5214050884 2.3548948484 0.0142785245
-8.5446934892 2.2741928362 0.0142484012
-8.5671726142 2.1931001872 0.0142192396
-8.5888386033 2.1116242396 0.0141910317
-8.6096876698 2.0297723845 0.0141637699
-8.6297161013 1.9475520655 0.0141374468
-8.6489202599 1.8649707777 0.0141120556
-8.6672965830 1.7820360673 0.0140875895
-8.6848415833 1.6987555309 0.0140640420
-8.7015518502 1.6151368147 0.0140414071
-8.7174240492 1.5311876144 0.0140196791
-8.7324549232 1.4469156735 0.0139988522
-8.7466412929 1.3623287836 0.0139789213
-8.7599800566 1.2774347834 0.0139598813
-8.7724681917 1.1922415576 0.0139417276
-8.7841027543 1.1067570368 0.0139244557
-8.7948808801 1.0209891966 0.0139080613
-8.8047997847 0.9349460566 0.0138925406
-8.8138567641 0.8486356800 0.0138778897
-8.8220491952 0.7620661731 0.0138641054
-8.8293745359 0.6752456838 0.0138511843
-8.8358303261 0.5881824017 0.0138391236
-8.8414141874 0.5008845570 0.0138279204
-8.8461238242 0.4133604194 0.0138175724
-8.8499570235 0.3256182983 0.0138080773
-8.8529116557 0.2376665410 0.0137994332
-8.8549856750 0.1495135326 0.0137916381
-8.8561771192 0.0611676950 0.0137846908
-8.8564841109 -0.0273625138 0.0137785897
-8.8559048573 -0.1160686004 0.0137733340
-8.8544376506 -0.2049420370 0.0137689227
-8.8520808685 -0.2939742622 0.0137653553
-8.8488329746 -0.3831566812 0.0137626314
-8.8446925184 -0.4724806675 0.0137607508
-8.8396581361 -0.5619375631 0.0137597137
-8.8337285502 -0.6515186793 0.0137595203
-8.8269025706 -0.7412152978 0.0137601712
-8.8191790946 -0.8310186715 0.0137616672
-8.8105571068 -0.9209200247 0.0137640094
-8.8010356799 -1.0109105549 0.0137671988
-8.7906139747 -1.1009814332 0.0137712371
-8.7792912405 -1.1911238045 0.0137761258
-8.7670668152 -1.2813287893 0.0137818670
-8.7539401258 -1.3715874841 0.0137884628
-8.7399106884 -1.4618909625 0.0137959155
-8.7249781084 -1.5522302753 0.0138042279
-8.7091420808 -1.6425964521 0.0138134028
-8.6924023906 -1.7329805022 0.0138234433
-8.6747589130 -1.8233734153 0.0138343528
-8.6562116129 -1.9137661615 0.0138461348
-8.6367605460 -2.0041496934 0.0138587933
-8.6164058587 -2.0945149467 0.0138723322
-8.5951477879 -2.1848528409 0.0138867560
-8.5729866615 -2.2751542795 0.0139020692
-8.5499228985 -2.3654101520 0.0139182767
-8.5259570093 -2.4556113344 0.0139353836
-8.5010895953 -2.5457486899 0.0139533952
-8.4753213496 -2.6358130696 0.0139723172
-8.4486530571 -2.7257953142 0.0139921555
-8.4210855939 -2.8156862540 0.0140129162
-8.3926199283 -2.9054767101 0.0140346059
-8.3632571205 -2.9951574957 0.0140572312
-8.3329983224 -3.0847194166 0.0140807991
-8.3018447782 -3.1741532720 0.0141053171
-8.2697978241 -3.2634498557 0.0141307925
-8.2368588884 -3.3525999569 0.0141572334
-8.2030294918 -3.4415943612 0.0141846480
-8.1683112471 -3.5304238514 0.0142130447
-8.1327058594 -3.6190792084 0.0142424324
-8.0962151261 -3.7075512120 0.0142728203
-8.0588409369 -3.7958306425 0.0143042177
-8.0205852737 -3.8839082806 0.0143366345
-7.9814502108 -3.9717749091 0.0143700808
-7.9414379147 -4.0594213135 0.0144045671
-7.9005506441 -4.1468382830 0.0144401043
-7.8587907501 -4.2340166117 0.0144767035
-7.8161606757 -4.3209470987 0.0145143763
-7.7726629561 -4.4076205500 0.0145531347
-7.7283002184 -4.4940277791 0.0145929909
-7.6830751820 -4.5801596076 0.0146339578
-7.6369906578 -4.6660068665 0.0146760482
-7.5900495485 -4.7515603971 0.0147192760
-7.5422548488 -4.8368110518 0.0147636548
-7.4936096445 -4.9217496952 0.0148091992
-7.4441171132 -5.0063672050 0.0148559240
-7.3937805237 -5.0906544726 0.0149038443
-7.3426032358 -5.1746024048 0.0149529760
-7.2905887006 -5.2582019238 0.0150033351
-7.2377404598 -5.3414439691 0.0150549385
-7.1840621459 -5.4243194977 0.0151078032
-7.1295574819 -5.5068194852 0.0151619470
-7.0742302813 -5.5889349271 0.0152173880
-7.0180844473 -5.6706568394 0.0152741449
-6.9611239735 -5.7519762596 0.0153322372
-6.9033529428 -5.8328842477 0.0153916845
-6.8447755280 -5.9133718872 0.0154525074
-6.7853959907 -5.9934302859 0.0155147269
-6.7252186819 -6.0730505769 0.0155783646
-6.6642480411 -6.1522239194 0.0156434427
-6.6024885964 -6.2309415002 0.0157099842
-6.5399449642 -6.3091945337 0.0157780126
-6.4766218487 -6.3869742638 0.0158475523
-6.4125240419 -6.4642719641 0.0159186281
-6.3476564230 -6.5410789392 0.0159912657
-6.2820239583 -6.6173865259 0.0160654915
-6.2156317011 -6.6931860932 0.0161413328
-6.1484847906 -6.7684690443 0.0162188174
-6.0805884527 -6.8432268170 0.0162979743
-6.0119479985 -6.9174508844 0.0163788329
-5.9425688248 -6.9911327566 0.0164614238
-5.8724564132 -7.0642639807 0.0165457783
-5.8016163302 -7.1368361425 0.0166319287
-5.7300542265 -7.2088408669 0.0167199083
-5.6577758365 -7.2802698190 0.0168097511
-5.5847869784 -7.3511147053 0.0169014925
-5.5110935531 -7.4213672739 0.0169951685
-5.4367015446 -7.4910193164 0.0170908166
-5.3616170188 -7.5600626679 0.0171884750
-5.2858461236 -7.6284892084 0.0172881834
-5.2093950882 -7.6962908635 0.0173899824
-5.1322702228 -7.7634596055 0.0174939138
-5.0544779179 -7.8299874543 0.0176000209
-4.9760246443 -7.8958664779 0.0177083481
-4.8969169519 -7.9610887939 0.0178189412
-4.8171614701 -8.0256465698 0.0179318473
-4.7367649064 -8.0895320244 0.0180471150
-4.6557340468 -8.1527374283 0.0181647943
-4.5740757544 -8.2152551051 0.0182849368
-4.4917969696 -8.2770774319 0.0184075958
-4.4089047093 -8.3381968407 0.0185328258
-4.3254060662 -8.3986058186 0.0186606835
-4.2413082085 -8.4582969093 0.0187912269
-4.1566183793 -8.5172627136 0.0189245162
-4.0713438960 -8.5754958905 0.0190606132
-3.9854921497 -8.6329891576 0.0191995817
-3.8990706047 -8.6897352927 0.0193414875
-3.8120867980 -8.7457271338 0.0194863986
-3.7245483383 -8.8009575807 0.0196343849
-3.6364629060 -8.8554195954 0.0197855188
-3.5478382522 -8.9091062029 0.0199398749
-3.4586821982 -8.9620104923 0.0200975302
-3.3690026348 -9.0141256176 0.0202585640
-3.2788075218 -9.0654447983 0.0204230585
-3.1881048873 -9.1159613204 0.0205910985
-3.0969028271 -9.1656685371 0.0207627713
-3.0052095040 -9.2145598696 0.0209381675
-2.9130331471 -9.2626288083 0.0211173803
-2.8203820513 -9.3098689128 0.0213005062
-2.7272645764 -9.3562738135 0.0214876450
-2.6336891467 -9.4018372120 0.0216788997
-2.5396642500 -9.4465528819 0.0218743769
-2.4451984373 -9.4904146696 0.0220741867
-2.3503003217 -9.5334164950 0.0222784429
-2.2549785780 -9.5755523526 0.0224872635
-2.1592419419 -9.6168163117 0.0227007702
-2.0630992091 -9.6572025178 0.0229190893
-1.9665592349 -9.6967051928 0.0231423512
-1.8696309333 -9.7353186360 0.0233706910
-1.7723232763 -9.7730372249 0.0236042485
-1.6746452930 -9.8098554158 0.0238431686
-1.5766060692 -9.8457677444 0.0240876012
-1.4782147465 -9.8807688270 0.0243377016
-1.3794805213 -9.9148533606 0.0245936308
-1.2804126445 -9.9480161241 0.0248555556
-1.1810204202 -9.9802519789 0.0251236488
-1.0813132056 -10.0115558692 0.0253980896
-0.9813004095 -10.0419228232 0.0256790638
-0.8809914922 -10.0713479537 0.0259667642
-0.7803959643 -10.0998264584 0.0262613906
-0.6795233858 -10.1273536211 0.0265631504
-0.5783833659 -10.1539248118 0.0268722589
-0.4769855617 -10.1795354880 0.0271889394
-0.3753396775 -10.2041811948 0.0275134239
-0.2734554642 -10.2278575657 0.0278459533
-0.1713427183 -10.2505603235 0.0281867777
-0.0690112812 -10.2722852805 0.0285361570
0.0335289617 -10.2930283396 0.0288943612
0.1362680817 -10.3127854944 0.0292616711
0.2391961075 -10.3315528304 0.0296383785
0.3423030262 -10.3493265249 0.0300247868
0.4455787843 -10.3661028482 0.0304212116
0.5490132878 -10.3818781641 0.0308279812
0.6525964038 -10.3966489300 0.0312454374
0.7563179608 -10.4104116983 0.0316739355
0.8601677498 -10.4231631159 0.0321138459
0.9641355249 -10.4348999260 0.0325655541
1.0682110040 -10.4456189676 0.0330294615
1.1723838701 -10.4553171766 0.0335059865
1.2766437717 -10.4639915863 0.0339955649
1.3809803233 -10.4716393276 0.0344986512
1.4853831071 -10.4782576300 0.0350157191
1.5898416729 -10.4838438219 0.0355472625
1.6943455394 -10.4883953311 0.0360937970
1.7988841947 -10.4919096851 0.0366558600
1.9034470971 -10.4943845121 0.0372340129
2.0080236764 -10.4958175410 0.0378288416
2.1126033337 -10.4962066025 0.0384409576
2.2171754428 -10.4955496286 0.0390709998
2.3217293508 -10.4938446541 0.0397196362
2.4262543793 -10.4910898166 0.0403875640
2.5307398238 -10.4872833567 0.0410755124
2.6351749559 -10.4824236190 0.0417842441
2.7395490232 -10.4765090523 0.0425145564
2.8438512502 -10.4695382100 0.0432672833
2.9480708387 -10.4615097505 0.0440432980
3.0521969691 -10.4524224379 0.0448435142
3.1562188001 -10.4422751419 0.0456688884
3.2601254702 -10.4310668390 0.0465204227
3.3639060979 -10.4187966121 0.0473991667
3.4675497823 -10.4054636514 0.0483062199
3.5710456035 -10.3910672549 0.0492427354
3.6743826237 -10.3756068284 0.0502099217
3.7775498869 -10.3590818859 0.0512090462
3.8805364199 -10.3414920507 0.0522414388
3.9833312330 -10.3228370547 0.0533084947
4.0859233196 -10.3031167398 0.0544116783
4.1883016574 -10.2823310575 0.0555525274
4.2904552083 -10.2604800699 0.0567326566
4.3923729187 -10.2375639497 0.0579537625
4.4940437200 -10.2135829805 0.0592176275
4.5954565288 -10.1885375575 0.0605261253
4.6966002468 -10.1624281878 0.0618812260
4.7974637614 -10.1352554905 0.0632850014
4.8980359451 -10.1070201972 0.0647396309
4.9983056563 -10.0777231528 0.0662474084
5.0982617388 -10.0473653150 0.0678107479
5.1978930216 -10.0159477554 0.0694321913
5.2971883190 -9.9834716598 0.0711144159
5.3961364304 -9.9499383281 0.0728602417
5.4947261394 -9.9153491753 0.0746726412
5.5929462144 -9.8797057313 0.0765547471
5.6907854070 -9.8430096418 0.0785098620
5.7882324520 -9.8052626683 0.0805414707
5.8852760670 -9.7664666888 0.0826532480
5.9819049508 -9.7266236981 0.0848490717
6.0781077827 -9.6857358082 0.0871330371
6.1738732224 -9.6438052486 0.0895094662
6.2691899073 -9.6008343670 0.0919829232
6.3640464522 -9.5568256298 0.0945582330
6.4584314479 -9.5117816221 0.0972404914
6.5523334587 -9.4657050489 0.1000350835
6.6457410212 -9.4185987348 0.1029477075
6.7386426429 -9.3704656253 0.1059843867
6.8310267991 -9.3213087868 0.1091514901
6.9228819301 -9.2711314075 0.1124557614
7.0141964400 -9.2199367978 0.1159043391
7.1049586936 -9.1677283909 0.1195047763
7.1951570125 -9.1145097437 0.1232650674
7.2847796711 -9.0602845374 0.1271936919
7.3738148954 -9.0050565781 0.1312996274
7.4622508578 -8.9488297975 0.1355923833
7.5500756718 -8.8916082541 0.1400820416
7.6372773881 -8.8333961337 0.1447792984
7.7238439909 -8.7741977504 0.1496954883
7.8097633911 -8.7140175476 0.1548426314
7.8950234196 -8.6528600991 0.1602334917
7.9796118237 -8.5907301100 0.1658816056
8.0635162587 -8.5276324179 0.1718013386
8.1467242801 -8.4635719941 0.1780079478
8.2292233372 -8.3985539450 0.1845176291
8.3110007644 -8.3325835136 0.1913475805
8.3920437709 -8.2656660805 0.1985160777
8.4723394331 -8.1978071660 0.2060425284
8.5518746825 -8.1290124313 0.2139475594
8.6306362955 -8.0592876808 0.2222530922
8.7086108815 -7.9886388635 0.2309824240
8.7857848693 -7.9170720753 0.2401603277
8.8621444946 -7.8445935611 0.2498131359
8.9376757839 -7.7712097172 0.2599688560
9.0123645404 -7.6969270935 0.2706572688
9.0861963257 -7.6217523966 0.2819100539
9.1591564432 -7.5456924920 0.2937609061
9.2312299174 -7.4687544077 0.3062456736
9.3024014747 -7.3909453370 0.3194024926
9.3726555203 -7.3122726421 0.3332719418
9.4419761160 -7.2327438578 0.3478971945
9.5103469535 -7.1523666954 0.3633241940
9.5777513293 -7.0711490467 0.3796018238
9.6441721148 -6.9890989887 0.3967821051
9.7095917268 -6.9062247881 0.4149203898
9.7739920945 -6.8225349069 0.4340755784
9.8373546251 -6.7380380073 0.4543103416
9.8996601670 -6.6527429576 0.4756913571
9.9608889701 -6.5666588388 0.4982895641
10.0210206449 -6.4797949507 0.5221804224
10.0800341174 -6.3921608194 0.5474441948
10.1379075821 -6.3037662046 0.5741662394
10.1946184522 -6.2146211075 0.6024373144
10.2501433061 -6.1247357798 0.6323539054
10.3044578311 -6.0341207323 0.6640185603
10.3575367637 -5.9427867453 0.6975402416
10.4093538264 -5.8507448782 0.7330346973
10.4598816607 -5.7580064812 0.7706248420
10.5090917565 -5.6645832067 0.8104411524
10.5569543776 -5.5704870217 0.8526220804
10.6034384827 -5.4757302217 0.8973144754
10.6485116431 -5.3803254440 0.9446740167
10.6921399554 -5.2842856833 0.9948656582
10.7342879501 -5.1876243074 1.0480640817
10.7749184960 -5.0903550742 1.1044541498
10.8139927002 -4.9924921496 1.1642313645
10.8514698035 -4.8940501262 1.2276023242
10.8873070711 -4.7950440438 1.2947851735
10.9214596802 -4.6954894105 1.3660100394
10.9538806028 -4.5954022249 1.4415194521
10.9845204841 -4.4947989998 1.5215687414
11.0133275183 -4.3936967877 1.6064263999
11.0402473209 -4.2921132062 1.6963744007
11.0652227984 -4.1900664661 1.7917084654
11.0881940156 -4.0875754004 1.8927382670
11.1090980615 -3.9846594944 1.9997875524
11.1278689158 -3.8813389176 2.1131941686
11.1444373146 -3.7776345570 2.2333099791
11.1587306188 -3.6735680514 2.3605006494
11.1706726852 -3.5691618274 2.4951452790
11.1801837429 -3.4644391369 2.6376358555
11.1871802770 -3.3594240955 2.7883765061
11.1915749200 -3.2541417221 2.9477825235
11.1932763554 -3.1486179799 3.1162791285
11.1921892356 -3.0428798186 3.2942999371
11.1882141172 -2.9369552164 3.4822851010
11.1812474172 -2.8308732237 3.6806790888
11.1711813924 -2.7246640067 3.8899280673
11.1579041497 -2.6183588915 4.1104768311
11.1412996888 -2.5119904073 4.3427652625
11.1212479837 -2.4055923300 4.5872242762
11.0976251064 -2.2991997241 4.8442712177
11.0703034020 -2.1928489837 5.1143046417
11.0391517200 -2.0865778713 5.3976984981
11.0040357036 -1.9804255541 5.6947956932
10.9648181496 -1.8744326372 6.0059009473
10.9213594464 -1.7686411929 6.3312729824
10.8735180869 -1.6630947850 6.6711161252
10.8211512714 -1.5578384885 7.0255711843
10.7641156146 -1.4529189009 7.3947056875
10.7022679297 -1.3483841485 7.7785038043
10.6354661453 -1.2442838826 8.1768554123
10.5635703110 -1.1406692653 8.5895452274
10.4864437182 -1.0375929488 9.0162413784
10.4039541450 -0.9351090349 9.4564841996
10.3159751991 -0.8332730323 9.9096748933
10.2223877754 -0.7321417887 10.3750649326
10.1230816230 -0.6317734161 10.8517457911
10.0179570052 -0.5322271942 11.3386398629
9.9069264277 -0.4335634612 11.8344926339
9.7899164776 -0.3358434815 12.3378664392
9.6668696477 -0.2391293009 12.8471363937
9.5377462668 -0.1434835756 13.3604886426
9.4025263629 -0.0489693883 13.8759214684
9.2612115379 0.0443499586 14.3912495689
9.1138267674 0.1364111676 14.9041118423
8.9604221024 0.2271511886 15.4119829680
8.8010742330 0.3165074782 15.9121889885
8.6358878730 0.4044182746 16.4019270307
8.4649969249 0.4908228858 16.8782892179
8.2885653802 0.5756619888 17.3382906123
8.1067879189 0.6588779363 17.7789010184
7.9198901713 0.7404150687 18.1970801708
7.7281286072 0.8202200289 18.5898160654
7.5317900268 0.8982420724 18.9541654304
7.3311906394 0.9744333716 19.2872956222
7.1266747161 1.0487493101 19.5865272227
6.9186128000 1.1211487626 19.8493763940
6.7073995216 1.1915943518 20.0735953429
6.4934510112 1.2600526859 20.2572104689
6.2772019162 1.3264945679 20.3985571219
6.0591021349 1.3908951714 20.4963092990
5.8396132653 1.4532341855 20.5495041059
5.6192048040 1.5134959226 20.5575600354
5.3983502432 1.5716693860 20.5202882153
5.1775230747 1.6277483002 20.4378966343
4.9571927698 1.6817311002 20.3109870214
4.7378208423 1.7336208805 20.1405444288
4.5198570577 1.7834253056 19.9279199999
4.3037358420 1.8311564845 19.6748073837
4.0898729418 1.8768308073 19.3832132811
3.8786624283 1.9204687528 19.0554233847
3.6704740569 1.9620946660 18.6939645230
3.4656510154 2.0017365109 18.3015639283
3.2645080935 2.0394256009 17.8811066938
3.0673302936 2.0751963162 17.4355930175
2.8743718600 2.1090858061 16.9680956575
2.6858557365 2.1411336800 16.4817182846
2.5019734282 2.1713817050 15.9795570772
2.3228852455 2.1998734888 15.4646639538
2.1487208949 2.2266541789 14.9400140731
1.9795803726 2.2517701629 14.4084769783
1.8155351531 2.2752687764 13.8727914566
1.6566295839 2.2971980297 13.3355450939
1.5028824777 2.3176063437 12.7991577852
1.3542888579 2.3365423039 12.2658693331
1.2108218015 2.3540544317 11.7377310345
1.0724343521 2.3701909746 11.2166008431
0.9390614665 2.3849997144 10.7041418235
0.8106219664 2.3985277953 10.2018235403
0.6870204637 2.4108215702 9.7109260010
0.5681492336 2.4219264670 9.2325457352
0.4538900225 2.4318868721 8.7676036482
0.3441157682 2.4407460315 8.3168542617
0.2386922270 2.4485459685 7.8808960324
0.1374794918 2.4553274175 7.4601823881
0.0403333992 2.4611297711 7.0550332203
-0.0528931844 2.4659910424 6.6656465519
-0.1423491833 2.4699478373 6.2921102563
-0.2281842570 2.4730353403 5.9344135292
-0.3105478550 2.4752873080 5.5924580423
-0.3895883811 2.4767360737 5.2660686391
-0.4654524623 2.4774125577 4.9550034835
-0.5382843159 2.4773462866 4.6589635975
-0.6082252095 2.4765654164 4.3776017473
-0.6754130063 2.4750967622 4.1105306476
-0.7399817896 2.4729658314 3.8573304820
-0.8020615595 2.4701968606 3.6175557402
-0.8617779945 2.4668128549 3.3907413888
-0.9192522726 2.4628356300 3.1764083977
-0.9746009446 2.4582858552 2.9740686520
-1.0279358542 2.4531830979 2.7832292844
-1.0793640989 2.4475458692 2.6033964640
-1.1289880272 2.4413916687 2.4340786812
-1.1769052659 2.4347370302 2.2747895679
-1.2232087749 2.4275975668 2.1250502928
-1.2679869235 2.4199880156 1.9843915706
-1.3113235863 2.4119222808 1.8523553214
-1.3532982537 2.4034134771 1.7284960179
-1.3939861558 2.3944739713 1.6123817530
-1.4334583950 2.3851154223 1.5035950588
-1.4717820874 2.3753488211 1.4017335084
-1.5090205082 2.3651845279 1.3064101261
-1.5452332419 2.3546323090 1.2172536305
-1.5804763342 2.3437013716 1.1339085353
-1.6148024439 2.3324003974 1.0560351265
-1.6482609955 2.3207375746 0.9833093345
-1.6808983299 2.3087206287 0.9154225191
-1.7127578523 2.2963568517 0.8520811813
-1.7438801784 2.2836531295 0.7930066151
-1.7743032758 2.2706159688 0.7379345107
-1.8040626026 2.2572515220 0.6866145206
-1.8331912413 2.2435656106 0.6388097958
-1.8617200277 2.2295637483 0.5942965010
-1.8896776762 2.2152511615 0.5528633157
-1.9170908994 2.2006328101 0.5143109259
-1.9439845228 2.1857134058 0.4784515128
-1.9703815952 2.1704974305 0.4451082417
-1.9963034934 2.1549891525 0.4141147548
-2.0217700229 2.1391926428 0.3853146714
-2.0467995126 2.1231117897 0.3585610970
-2.0714089063 2.1067503128 0.3337161444
-2.0956138483 2.0901117762 0.3106504671
-2.1194287650 2.0731996005 0.2892428077
-2.1428669425 2.0560170747 0.2693795609
-2.1659405998 2.0385673668 0.2509543528
-2.1886609574 2.0208535337 0.2338676362
-2.2110383032 2.0028785310 0.2180263021
-2.2330820536 1.9846452215 0.2033433089
-2.2548008115 1.9661563836 0.1897373269
-2.2762024213 1.9474147193 0.1771324004
-2.2972940199 1.9284228606 0.1654576254
-2.3180820851 1.9091833770 0.1546468432
-2.3385724811 1.8896987812 0.1446383501
-2.3587705010 1.8699715352 0.1353746210
-2.3786809069 1.8500040558 0.1268020489
-2.3983079673 1.8297987192 0.1188706979
-2.4176554922 1.8093578660 0.1115340696
-2.4367268664 1.7886838058 0.1047488829
-2.4555250799 1.7677788205 0.0984748663
-2.4740527567 1.7466451688 0.0926745623
-2.4923121824 1.7252850892 0.0873131422
-2.5103053288 1.7037008036 0.0823582338
-2.5280338777 1.6818945198 0.0777797573
-2.5454992431 1.6598684348 0.0735497728
-2.5627025914 1.6376247370 0.0696423361
-2.5796448611 1.6151656086 0.0660333640
-2.5963267802 1.5924932278 0.0627005074
-2.6127488833 1.5696097712 0.0596230329
-2.6289115270 1.5465174148 0.0567817120
-2.6448149044 1.5232183367 0.0541587167
-2.6604590588 1.4997147178 0.0517375224
-2.6758438962 1.4760087439 0.0495028173
-2.6909691970 1.4521026065 0.0474404166
-2.7058346272 1.4279985046 0.0455371840
-2.7204397482 1.4036986452 0.0437809569
-2.7347840265 1.3792052446 0.0421604774
-2.7488668426 1.3545205296 0.0406653278
-2.7626874990 1.3296467377 0.0392858703
-2.7762452279 1.3045861184 0.0380131909
-2.7895391983 1.2793409338 0.0368390472
-2.8025685228 1.2539134588 0.0357558195
-2.8153322634 1.2283059824 0.0347564656
-2.8278294373 1.2025208076 0.0338344786
-2.8400590223 1.1765602520 0.0329838476
-2.8520199618 1.1504266483 0.0321990211
-2.8637111689 1.1241223446 0.0314748732
-2.8751315315 1.0976497048 0.0308066720
-2.8862799152 1.0710111088 0.0301900502
-2.8971551679 1.0442089524 0.0296209780
-2.9077561227 1.0172456481 0.0290957377
-2.9180816012 0.9901236250 0.0286109006
-2.9281304164 0.9628453286 0.0281633047
-2.9379013755 0.9354132216 0.0277500348
-2.9473932825 0.9078297833 0.0273684039
-2.9566049404 0.8800975100 0.0270159358
-2.9655351533 0.8522189151 0.0266903486
-2.9741827289 0.8241965289 0.0263895406
-2.9825464800 0.7960328986 0.0261115757
-2.9906252263 0.7677305884 0.0258546713
-2.9984177962 0.7392921796 0.0256171859
-3.0059230283 0.7107202700 0.0253976086
-3.0131397726 0.6820174745 0.0251945489
-3.0200668920 0.6531864244 0.0250067272
-3.0267032638 0.6242297677 0.0248329661
-3.0330477801 0.5951501691 0.0246721826
-3.0390993499 0.5659503091 0.0245233808
-3.0448568989 0.5366328850 0.0243856448
-3.0503193717 0.5072006097 0.0242581324
-3.0554857315 0.4776562123 0.0241400694
-3.0603549618 0.4480024374 0.0240307444
-3.0649260667 0.4182420455 0.0239295036
-3.0691980716 0.3883778121 0.0238357460
-3.0731700241 0.3584125281 0.0237489198
-3.0768409945 0.3283489995 0.0236685179
-3.0802100763 0.2981900469 0.0235940748
-3.0832763867 0.2679385057 0.0235251628
-3.0860390676 0.2375972255 0.0234613893
-3.0884972854 0.2071690702 0.0234023941
-3.0906502317 0.1766569176 0.0233478462
-3.0924971241 0.1460636593 0.0232974422
-3.0940372060 0.1153922003 0.0232509035
-3.0952697473 0.0846454589 0.0232079744
-3.0961940447 0.0538263665 0.0231684208
-3.0968094222 0.0229378670 0.0231320274
-3.0971152310 -0.0080170829 0.0230985971
-3.0971108501 -0.0390355143 0.0230679493
-3.0967956867 -0.0701144464 0.0230399181
-3.0961691761 -0.1012508864 0.0230143518
-3.0952307821 -0.1324418301 0.0229911111
-3.0939799974 -0.1636842623 0.0229700686
-3.0924163436 -0.1949751566 0.0229511074
-3.0905393716 -0.2263114757 0.0229341207
-3.0883486615 -0.2576901723 0.0229190104
-3.0858438232 -0.2891081888 0.0229056870
-3.0830244963 -0.3205624574 0.0228940685
-3.0798903503 -0.3520499012 0.0228840798
-3.0764410848 -0.3835674337 0.0228756524
-3.0726764297 -0.4151119594 0.0228687235
-3.0685961453 -0.4466803740 0.0228632359
-3.0642000223 -0.4782695648 0.0228591372
-3.0594878823 -0.5098764110 0.0228563797
-3.0544595776 -0.5414977839 0.0228549198
-3.0491149913 -0.5731305470 0.0228547177
-3.0434540376 -0.6047715569 0.0228557372
-3.0374766619 -0.6364176627 0.0228579454
-3.0311828406 -0.6680657072 0.0228613124
-3.0245725818 -0.6997125267 0.0228658108
-3.0176459247 -0.7313549514 0.0228714160
-3.0104029400 -0.7629898055 0.0228781056
-3.0028437300 -0.7946139081 0.0228858592
-2.9949684289 -0.8262240728 0.0228946587
-2.9867772023 -0.8578171085 0.0229044873
-2.9782702476 -0.8893898193 0.0229153304
-2.9694477943 -0.9209390054 0.0229271745
-2.9603101034 -0.9524614626 0.0229400078
-2.9508574682 -0.9839539835 0.0229538196
-2.9410902139 -1.0154133571 0.0229686004
-2.9310086975 -1.0468363694 0.0229843420
-2.9206133084 -1.0782198039 0.0230010370
-2.9099044680 -1.1095604415 0.0230186791
-2.8988826297 -1.1408550610 0.0230372628
-2.8875482793 -1.1721004397 0.0230567833
-2.8759019346 -1.2032933534 0.0230772368
-2.8639441457 -1.2344305766 0.0230986199
-2.8516754949 -1.2655088831 0.0231209302
-2.8390965968 -1.2965250464 0.0231441655
-2.8262080983 -1.3274758397 0.0231683245
-2.8130106783 -1.3583580363 0.0231934062
-2.7995050481 -1.3891684101 0.0232194101
-2.7856919515 -1.4199037360 0.0232463364
-2.7715721641 -1.4505607896 0.0232741854
-2.7571464941 -1.4811363484 0.0233029579
-2.7424157818 -1.5116271916 0.0233326553
-2.7273808996 -1.5420301004 0.0233632790
-2.7120427523 -1.5723418583 0.0233948309
-2.6964022767 -1.6025592521 0.0234273134
-2.6804604419 -1.6326790713 0.0234607289
-2.6642182489 -1.6626981089 0.0234950802
-2.6476767310 -1.6926131616 0.0235303704
-2.6308369535 -1.7224210305 0.0235666028
-2.6137000136 -1.7521185208 0.0236037811
-2.5962670404 -1.7817024424 0.0236419090
-2.5785391953 -1.8111696105 0.0236809907
-2.5605176710 -1.8405168458 0.0237210303
-2.5422036925 -1.8697409745 0.0237620324
-2.5235985163 -1.8988388287 0.0238040017
-2.5047034307 -1.9278072474 0.0238469430
-2.4855197554 -1.9566430760 0.0238908615
-2.4660488421 -1.9853431669 0.0239357624
-2.4462920736 -2.0139043800 0.0239816513
-2.4262508642 -2.0423235830 0.0240285336
-2.4059266597 -2.0705976516 0.0240764154
-2.3853209370 -2.0987234696 0.0241253025
-2.3644352043 -2.1266979299 0.0241752012
-2.3432710007 -2.1545179342 0.0242261178
-2.3218298965 -2.1821803936 0.0242780588
-2.3001134928 -2.2096822289 0.0243310309
-2.2781234216 -2.2370203710 0.0243850409
-2.2558613455 -2.2641917610 0.0244400959
-2.2333289578 -2.2911933507 0.0244962031
-2.2105279823 -2.3180221030 0.0245533697
-2.1874601729 -2.3446749921 0.0246116032
-2.1641273143 -2.3711490037 0.0246709114
-2.1405312210 -2.3974411357 0.0247313021
-2.1166737375 -2.4235483981 0.0247927832
-2.0925567385 -2.4494678138 0.0248553629
-2.0681821282 -2.4751964182 0.0249190495
-2.0435518407 -2.5007312605 0.0249838515
-2.0186678395 -2.5260694033 0.0250497774
-1.9935321174 -2.5512079228 0.0251168362
-1.9681466966 -2.5761439099 0.0251850367
-1.9425136285 -2.6008744699 0.0252543881
-1.9166349932 -2.6253967230 0.0253248997
-1.8905128999 -2.6497078044 0.0253965810
-1.8641494861 -2.6738048651 0.0254694415
-1.8375469182 -2.6976850718 0.0255434910
-1.8107073907 -2.7213456074 0.0256187396
-1.7836331264 -2.7447836713 0.0256951973
-1.7563263762 -2.7679964795 0.0257728744
-1.7287894185 -2.7909812653 0.0258517815
-1.7010245599 -2.8137352794 0.0259319292
-1.6730341340 -2.8362557901 0.0260133283
-1.6448205022 -2.8585400837 0.0260959898
-1.6163860528 -2.8805854651 0.0261799248
-1.5877332010 -2.9023892576 0.0262651448
-1.5588643890 -2.9239488035 0.0263516613
-1.5297820855 -2.9452614644 0.0264394861
-1.5004887855 -2.9663246214 0.0265286309
-1.4709870104 -2.9871356756 0.0266191079
-1.4412793076 -3.0076920481 0.0267109295
-1.4113682501 -3.0279911806 0.0268041080
-1.3812564366 -3.0480305354 0.0268986561
-1.3509464914 -3.0678075961 0.0269945866
-1.3204410637 -3.0873198675 0.0270919127
-1.2897428279 -3.1065648760 0.0271906476
-1.2588544829 -3.1255401700 0.0272908046
-1.2277787525 -3.1442433203 0.0273923974
-1.1965183845 -3.1626719199 0.0274954398
-1.1650761509 -3.1808235848 0.0275999460
-1.1334548476 -3.1986959541 0.0277059300
-1.1016572942 -3.2162866903 0.0278134064
-1.0696863335 -3.2335934795 0.0279223898
-1.0375448316 -3.2506140316 0.0280328950
-1.0052356775 -3.2673460810 0.0281449371
-0.9727617830 -3.2837873865 0.0282585314
-0.9401260822 -3.2999357316 0.0283736933
-0.9073315314 -3.3157889248 0.0284904386
-0.8743811088 -3.3313448001 0.0286087832
-0.8412778146 -3.3466012170 0.0287287431
-0.8080246701 -3.3615560607 0.0288503349
-0.7746247178 -3.3762072428 0.0289735749
-0.7410810213 -3.3905527011 0.0290984800
-0.7073966649 -3.4045904000 0.0292250673
-0.6735747529 -3.4183183310 0.0293533538
-0.6396184102 -3.4317345125 0.0294833572
-0.6055307813 -3.4448369904 0.0296150951
-0.5713150302 -3.4576238385 0.0297485853
-0.5369743405 -3.4700931583 0.0298838462
-0.5025119146 -3.4822430793 0.0300208959
-0.4679309737 -3.4940717597 0.0301597531
-0.4332347574 -3.5055773861 0.0303004367
-0.3984265237 -3.5167581744 0.0304429657
-0.3635095481 -3.5276123691 0.0305873594
-0.3284871241 -3.5381382444 0.0307336373
-0.2933625624 -3.5483341041 0.0308818193
-0.2581391905 -3.5581982816 0.0310319252
-0.2228203528 -3.5677291406 0.0311839755
-0.1874094101 -3.5769250749 0.0313379904
-0.1519097394 -3.5857845090 0.0314939908
-0.1163247333 -3.5943058979 0.0316519976
-0.0806578000 -3.6024877278 0.0318120320
-0.0449123630 -3.6103285158 0.0319741154
-0.0090918606 -3.6178268106 0.0321382694
0.0268002545 -3.6249811923 0.0323045161
0.0627605149 -3.6317902729 0.0324728774
0.0987854397 -3.6382526964 0.0326433758
0.1348715342 -3.6443671390 0.0328160339
0.1710152903 -3.6501323092 0.0329908746
0.2072131871 -3.6555469483 0.0331679209
0.2434616909 -3.6606098301 0.0333471960
0.2797572558 -3.6653197616 0.0335287237
0.3160963237 -3.6696755829 0.0337125276
0.3524753251 -3.6736761675 0.0338986317
0.3888906789 -3.6773204224 0.0340870603
0.4253387932 -3.6806072882 0.0342778378
0.4618160653 -3.6835357395 0.0344709889
0.4983188822 -3.6861047851 0.0346665385
0.5348436209 -3.6883134677 0.0348645118
0.5713866489 -3.6901608647 0.0350649339
0.6079443240 -3.6916460879 0.0352678305
0.6445129956 -3.6927682839 0.0354732274
0.6810890039 -3.6935266341 0.0356811504
0.7176686813 -3.6939203550 0.0358916258
0.7542483520 -3.6939486983 0.0361046798
0.7908243327 -3.6936109510 0.0363203391
0.8273929329 -3.6929064356 0.0365386302
0.8639504552 -3.6918345101 0.0367595803
0.9004931958 -3.6903945684 0.0369832163
0.9370174446 -3.6885860404 0.0372095654
0.9735194858 -3.6864083916 0.0374386552
1.0099955980 -3.6838611242 0.0376705132
1.0464420551 -3.6809437763 0.0379051670
1.0828551258 -3.6776559225 0.0381426447
1.1192310748 -3.6739971740 0.0383829741
1.1555661627 -3.6699671784 0.0386261834
1.1918566464 -3.6655656204 0.0388723008
1.2280987798 -3.6607922212 0.0391213547
1.2642888136 -3.6556467393 0.0393733736
1.3004229962 -3.6501289699 0.0396283860
1.3364975737 -3.6442387456 0.0398864205
1.3725087906 -3.6379759362 0.0401475057
1.4084528898 -3.6313404488 0.0404116705
1.4443261133 -3.6243322280 0.0406789436
1.4801247025 -3.6169512558 0.0409493537
1.5158448984 -3.6091975518 0.0412229298
1.5514829420 -3.6010711734 0.0414997007
1.5870350752 -3.5925722156 0.0417796951
1.6224975401 -3.5837008113 0.0420629419
1.6578665807 -3.5744571313 0.0423494697
1.6931384421 -3.5648413841 0.0426393073
1.7283093717 -3.5548538165 0.0429324832
1.7633756191 -3.5444947132 0.0432290259
1.7983334367 -3.5337643970 0.0435289639
1.8331790802 -3.5226632288 0.0438323253
1.8679088085 -3.5111916077 0.0441391382
1.9025188845 -3.4993499712 0.0444494305
1.9370055758 -3.4871387948 0.0447632299
1.9713651540 -3.4745585925 0.0450805639
2.0055938962 -3.4616099166 0.0454014597
2.0396880849 -3.4482933575 0.0457259443
2.0736440083 -3.4346095444 0.0460540441
2.1074579608 -3.4205591444 0.0463857858
2.1411262436 -3.4061428634 0.0467211951
2.1746451647 -3.3913614454 0.0470602975
2.2080110397 -3.3762156731 0.0474031184
2.2412201916 -3.3607063674 0.0477496824
2.2742689518 -3.3448343876 0.0481000137
2.3071536605 -3.3286006315 0.0484541360
2.3398706663 -3.3120060354 0.0488120725
2.3724163274 -3.2950515736 0.0491738459
2.4047870117 -3.2777382591 0.0495394780
2.4369790975 -3.2600671432 0.0499089902
2.4689889728 -3.2420393153 0.0502824032
2.5008130373 -3.2236559033 0.0506597368
2.5324477016 -3.2049180732 0.0510410101
2.5638893881 -3.1858270293 0.0514262413
2.5951345309 -3.1663840141 0.0518154480
2.6261795770 -3.1465903080 0.0522086468
2.6570209861 -3.1264472296 0.0526058530
2.6876552312 -3.1059561357 0.0530070813
2.7180787985 -3.0851184207 0.0534123452
2.7482881885 -3.0639355172 0.0538216572
2.7782799163 -3.0424088954 0.0542350284
2.8080505116 -3.0205400634 0.0546524689
2.8375965192 -2.9983305669 0.0550739874
2.8669144993 -2.9757819893 0.0554995916
2.8960010285 -2.9528959515 0.0559292875
2.9248526995 -2.9296741116 0.0563630797
2.9534661220 -2.9061181653 0.0568009713
2.9818379221 -2.8822298456 0.0572429640
3.0099647438 -2.8580109225 0.0576890579
3.0378432494 -2.8334632030 0.0581392513
3.0654701193 -2.8085885311 0.0585935405
3.0928420525 -2.7833887876 0.0590519204
3.1199557663 -2.7578658903 0.0595143839
3.1468079982 -2.7320217934 0.0599809221
3.1733955057 -2.7058584873 0.0604515239
3.1997150664 -2.6793779990 0.0609261757
3.2257634785 -2.6525823916 0.0614048624
3.2515375607 -2.6254737645 0.0618875662
3.2770341531 -2.5980542531 0.0623742675
3.3022501178 -2.5703260282 0.0628649440
3.3271823394 -2.5422912965 0.0633595708
3.3518277248 -2.5139523000 0.0638581204
3.3761832038 -2.4853113161 0.0643605629
3.4002457287 -2.4563706576 0.0648668657
3.4240122758 -2.4271326725 0.0653769935
3.4474798460 -2.3975997430 0.0658909079
3.4706454645 -2.3677742862 0.0664085675
3.4935061811 -2.3376587538 0.0669299278
3.5160590706 -2.3072556318 0.0674549416
3.5383012329 -2.2765674405 0.0679835581
3.5602297944 -2.2455967340 0.0685157236
3.5818419080 -2.2143460999 0.0690513805
3.6031347529 -2.1828181596 0.0695904680
3.6241055354 -2.1510155678 0.0701329217
3.6447514885 -2.1189410125 0.0706786737
3.6650698738 -2.0865972146 0.0712276524
3.6850579807 -2.0539869273 0.0717797821
3.7047131273 -2.0211129368 0.0723349833
3.7240326604 -1.9879780612 0.0728931727
3.7430139555 -1.9545851511 0.0734542628
3.7616544182 -1.9209370888 0.0740181621
3.7799514840 -1.8870367878 0.0745847747
3.7979026187 -1.8528871932 0.0751540003
3.8155053186 -1.8184912812 0.0757257345
3.8327571107 -1.7838520593 0.0762998683
3.8496555537 -1.7489725650 0.0768762882
3.8661982382 -1.7138558664 0.0774548760
3.8823827864 -1.6785050614 0.0780355087
3.8982068531 -1.6429232783 0.0786180589
3.9136681255 -1.6071136748 0.0792023941
3.9287643243 -1.5710794378 0.0797883771
3.9434932035 -1.5348237830 0.0803758655
3.9578525509 -1.4983499551 0.0809647121
3.9718401882 -1.4616612274 0.0815547645
3.9854539713 -1.4247609014 0.0821458654
3.9986917915 -1.3876523061 0.0827378521
4.0115515749 -1.3503387984 0.0833305569
4.0240312829 -1.3128237622 0.0839238066
4.0361289125 -1.2751106091 0.0845174230
4.0478424970 -1.2372027769 0.0851112226
4.0591701061 -1.1991037296 0.0857050163
4.0701098462 -1.1608169574 0.0862986099
4.0806598605 -1.1223459765 0.0868918038
4.0908183295 -1.0836943287 0.0874843929
4.1005834715 -1.0448655804 0.0880761671
4.1099535427 -1.0058633230 0.0886669107
4.1189268376 -0.9666911722 0.0892564025
4.1275016890 -0.9273527680 0.0898444163
4.1356764684 -0.8878517746 0.0904307205
4.1434495867 -0.8481918789 0.0910150784
4.1508194943 -0.8083767911 0.0915972479
4.1577846809 -0.7684102442 0.0921769818
4.1643436763 -0.7282959937 0.0927540278
4.1704950503 -0.6880378174 0.0933281289
4.1762374135 -0.6476395142 0.0938990229
4.1815694172 -0.6071049043 0.0944664428
4.1864897538 -0.5664378292 0.0950301169
4.1909971564 -0.5256421510 0.0955897689
4.1950904000 -0.4847217521 0.0961451179
4.1987683015 -0.4436805342 0.0966958789
4.2020297196 -0.4025224187 0.0972417624
4.2048735554 -0.3612513460 0.0977824750
4.2072987520 -0.3198712756 0.0983177193
4.2093042956 -0.2783861850 0.0988471944
4.2108892152 -0.2368000693 0.0993705955
4.2120525830 -0.1951169415 0.0998876147
4.2127935142 -0.1533408315 0.1003979409
4.2131111677 -0.1114757862 0.1009012602
4.2130047461 -0.0695258684 0.1013972558
4.2124734961 -0.0274951570 0.1018856087
4.2115167080 0.0146122536 0.1023659975
4.2101337167 0.0567922539 0.1028380991
4.2083239014 0.0990407198 0.1033015887
4.2060866859 0.1413535130 0.1037561400
4.2034215387 0.1837264813 0.1042014259
4.2003279731 0.2261554590 0.1046371184
4.1968055474 0.2686362676 0.1050628892
4.1928538653 0.3111647159 0.1054784099
4.1884725754 0.3537366007 0.1058833524
4.1836613718 0.3963477070 0.1062773891
4.1784199943 0.4389938084 0.1066601935
4.1727482278 0.4816706679 0.1070314406
4.1666459033 0.5243740381 0.1073908069
4.1601128974 0.5670996615 0.1077379713
4.1531491324 0.6098432709 0.1080726149
4.1457545767 0.6526005903 0.1083944221
4.1379292446 0.6953673350 0.1087030807
4.1296731962 0.7381392124 0.1089982820
4.1209865378 0.7809119212 0.1092797215
4.1118694218 0.8236811535 0.1095470998
4.1023220465 0.8664425946 0.1098001222
4.0923446566 0.9091919234 0.1100384998
4.0819375427 0.9519248123 0.1102619494
4.0711010413 0.9946369284 0.1104701942
4.0598355355 1.0373239339 0.1106629648
4.0481414540 1.0799814865 0.1108399988
4.0360192717 1.1226052396 0.1110010414
4.0234695097 1.1651908424 0.1111458462
4.0104927346 1.2077339413 0.1112741756
3.9970895592 1.2502301800 0.1113858010
3.9832606421 1.2926751999 0.1114805034
3.9690066875 1.3350646401 0.1115580738
3.9543284454 1.3773941380 0.1116183134
3.9392267112 1.4196593308 0.1116610347
3.9237023259 1.4618558548 0.1116860611
3.9077561758 1.5039793463 0.1116932280
3.8913891925 1.5460254415 0.1116823823
3.8746023524 1.5879897778 0.1116533840
3.8573966773 1.6298679939 0.1116061055
3.8397732333 1.6716557305 0.1115404325
3.8217331317 1.7133486297 0.1114562643
3.8032775281 1.7549423365 0.1113535137
3.7844076221 1.7964324993 0.1112321081
3.7651246579 1.8378147700 0.1110919891
3.7454299235 1.8790848044 0.1109331131
3.7253247508 1.9202382620 0.1107554512
3.7048105150 1.9612708081 0.1105589901
3.6838886349 2.0021781131 0.1103437317
3.6625605725 2.0429558530 0.1101096936
3.6408278327 2.0835997100 0.1098569089
3.6186919632 2.1241053726 0.1095854268
3.5961545539 2.1644685370 0.1092953127
3.5732172373 2.2046849069 0.1089866477
3.5498816879 2.2447501935 0.1086595294
3.5261496219 2.2846601163 0.1083140714
3.5020227970 2.3244104039 0.1079504037
3.4775030123 2.3639967945 0.1075686723
3.4525921078 2.4034150356 0.1071690394
3.4272919644 2.4426608846 0.1067516835
3.4016045036 2.4817301096 0.1063167987
3.3755316869 2.5206184898 0.1058645952
3.3490755158 2.5593218159 0.1053952986
3.3222380315 2.5978358904 0.1049091503
3.2950213150 2.6361565273 0.1044064069
3.2674274860 2.6742795539 0.1038873397
3.2394587032 2.7122008106 0.1033522350
3.2111171639 2.7499161514 0.1028013934
3.1824051038 2.7874214437 0.1022351296
3.1533247966 2.8247125692 0.1016537723
3.1238785538 2.8617854244 0.1010576631
3.0940687241 2.8986359214 0.1004471564
3.0638976937 2.9352599877 0.0998226196
3.0333678856 2.9716535661 0.0991844318
3.0024817597 3.0078126157 0.0985329840
2.9712418118 3.0437331130 0.0978686773
2.9396505740 3.0794110514 0.0971919239
2.9077106141 3.1148424420 0.0965031459
2.8754245358 3.1500233131 0.0958027748
2.8427949778 3.1849497115 0.0950912508
2.8098246137 3.2196177029 0.0943690218
2.7765161520 3.2540233724 0.0936365434
2.7428723354 3.2881628242 0.0928942784
2.7088959411 3.3220321821 0.0921426957
2.6745897804 3.3556275900 0.0913822697
2.6399566979 3.3889452128 0.0906134794
2.6049995716 3.4219812366 0.0898368081
2.5697213129 3.4547318686 0.0890527428
2.5341248661 3.4871933372 0.0882617735
2.4982132084 3.5193618932 0.0874643921
2.4619893491 3.5512338103 0.0866610916
2.4254563297 3.5828053846 0.0858523660
2.3886172238 3.6140729356 0.0850387096
2.3514751371 3.6450328058 0.0842206160
2.3140332064 3.6756813624 0.0833985770
2.2762945997 3.7060149964 0.0825730827
2.2382625163 3.7360301238 0.0817446207
2.1999401866 3.7657231851 0.0809136751
2.1613308712 3.7950906465 0.0800807260
2.1224378613 3.8241290000 0.0792462489
2.0832644783 3.8528347635 0.0784107142
2.0438140738 3.8812044812 0.0775745865
2.0040900290 3.9092347244 0.0767383236
1.9640957547 3.9369220913 0.0759023769
1.9238346913 3.9642632077 0.0750671899
1.8833103082 3.9912547271 0.0742331984
1.8425261038 4.0178933314 0.0734008292
1.8014856055 4.0441757308 0.0725705005
1.7601923692 4.0700986643 0.0717426210
1.7186499793 4.0956589005 0.0709175892
1.6768620483 4.1208532371 0.0700957938
1.6348322169 4.1456785020 0.0692776124
1.5925641534 4.1701315532 0.0684634118
1.5500615542 4.1942092793 0.0676535475
1.5073281427 4.2179085998 0.0668483633
1.4643676697 4.2412264654 0.0660481911
1.4211839133 4.2641598584 0.0652533508
1.3777806783 4.2867057932 0.0644641498
1.3341617961 4.3088613161 0.0636808831
1.2903311247 4.3306235062 0.0629038332
1.2462925484 4.3519894754 0.0621332694
1.2020499776 4.3729563690 0.0613694485
1.1576073484 4.3935213656 0.0606126142
1.1129686229 4.4136816780 0.0598629973
1.0681377883 4.4334345528 0.0591208157
1.0231188572 4.4527772715 0.0583862740
0.9779158674 4.4717071503 0.0576595642
0.9325328812 4.4902215405 0.0569408653
0.8869739857 4.5083178290 0.0562303434
0.8412432923 4.5259934384 0.0555281523
0.7953449364 4.5432458276 0.0548344327
0.7492830775 4.5600724916 0.0541493136
0.7030618985 4.5764709625 0.0534729111
0.6566856060 4.5924388093 0.0528053298
0.6101584294 4.6079736383 0.0521466624
0.5634846213 4.6230730934 0.0514969900
0.5166684565 4.6377348567 0.0508563822
0.4697142326 4.6519566485 0.0502248979
0.4226262691 4.6657362274 0.0496025851
0.3754089071 4.6790713911 0.0489894811
0.3280665094 4.6919599766 0.0483856134
0.2806034601 4.7043998599 0.0477909994
0.2330241640 4.7163889572 0.0472056470
0.1853330466 4.7279252244 0.0466295548
0.1375345537 4.7390066579 0.0460627128
0.0896331511 4.7496312945 0.0455051022
0.0416333242 4.7597972122 0.0449566962
-0.0064604223 4.7695025297 0.0444174600
-0.0546435646 4.7787454076 0.0438873514
-0.1029115603 4.7875240477 0.0433663211
-0.1512598487 4.7958366943 0.0428543131
-0.1996838513 4.8036816334 0.0423512648
-0.2481789717 4.8110571938 0.0418571078
-0.2967405967 4.8179617470 0.0413717678
-0.3453640958 4.8243937075 0.0408951652
-0.3940448225 4.8303515331 0.0404272155
-0.4427781139 4.8358337249 0.0399678295
-0.4915592915 4.8408388280 0.0395169135
-0.5403836616 4.8453654314 0.0390743701
-0.5892465156 4.8494121683 0.0386400980
-0.6381431302 4.8529777164 0.0382139927
-0.6870687684 4.8560607982 0.0377959465
-0.7360186793 4.8586601809 0.0373858493
-0.7849880988 4.8607746770 0.0369835881
-0.8339722502 4.8624031445 0.0365890480
-0.8829663443 4.8635444867 0.0362021124
-0.9319655799 4.8641976530 0.0358226626
-0.9809651445 4.8643616385 0.0354505789
-1.0299602146 4.8640354848 0.0350857405
-1.0789459559 4.8632182799 0.0347280255
-1.1279175243 4.8619091581 0.0343773114
-1.1768700658 4.8601073009 0.0340334755
-1.2257987173 4.8578119366 0.0336963946
-1.2746986071 4.8550223407 0.0333659455
-1.3235648550 4.8517378361 0.0330420054
-1.3723925734 4.8479577930 0.0327244514
-1.4211768671 4.8436816298 0.0324131614
-1.4699128342 4.8389088122 0.0321080139
-1.5185955665 4.8336388544 0.0318088881
-1.5672201501 4.8278713184 0.0315156641
-1.6157816656 4.8216058149 0.0312282233
-1.6642751887 4.8148420028 0.0309464479
-1.7126957911 4.8075795898 0.0306702215
-1.7610385402 4.7998183323 0.0303994293
-1.8092985006 4.7915580356 0.0301339577
-1.8574707335 4.7827985540 0.0298736946
-1.9055502982 4.7735397912 0.0296185297
-1.9535322521 4.7637816997 0.0293683543
-2.0014116512 4.7535242819 0.0291230614
-2.0491835507 4.7427675893 0.0288825458
-2.0968430055 4.7315117233 0.0286467043
-2.1443850710 4.7197568347 0.0284154352
-2.1918048031 4.7075031244 0.0281886391
-2.2390972590 4.6947508430 0.0279662183
-2.2862574977 4.6815002911 0.0277480770
-2.3332805806 4.6677518195 0.0275341216
-2.3801615718 4.6535058288 0.0273242602
-2.4268955388 4.6387627700 0.0271184032
-2.4734775530 4.6235231445 0.0269164627
-2.5199026903 4.6077875038 0.0267183529
-2.5661660313 4.5915564498 0.0265239899
-2.6122626621 4.5748306348 0.0263332918
-2.6581876749 4.5576107618 0.0261461788
-2.7039361683 4.5398975839 0.0259625728
-2.7495032478 4.5216919051 0.0257823977
-2.7948840267 4.5029945798 0.0256055793
-2.8400736261 4.4838065130 0.0254320453
-2.8850671759 4.4641286603 0.0252617253
-2.9298598150 4.4439620280 0.0250945506
-2.9744466920 4.4233076729 0.0249304542
-3.0188229656 4.4021667024 0.0247693712
-3.0629838051 4.3805402748 0.0246112382
-3.1069243913 4.3584295988 0.0244559933
-3.1506399164 4.3358359336 0.0243035767
-3.1941255851 4.3127605892 0.0241539300
-3.2373766148 4.2892049262 0.0240069963
-3.2803882361 4.2651703554 0.0238627205
-3.3231556935 4.2406583385 0.0237210488
-3.3656742459 4.2156703873 0.0235819290
-3.4079391669 4.1902080643 0.0234453104
-3.4499457457 4.1642729822 0.0233111436
-3.4916892871 4.1378668040 0.0231793806
-3.5331651126 4.1109912431 0.0230499750
-3.5743685604 4.0836480629 0.0229228813
-3.6152949864 4.0558390770 0.0227980555
-3.6559397640 4.0275661490 0.0226754550
-3.6962982856 3.9988311925 0.0225550381
-3.7363659622 3.9696361709 0.0224367644
-3.7761382245 3.9399830973 0.0223205948
-3.8156105230 3.9098740347 0.0222064910
-3.8547783288 3.8793110954 0.0220944162
-3.8936371341 3.8482964413 0.0219843342
-3.9321824525 3.8168322837 0.0218762102
-3.9704098196 3.7849208831 0.0217700101
-4.0083147936 3.7525645489 0.0216657010
-4.0458929556 3.7197656397 0.0215632507
-4.0831399102 3.6865265629 0.0214626281
-4.1200512863 3.6528497746 0.0213638029
-4.1566227370 3.6187377793 0.0212667456
-4.1928499404 3.5841931300 0.0211714277
-4.2287286003 3.5492184281 0.0210778213
-4.2642544463 3.5138163228 0.0209858995
-4.2994232346 3.4779895115 0.0208956358
-4.3342307482 3.4417407391 0.0208070049
-4.3686727976 3.4050727983 0.0207199819
-4.4027452213 3.3679885289 0.0206345427
-4.4364438861 3.3304908182 0.0205506637
-4.4697646877 3.2925826003 0.0204683222
-4.5027035512 3.2542668563 0.0203874960
-4.5352564314 3.2155466137 0.0203081635
-4.5674193136 3.1764249465 0.0202303039
-4.5991882136 3.1369049749 0.0201538966
-4.6305591786 3.0969898651 0.0200789219
-4.6615282876 3.0566828291 0.0200053604
-4.6920916515 3.0159871241 0.0199331935
-4.7222454140 2.9749060529 0.0198624030
-4.7519857517 2.9334429634 0.0197929709
-4.7813088750 2.8916012481 0.0197248803
-4.8102110281 2.8493843440 0.0196581142
-4.8386884895 2.8067957327 0.0195926564
-4.8667375729 2.7638389396 0.0195284909
-4.8943546270 2.7205175340 0.0194656025
-4.9215360365 2.6768351287 0.0194039761
-4.9482782221 2.6327953797 0.0193435971
-4.9745776413 2.5884019859 0.0192844514
-5.0004307886 2.5436586891 0.0192265251
-5.0258341959 2.4985692733 0.0191698049
-5.0507844331 2.4531375647 0.0191142778
-5.0752781086 2.4073674312 0.0190599312
-5.0993118692 2.3612627823 0.0190067526
-5.1228824013 2.3148275686 0.0189547303
-5.1459864304 2.2680657818 0.0189038525
-5.1686207226 2.2209814539 0.0188541080
-5.1907820839 2.1735786573 0.0188054859
-5.2124673613 2.1258615042 0.0187579755
-5.2336734431 2.0778341466 0.0187115666
-5.2543972591 2.0295007755 0.0186662491
-5.2746357813 1.9808656210 0.0186220133
-5.2943860237 1.9319329516 0.0185788497
-5.3136450435 1.8827070743 0.0185367493
-5.3324099408 1.8331923336 0.0184957033
-5.3506778594 1.7833931117 0.0184557029
-5.3684459870 1.7333138281 0.0184167400
-5.3857115555 1.6829589388 0.0183788065
-5.4024718416 1.6323329363 0.0183418945
-5.4187241669 1.5814403492 0.0183059966
-5.4344658985 1.5302857416 0.0182711056
-5.4496944491 1.4788737131 0.0182372143
-5.4644072777 1.4272088980 0.0182043160
-5.4786018896 1.3752959652 0.0181724042
-5.4922758369 1.3231396174 0.0181414725
-5.5054267190 1.2707445913 0.0181115149
-5.5180521826 1.2181156568 0.0180825255
-5.5301499222 1.1652576166 0.0180544988
-5.5417176805 1.1121753059 0.0180274292
-5.5527532487 1.0588735920 0.0180013117
-5.5632544668 1.0053573735 0.0179761412
-5.5732192236 0.9516315806 0.0179519131
-5.5826454577 0.8977011740 0.0179286227
-5.5915311572 0.8435711449 0.0179062658
-5.5998743603 0.7892465141 0.0178848382
-5.6076731555 0.7347323320 0.0178643360
-5.6149256819 0.6800336782 0.0178447555
-5.6216301294 0.6251556605 0.0178260932
-5.6277847392 0.5701034149 0.0178083458
-5.6333878041 0.5148821051 0.0177915101
-5.6384376683 0.4594969220 0.0177755832
-5.6429327283 0.4039530830 0.0177605624
-5.6468714328 0.3482558320 0.0177464451
-5.6502522831 0.2924104385 0.0177332290
-5.6530738330 0.2364221972 0.0177209119
-5.6553346898 0.1802964279 0.0177094919
-5.6570335138 0.1240384744 0.0176989672
-5.6581690189 0.0676537047 0.0176893362
-5.6587399728 0.0111475098 0.0176805974
-5.6587451973 -0.0454746963 0.0176727496
-5.6581835683 -0.1022074772 0.0176657919
-5.6570540162 -0.1590453746 0.0176597232
-5.6553555261 -0.2159829089 0.0176545431
-5.6530871380 -0.2730145799 0.0176502508
-5.6502479471 -0.3301348664 0.0176468463
-5.6468371037 -0.3873382281 0.0176443292
-5.6428538137 -0.4446191050 0.0176426997
-5.6382973387 -0.5019719182 0.0176419580
-5.6331669963 -0.5593910707 0.0176421046
-5.6274621600 -0.6168709479 0.0176431399
-5.6211822595 -0.6744059176 0.0176450649
-5.6143267811 -0.7319903311 0.0176478804
-5.6068952675 -0.7896185235 0.0176515876
-5.5988873183 -0.8472848145 0.0176561878
-5.5903025900 -0.9049835083 0.0176616826
-5.5811407958 -0.9627088946 0.0176680736
-5.5714017066 -1.0204552493 0.0176753627
-5.5610851503 -1.0782168350 0.0176835520
-5.5501910124 -1.1359879009 0.0176926438
-5.5387192358 -1.1937626839 0.0177026404
-5.5266698214 -1.2515354093 0.0177135446
-5.5140428277 -1.3093002914 0.0177253591
-5.5008383713 -1.3670515333 0.0177380869
-5.4870566267 -1.4247833278 0.0177517313
-5.4726978266 -1.4824898586 0.0177662956
-5.4577622620 -1.5401653003 0.0177817835
-5.4422502824 -1.5978038192 0.0177981987
-5.4261622953 -1.6553995729 0.0178155451
-5.4094987670 -1.7129467124 0.0178338271
-5.3922602223 -1.7704393818 0.0178530490
-5.3744472446 -1.8278717193 0.0178732154
-5.3560604761 -1.8852378570 0.0178943310
-5.3371006175 -1.9425319219 0.0179164010
-5.3175684286 -1.9997480371 0.0179394304
-5.2974647280 -2.0568803217 0.0179634248
-5.2767903930 -2.1139228912 0.0179883897
-5.2555463599 -2.1708698584 0.0180143311
-5.2337336240 -2.2277153343 0.0180412550
-5.2113532396 -2.2844534285 0.0180691677
-5.1884063197 -2.3410782489 0.0180980758
-5.1648940366 -2.3975839038 0.0181279860
-5.1408176216 -2.4539645014 0.0181589052
-5.1161783646 -2.5102141508 0.0181908408
-5.0909776149 -2.5663269624 0.0182238002
-5.0652167805 -2.6222970488 0.0182577910
-5.0388973286 -2.6781185251 0.0182928213
-5.0120207849 -2.7337855095 0.0183288992
-4.9845887345 -2.7892921242 0.0183660332
-4.9566028208 -2.8446324957 0.0184042319
-4.9280647465 -2.8998007553 0.0184435044
-4.8989762726 -2.9547910403 0.0184838599
-4.8693392193 -3.0095974938 0.0185253078
-4.8391554649 -3.0642142659 0.0185678579
-4.8084269466 -3.1186355139 0.0186115204
-4.7771556599 -3.1728554034 0.0186563054
-4.7453436590 -3.2268681082 0.0187022236
-4.7129930561 -3.2806678116 0.0187492860
-4.6801060217 -3.3342487066 0.0187975037
-4.6466847846 -3.3876049965 0.0188468883
-4.6127316314 -3.4407308956 0.0188974515
-4.5782489069 -3.4936206300 0.0189492054
-4.5432390134 -3.5462684377 0.0190021627
-4.5077044110 -3.5986685699 0.0190563359
-4.4716476175 -3.6508152907 0.0191117382
-4.4350712079 -3.7027028785 0.0191683831
-4.3979778146 -3.7543256265 0.0192262843
-4.3603701271 -3.8056778427 0.0192854560
-4.3222508918 -3.8567538511 0.0193459127
-4.2836229122 -3.9075479922 0.0194076692
-4.2444890481 -3.9580546233 0.0194707408
-4.2048522161 -4.0082681197 0.0195351431
-4.1647153889 -4.0581828743 0.0196008921
-4.1240815954 -4.1077932995 0.0196680042
-4.0829539206 -4.1570938266 0.0197364962
-4.0413355050 -4.2060789071 0.0198063854
-3.9992295448 -4.2547430132 0.0198776893
-3.9566392915 -4.3030806381 0.0199504260
-3.9135680519 -4.3510862969 0.0200246142
-3.8700191875 -4.3987545272 0.0201002726
-3.8259961147 -4.4460798895 0.0201774208
-3.7815023041 -4.4930569678 0.0202560787
-3.7365412809 -4.5396803703 0.0203362666
-3.6911166241 -4.5859447301 0.0204180053
-3.6452319663 -4.6318447054 0.0205013164
-3.5988909939 -4.6773749807 0.0205862216
-3.5520974465 -4.7225302667 0.0206727433
-3.5048551164 -4.7673053012 0.0207609046
-3.4571678490 -4.8116948501 0.0208507289
-3.4090395419 -4.8556937070 0.0209422402
-3.3604741450 -4.8992966948 0.0210354633
-3.3114756598 -4.9424986657 0.0211304233
-3.2620481398 -4.9852945018 0.0212271461
-3.2121956894 -5.0276791159 0.0213256581
-3.1619224643 -5.0696474520 0.0214259865
-3.1112326706 -5.1111944856 0.0215281589
-3.0601305650 -5.1523152247 0.0216322037
-3.0086204540 -5.1930047103 0.0217381501
-2.9567066941 -5.2332580164 0.0218460278
-2.9043936910 -5.2730702513 0.0219558673
-2.8516858995 -5.3124365580 0.0220676998
-2.7985878231 -5.3513521141 0.0221815573
-2.7451040137 -5.3898121334 0.0222974726
-2.6912390712 -5.4278118656 0.0224154791
-2.6369976431 -5.4653465973 0.0225356113
-2.5823844243 -5.5024116524 0.0226579042
-2.5274041565 -5.5390023927 0.0227823940
-2.4720616281 -5.5751142183 0.0229091174
-2.4163616736 -5.6107425684 0.0230381123
-2.3603091734 -5.6458829216 0.0231694174
-2.3039090530 -5.6805307965 0.0233030724
-2.2471662832 -5.7146817524 0.0234391177
-2.1900858795 -5.7483313895 0.0235775951
-2.1326729012 -5.7814753498 0.0237185471
-2.0749324518 -5.8141093174 0.0238620174
-2.0168696780 -5.8462290189 0.0240080507
-1.9584897694 -5.8778302242 0.0241566929
-1.8997979585 -5.9089087470 0.0243079908
-1.8407995194 -5.9394604450 0.0244619927
-1.7814997683 -5.9694812208 0.0246187478
-1.7219040626 -5.9989670221 0.0247783066
-1.6620178002 -6.0279138423 0.0249407210
-1.6018464196 -6.0563177211 0.0251060439
-1.5413953994 -6.0841747449 0.0252743298
-1.4806702571 -6.1114810472 0.0254456344
-1.4196765498 -6.1382328093 0.0256200149
-1.3584198727 -6.1644262607 0.0257975298
-1.2969058593 -6.1900576793 0.0259782392
-1.2351401805 -6.2151233925 0.0261622047
-1.1731285444 -6.2396197771 0.0263494894
-1.1108766957 -6.2635432599 0.0265401580
-1.0483904153 -6.2868903183 0.0267342769
-0.9856755196 -6.3096574808 0.0269319142
-0.9227378603 -6.3318413272 0.0271331397
-0.8595833236 -6.3534384893 0.0273380249
-0.7962178301 -6.3744456511 0.0275466434
-0.7326473337 -6.3948595496 0.0277590705
-0.6688778217 -6.4146769749 0.0279753833
-0.6049153139 -6.4338947709 0.0281956613
-0.5407658621 -6.4525098353 0.0284199856
-0.4764355499 -6.4705191207 0.0286484399
-0.4119304918 -6.4879196345 0.0288811097
-0.3472568328 -6.5047084393 0.0291180829
-0.2824207480 -6.5208826537 0.0293594496
-0.2174284417 -6.5364394525 0.0296053025
-0.1522861475 -6.5513760670 0.0298557365
-0.0870001271 -6.5656897854 0.0301108492
-0.0215766699 -6.5793779535 0.0303707406
0.0439779071 -6.5924379748 0.0306355135
0.1096572604 -6.6048673109 0.0309052734
0.1754550203 -6.6166634820 0.0311801287
0.2413647915 -6.6278240673 0.0314601905
0.3073801536 -6.6383467052 0.0317455732
0.3734946618 -6.6482290937 0.0320363940
0.4397018474 -6.6574689910 0.0323327734
0.5059952183 -6.6660642157 0.0326348352
0.5723682597 -6.6740126468 0.0329427065
0.6388144345 -6.6813122247 0.0332565180
0.7053271841 -6.6879609512 0.0335764037
0.7718999288 -6.6939568896 0.0339025015
0.8385260684 -6.6992981657 0.0342349531
0.9051989831 -6.7039829674 0.0345739041
0.9719120335 -6.7080095453 0.0349195039
1.0386585616 -6.7113762133 0.0352719063
1.1054318913 -6.7140813486 0.0356312693
1.1722253291 -6.7161233918 0.0359977553
1.2390321644 -6.7175008478 0.0363715312
1.3058456705 -6.7182122857 0.0367527687
1.3726591047 -6.7182563389 0.0371416441
1.4394657094 -6.7176317059 0.0375383389
1.5062587122 -6.7163371502 0.0379430395
1.5730313273 -6.7143715008 0.0383559379
1.6397767549 -6.7117336522 0.0387772311
1.7064881829 -6.7084225648 0.0392071222
1.7731587870 -6.7044372654 0.0396458195
1.8397817313 -6.6997768469 0.0400935379
1.9063501691 -6.6944404692 0.0405504980
1.9728572434 -6.6884273588 0.0410169269
2.0392960873 -6.6817368096 0.0414930581
2.1056598250 -6.6743681826 0.0419791321
2.1719415722 -6.6663209067 0.0424753961
2.2381344366 -6.6575944783 0.0429821045
2.3042315187 -6.6481884621 0.0434995193
2.3702259123 -6.6381024908 0.0440279098
2.4361107054 -6.6273362656 0.0445675532
2.5018789799 -6.6158895565 0.0451187350
2.5675238134 -6.6037622019 0.0456817490
2.6330382794 -6.5909541097 0.0462568975
2.6984154472 -6.5774652567 0.0468444915
2.7636483832 -6.5632956888 0.0474448516
2.8287301514 -6.5484455219 0.0480583077
2.8936538144 -6.5329149412 0.0486851992
2.9584124332 -6.5167042021 0.0493258755
3.0229990678 -6.4998136294 0.0499806967
3.0874067785 -6.4822436186 0.0506500334
3.1516286265 -6.4639946352 0.0513342672
3.2156576736 -6.4450672151 0.0520337908
3.2794869833 -6.4254619645 0.0527490090
3.3431096217 -6.4051795607 0.0534803385
3.4065186579 -6.3842207514 0.0542282083
3.4697071641 -6.3625863553 0.0549930602
3.5326682166 -6.3402772619 0.0557753496
3.5953948968 -6.3172944320 0.0565755451
3.6578802908 -6.2936388975 0.0573941293
3.7201174905 -6.2693117614 0.0582315996
3.7820995945 -6.2443141981 0.0590884680
3.8438197081 -6.2186474535 0.0599652621
3.9052709439 -6.1923128448 0.0608625250
3.9664464228 -6.1653117609 0.0617808166
4.0273392741 -6.1376456621 0.0627207129
4.0879426362 -6.1093160807 0.0636828079
4.1482496572 -6.0803246203 0.0646677130
4.2082534955 -6.0506729565 0.0656760581
4.2679473201 -6.0203628366 0.0667084919
4.3273243111 -5.9893960798 0.0677656826
4.3863776607 -5.9577745770 0.0688483186
4.4451005731 -5.9255002911 0.0699571086
4.5034862655 -5.8925752569 0.0710927828
4.5615279683 -5.8590015810 0.0722560931
4.6192189257 -5.8247814421 0.0734478139
4.6765523961 -5.7899170905 0.0746687427
4.7335216529 -5.7544108486 0.0759197008
4.7901199846 -5.7182651109 0.0772015338
4.8463406952 -5.6814823434 0.0785151127
4.9021771053 -5.6440650844 0.0798613340
4.9576225521 -5.6060159436 0.0812411209
5.0126703894 -5.5673376030 0.0826554239
5.0673139891 -5.5280328161 0.0841052214
5.1215467409 -5.4881044082 0.0855915205
5.1753620527 -5.4475552765 0.0871153580
5.2287533514 -5.4063883898 0.0886778009
5.2817140831 -5.3646067885 0.0902799470
5.3342377134 -5.3222135846 0.0919229262
5.3863177282 -5.2792119616 0.0936079012
5.4379476335 -5.2356051748 0.0953360678
5.4891209561 -5.1913965504 0.0971086562
5.5398312442 -5.1465894863 0.0989269319
5.5900720674 -5.1011874517 0.1007921960
5.6398370169 -5.0551939867 0.1027057865
5.6891197063 -5.0086127030 0.1046690791
5.7379137718 -4.9614472827 0.1066834878
5.7862128724 -4.9137014796 0.1087504656
5.8340106900 -4.8653791178 0.1108715061
5.8813009304 -4.8164840924 0.1130481433
5.9280773228 -4.7670203692 0.1152819531
5.9743336205 -4.7169919847 0.1175745538
6.0200636013 -4.6664030455 0.1199276073
6.0652610676 -4.6152577289 0.1223428191
6.1099198461 -4.5635602826 0.1248219397
6.1540337893 -4.5113150241 0.1273667652
6.1975967747 -4.4585263411 0.1299791379
6.2406027054 -4.4051986914 0.1326609468
6.2830455102 -4.3513366026 0.1354141287
6.3249191442 -4.2969446717 0.1382406685
6.3662175885 -4.2420275655 0.1411425995
6.4069348505 -4.1865900205 0.1441220046
6.4470649645 -4.1306368421 0.1471810160
6.4866019919 -4.0741729050 0.1503218160
6.5255400203 -4.0172031532 0.1535466374
6.5638731651 -3.9597325996 0.1568577635
6.6015955691 -3.9017663257 0.1602575282
6.6387014025 -3.8433094817 0.1637483164
6.6751848631 -3.7843672866 0.1673325640
6.7110401768 -3.7249450274 0.1710127574
6.7462615978 -3.6650480596 0.1747914334
6.7808434083 -3.6046818068 0.1786711793
6.8147799187 -3.5438517605 0.1826546320
6.8480654686 -3.4825634799 0.1867444771
6.8806944264 -3.4208225919 0.1909434489
6.9126611889 -3.3586347911 0.1952543294
6.9439601825 -3.2960058392 0.1996799463
6.9745858635 -3.2329415650 0.2042231725
7.0045327173 -3.1694478645 0.2088869248
7.0337952592 -3.1055307008 0.2136741622
7.0623680349 -3.0411961032 0.2185878827
7.0902456207 -2.9764501676 0.2236311232
7.1174226234 -2.9112990565 0.2288069561
7.1438936806 -2.8457489985 0.2341184869
7.1696534618 -2.7798062881 0.2395688502
7.1946966684 -2.7134772855 0.2451612085
7.2190180334 -2.6467684167 0.2508987483
7.2426123225 -2.5796861732 0.2567846749
7.2654743350 -2.5122371114 0.2628222084
7.2875989038 -2.4444278529 0.2690145815
7.3089808954 -2.3762650842 0.2753650333
7.3296152112 -2.3077555564 0.2818768033
7.3494967886 -2.2389060848 0.2885531251
7.3686206010 -2.1697235488 0.2953972239
7.3869816582 -2.1002148920 0.3024123084
7.4045750082 -2.0303871215 0.3096015618
7.4213957380 -1.9602473078 0.3169681352
7.4374389740 -1.8898025843 0.3245151431
7.4526998830 -1.8190601478 0.3322456536
7.4671736738 -1.7480272574 0.3401626762
7.4808555991 -1.6767112343 0.3482691542
7.4937409554 -1.6051194617 0.3565679592
7.5058250846 -1.5332593848 0.3650618780
7.5171033766 -1.4611385099 0.3737535981
7.5275712705 -1.3887644040 0.3826456981
7.5372242561 -1.3161446946 0.3917406410
7.5460578749 -1.2432870700 0.4010407588
7.5540677236 -1.1701992779 0.4105482351
7.5612494563 -1.0968891250 0.4202650917
7.5675987854 -1.0233644769 0.4301931834
7.5731114843 -0.9496332580 0.4403341777
7.5777833902 -0.8757034505 0.4506895382
7.5816104081 -0.8015830935 0.4612605033
7.5845885119 -0.7272802829 0.4720480831
7.5867137473 -0.6528031708 0.4830530364
7.5879822347 -0.5781599655 0.4942758564
7.5883901755 -0.5033589295 0.5057167396
7.5879338534 -0.4284083792 0.5173755797
7.5866096364 -0.3533166848 0.5292519560
7.5844139830 -0.2780922694 0.5413451016
7.5813434464 -0.2027436078 0.5536538849
7.5773946779 -0.1272792253 0.5661767950
7.5725644306 -0.0517076979 0.5789119248
7.5668495652 0.0239623494 0.5918569446
7.5602470547 0.0997222438 0.6050090843
7.5527539886 0.1755632651 0.6183651170
7.5443675784 0.2514766471 0.6319213360
7.5350851638 0.3274535789 0.6456735346
7.5249042164 0.4034852061 0.6596169915
7.5138223469 0.4795626315 0.6737464476
7.5018373112 0.5556769175 0.6880560866
7.4889470149 0.6318190866 0.7025395230
7.4751495199 0.7079801228 0.7171897811
7.4604430529 0.7841509739 0.7319992752
7.4448260093 0.8603225530 0.7469598010
7.4282969599 0.9364857389 0.7620625183
7.4108546598 1.0126313791 0.7772979352
7.3924980541 1.0887502919 0.7926558985
7.3732262837 1.1648332670 0.8081255850
7.3530386933 1.2408710678 0.8236954888
7.3319348403 1.3168544345 0.8393534154
7.3099144986 1.3927740850 0.8550864785
7.2869776672 1.4686207172 0.8708810936
7.2631245788 1.5443850119 0.8867229783
7.2383557053 1.6200576350 0.9025971543
7.2126717645 1.6956292392 0.9184879493
7.1860737283 1.7710904666 0.9343790030
7.1585628300 1.8464319527 0.9502532795
7.1301405692 1.9216443273 0.9660930752
7.1008087195 1.9967182171 0.9818800319
7.0705693362 2.0716442506 0.9975951630
7.0394247603 2.1464130588 1.0132188659
7.0073776250 2.2210152785 1.0287309457
6.9744308633 2.2954415562 1.0441106526
6.9405877107 2.3696825505 1.0593367041
6.9058517117 2.4437289348 1.0743873163
6.8702267242 2.5175714011 1.0892402527
6.8337169237 2.5912006633 1.1038728607
6.7963268065 2.6646074597 1.1182621078
6.7580611936 2.7377825564 1.1323846399
6.7189252333 2.8107167518 1.1462168363
6.6789244027 2.8834008786 1.1597348488
6.6380645101 2.9558258070 1.1729146670
6.5963516952 3.0279824498 1.1857321938
6.5537924297 3.0998617645 1.1981632852
6.5103935172 3.1714547559 1.2101838229
6.4661620909 3.2427524817 1.2217698047
6.4211056131 3.3137460547 1.2328973893
6.3752318721 3.3844266455 1.2435429726
6.3285489777 3.4547854868 1.2536832848
6.2810653585 3.5248138775 1.2632954484
6.2327897566 3.5945031837 1.2723570497
6.1837312211 3.6638448437 1.2808462366
6.1338991010 3.7328303713 1.2887417948
6.0833030398 3.8014513579 1.2960232082
6.0319529659 3.8696994755 1.3026707514
5.9798590817 3.9375664813 1.3086655825
5.9270318571 4.0050442192 1.3139897905
5.8734820179 4.0721246219 1.3186264815
5.8192205310 4.1387997154 1.3225598725
5.7642585961 4.2050616211 1.3257753354
5.7086076329 4.2709025566 1.3282594705
5.6522792634 4.3363148400 1.3300001869
5.5952853002 4.4012908916 1.3309867534
5.5376377339 4.4658232353 1.3312098475
5.4793487141 4.5299045003 1.3306616209
5.4204305320 4.5935274245 1.3293357501
5.3608956095 4.6566848546 1.3272274638
5.3007564799 4.7193697472 1.3243335898
5.2400257656 4.7815751714 1.3206525917
5.1787161682 4.8432943094 1.3161845834
5.1168404485 4.9045204565 1.3109313543
5.0544114043 4.9652470226 1.3048963815
4.9914418558 5.0254675334 1.2980848351
4.9279446300 5.0851756295 1.2905035786
4.8639325388 5.1443650666 1.2821611608
4.7994183586 5.2030297168 1.2730677973
4.7344148202 5.2611635676 1.2632353566
4.6689345880 5.3187607209 1.2526773343
4.6029902373 5.3758153935 1.2414088006
4.5365942439 5.4323219161 1.2294463744
4.4697589685 5.4882747327 1.2168081795
4.4024966379 5.5436683984 1.2035137872
4.3348193254 5.5984975794 1.1895841283
4.2667389453 5.6527570516 1.1750414707
4.1982672351 5.7064416989 1.1599093368
4.1294157411 5.7595465109 1.1442124170
4.0601958034 5.8120665817 1.1279764688
3.9906185520 5.8639971089 1.1112282871
3.9206948912 5.9153333904 1.0939955860
3.8504354892 5.9660708221 1.0763068943
3.7798507706 6.0162048968 1.0581914746
3.7089509100 6.0657312014 1.0396792445
3.6377458234 6.1146454145 1.0208006606
3.5662451614 6.1629433034 1.0015866008
3.4944583075 6.2106207232 0.9820683096
3.4223943717 6.2576736126 0.9622772736
3.3500621886 6.3040979919 0.9422451053
3.2774703160 6.3498899610 0.9220034764
3.2046270334 6.3950456960 0.9015840100
3.1315403430 6.4395614465 0.8810181670
3.0582179705 6.4834335339 0.8603371749
2.9846673671 6.5266583479 0.8395719350
2.9108957134 6.5692323440 0.8187529152
2.8369099224 6.6111520415 0.7979100851
2.7627166444 6.6524140206 0.7770728350
2.6883222743 6.6930149195 0.7562698815
2.6137329556 6.7329514329 0.7355292093
2.5389545883 6.7722203092 0.7148780090
2.4639928387 6.8108183476 0.6943425980
2.3888531458 6.8487423968 0.6739483636
2.3135407288 6.8859893529 0.6537197272
2.2380606011 6.9225561564 0.6336800811
2.1624175769 6.9584397911 0.6138517463
2.0866162823 6.9936372821 0.5942559432
2.0106611672 7.0281456937 0.5749127532
1.9345565147 7.0619621284 0.5558410939
1.8583064545 7.0950837246 0.5370587007
1.7819149724 7.1275076559 0.5185821050
1.7053859235 7.1592311292 0.5004266296
1.6287230437 7.1902513840 0.4826063783
1.5519299610 7.2205656910 0.4651342377
1.4750102079 7.2501713513 0.4480218793
1.3979672332 7.2790656956 0.4312797690
1.3208044133 7.3072460833 0.4149171787
1.2435250643 7.3347099020 0.3989422038
1.1661324530 7.3614545672 0.3833617825
1.0886298084 7.3874775215 0.3681817224
1.0110203320 7.4127762345 0.3534067244
0.9333072093 7.4373482031 0.3390404169
0.8554936193 7.4611909505 0.3250853867
0.7775827451 7.4843020272 0.3115432159
0.6995777831 7.5066790105 0.2984145208
0.6214819522 7.5283195050 0.2856989903
0.5432985027 7.5492211429 0.2733954297
0.4650307248 7.5693815844 0.2615018036
0.3866819562 7.5887985181 0.2500152796
0.3082555897 7.6074696617 0.2389322749
0.2297550801 7.6253927627 0.2282485025
0.1511839509 7.6425655988 0.2179590174
0.0725458002 7.6589859790 0.2080582636
-0.0061556940 7.6746517445 0.1985401211
-0.0849167680 7.6895607690 0.1893979527
-0.1637335685 7.7037109605 0.1806246498
-0.2426021484 7.7171002616 0.1722126785
-0.3215184624 7.7297266509 0.1641541239
-0.4004783648 7.7415881438 0.1564407344
-0.4794776059 7.7526827938 0.1490639642
-0.5585118302 7.7630086937 0.1420150150
-0.6375765741 7.7725639765 0.1352848761
-0.7166672645 7.7813468167 0.1288643632
-0.7957792179 7.7893554314 0.1227441552
-0.8749076393 7.7965880818 0.1169148305
-0.9540476220 7.8030430740 0.1113669001
-1.0331941474 7.8087187603 0.1060908400
-1.1123420854 7.8136135407 0.1010771215
-1.1914861952 7.8177258639 0.0963162398
-1.2706211256 7.8210542282 0.0917987402
-1.3497414165 7.8235971834 0.0875152435
-1.4288415005 7.8253533314 0.0834564683
-1.5079157038 7.8263213276 0.0796132526
-1.5869582490 7.8264998819 0.0759765731
-1.6659632562 7.8258877601 0.0725375622
-1.7449247458 7.8244837849 0.0692875243
-1.8238366407 7.8222868370 0.0662179498
-1.9026927686 7.8192958560 0.0633205273
-1.9814868650 7.8155098418 0.0605871546
-2.0602125758 7.8109278554 0.0580099480
-2.1388634599 7.8055490199 0.0555812500
-2.2174329926 7.7993725216 0.0532936358
-2.2959145680 7.7923976110 0.0511399186
-2.3743015026 7.7846236034 0.0491131529
-2.4525870382 7.7760498802 0.0472066377
-2.5307643447 7.7666758894 0.0454139177
-2.6088265238 7.7565011468 0.0437287840
-2.6867666115 7.7455252364 0.0421452733
-2.7645775819 7.7337478116 0.0406576669
-2.8422523498 7.7211685955 0.0392604884
-2.9197837742 7.7077873821 0.0379485008
-2.9971646610 7.6936040366 0.0367167028
-3.0743877663 7.6786184961 0.0355603249
-3.1514457997 7.6628307707 0.0344748243
-3.2283314264 7.6462409432 0.0334558802
-3.3050372711 7.6288491705 0.0324993878
-3.3815559203 7.6106556839 0.0316014525
-3.4578799253 7.5916607894 0.0307583838
-3.5340018049 7.5718648683 0.0299666887
-3.6099140481 7.5512683779 0.0292230651
-3.6856091168 7.5298718514 0.0285243949
-3.7610794483 7.5076758991 0.0278677372
-3.8363174579 7.4846812080 0.0272503215
-3.9113155411 7.4608885425 0.0266695403
-3.9860660763 7.4362987451 0.0261229424
-4.0605614270 7.4109127358 0.0256082263
-4.1347939439 7.3847315134 0.0251232324
-4.2087559671 7.3577561552 0.0246659374
-4.2824398285 7.3299878172 0.0242344467
-4.3558378534 7.3014277348 0.0238269885
-4.4289423628 7.2720772226 0.0234419069
-4.5017456752 7.2419376744 0.0230776565
-4.5742401088 7.2110105643 0.0227327955
-4.6464179825 7.1792974457 0.0224059805
-4.7182716187 7.1467999523 0.0220959606
-4.7897933440 7.1135197977 0.0218015722
-4.8609754917 7.0794587760 0.0215217335
-4.9318104027 7.0446187611 0.0212554396
-5.0022904276 7.0090017079 0.0210017581
-5.0724079278 6.9726096512 0.0207598238
-5.1421552773 6.9354447065 0.0205288351
-5.2115248637 6.8975090699 0.0203080494
-5.2805090900 6.8588050178 0.0200967791
-5.3491003757 6.8193349072 0.0198943883
-5.4172911581 6.7791011758 0.0197002888
-5.4850738938 6.7381063415 0.0195139373
-5.5524410595 6.6963530029 0.0193348315
-5.6193851536 6.6538438387 0.0191625078
-5.6858986973 6.6105816083 0.0189965384
-5.7519742357 6.5665691511 0.0188365282
-5.8176043385 6.5218093867 0.0186821131
-5.8827816021 6.4763053151 0.0185329570
-5.9474986497 6.4300600159 0.0183887501
-6.0117481328 6.3830766487 0.0182492068
-6.0755227321 6.3353584529 0.0181140636
-6.1388151586 6.2869087474 0.0179830777
-6.2016181546 6.2377309307 0.0178560253
-6.2639244947 6.1878284805 0.0177326998
-6.3257269864 6.1372049535 0.0176129107
-6.3870184717 6.0858639856 0.0174964824
-6.4477918273 6.0338092913 0.0173832527
-6.5080399663 5.9810446637 0.0172730718
-6.5677558382 5.9275739742 0.0171658014
-6.6269324307 5.8734011723 0.0170613136
-6.6855627698 5.8185302857 0.0169594903
-6.7436399214 5.7629654194 0.0168602219
-6.8011569915 5.7067107560 0.0167634072
-6.8581071274 5.6497705553 0.0166689521
-6.9144835186 5.5921491540 0.0165767695
-6.9702793972 5.5338509654 0.0164867784
-7.0254880395 5.4748804792 0.0163989035
-7.0801027659 5.4152422611 0.0163130748
-7.1341169425 5.3549409527 0.0162292270
-7.1875239813 5.2939812710 0.0161472993
-7.2403173415 5.2323680081 0.0160672346
-7.2924905298 5.1701060310 0.0159889798
-7.3440371017 5.1072002811 0.0159124851
-7.3949506617 5.0436557742 0.0158377038
-7.4452248646 4.9794775997 0.0157645920
-7.4948534159 4.9146709205 0.0156931083
-7.5438300729 4.8492409726 0.0156232141
-7.5921486449 4.7831930646 0.0155548726
-7.6398029947 4.7165325776 0.0154880493
-7.6867870387 4.6492649646 0.0154227115
-7.7330947478 4.5813957501 0.0153588282
-7.7787201483 4.5129305297 0.0152963701
-7.8236573226 4.4438749698 0.0152353093
-7.8679004098 4.3742348070 0.0151756194
-7.9114436063 4.3040158479 0.0151172753
-7.9542811669 4.2332239685 0.0150602528
-7.9964074051 4.1618651136 0.0150045293
-8.0378166941 4.0899452967 0.0149500828
-8.0785034673 4.0174705993 0.0148968926
-8.1184622190 3.9444471707 0.0148449386
-8.1576875051 3.8708812269 0.0147942019
-8.1961739441 3.7967790508 0.0147446641
-8.2339162171 3.7221469915 0.0146963078
-8.2709090691 3.6469914635 0.0146491162
-8.3071473092 3.5713189467 0.0146030732
-8.3426258117 3.4951359853 0.0145581632
-8.3773395164 3.4184491878 0.0145143715
-8.4112834294 3.3412652263 0.0144716838
-8.4444526235 3.2635908356 0.0144300864
-8.4768422393 3.1854328133 0.0143895661
-8.5084474854 3.1067980188 0.0143501101
-8.5392636392 3.0276933727 0.0143117063
-8.5692860475 2.9481258567 0.0142743431
-8.5985101272 2.8681025124 0.0142380090
-8.6269313656 2.7876304412 0.0142026932
-8.6545453214 2.7067168035 0.0141683853
-8.6813476249 2.6253688180 0.0141350753
-8.7073339789 2.5435937614 0.0141027536
-8.7325001593 2.4613989675 0.0140714107
-8.7568420152 2.3787918269 0.0140410379
-8.7803554701 2.2957797859 0.0140116266
-8.8030365220 2.2123703464 0.0139831685
-8.8248812441 2.1285710648 0.0139556559
-8.8458857854 2.0443895516 0.0139290812
-8.8660463713 1.9598334707 0.0139034371
-8.8853593038 1.8749105390 0.0138787167
-8.9038209625 1.7896285250 0.0138549135
-8.9214278048 1.7039952490 0.0138320212
-8.9381763663 1.6180185819 0.0138100336
-8.9540632618 1.5317064446 0.0137889451
-8.9690851854 1.4450668074 0.0137687504
-8.9832389110 1.3581076892 0.0137494440
-8.9965212930 1.2708371568 0.0137310213
-9.0089292665 1.1832633244 0.0137134776
-9.0204598481 1.0953943527 0.0136968085
-9.0311101362 1.0072384479 0.0136810099
-9.0408773112 0.9188038617 0.0136660780
-9.0497586365 0.8300988897 0.0136520092
-9.0577514586 0.7411318715 0.0136388001
-9.0648532073 0.6519111892 0.0136264477
-9.0710613967 0.5624452671 0.0136149492
-9.0763736252 0.4727425710 0.0136043019
-9.0807875761 0.3828116070 0.0135945035
-9.0843010178 0.2926609211 0.0135855519
-9.0869118045 0.2022990984 0.0135774451
-9.0886178765 0.1117347621 0.0135701817
-9.0894172601 0.0209765730 0.0135637601
-9.0893080687 -0.0699667716 0.0135581792
-9.0882885029 -0.1610865385 0.0135534380
-9.0863568506 -0.2523739593 0.0135495360
-9.0835114877 -0.3438202315 0.0135464724
-9.0797508782 -0.4354165192 0.0135442473
-9.0750735746 -0.5271539536 0.0135428605
-9.0694782183 -0.6190236345 0.0135423122
-9.0629635399 -0.7110166304 0.0135426030
-9.0555283594 -0.8031239796 0.0135437334
-9.0471715866 -0.8953366917 0.0135457045
-9.0378922213 -0.9876457472 0.0135485173
-9.0276893538 -1.0800420990 0.0135521732
-9.0165621648 -1.1725166736 0.0135566739
-9.0045099262 -1.2650603716 0.0135620212
-8.9915320007 -1.3576640681 0.0135682171
-8.9776278425 -1.4503186142 0.0135752641
-8.9627969976 -1.5430148381 0.0135831645
-8.9470391037 -1.6357435452 0.0135919214
-8.9303538905 -1.7284955190 0.0136015375
-8.9127411801 -1.8212615226 0.0136120163
-8.8942008873 -1.9140322997 0.0136233613
-8.8747330193 -2.0067985748 0.0136355762
-8.8543376762 -2.0995510538 0.0136486650
-8.8330150514 -2.1922804260 0.0136626321
-8.8107654314 -2.2849773648 0.0136774818
-8.7875891960 -2.3776325276 0.0136932191
-8.7634868186 -2.4702365576 0.0137098489
-8.7384588664 -2.5627800845 0.0137273765
-8.7125060004 -2.6552537256 0.0137458076
-8.6856289754 -2.7476480861 0.0137651478
-8.6578286403 -2.8399537605 0.0137854035
-8.6291059383 -2.9321613339 0.0138065808
-8.5994619068 -3.0242613819 0.0138286865
-8.5688976774 -3.1162444722 0.0138517276
-8.5374144763 -3.2081011658 0.0138757113
-8.5050136243 -3.2998220171 0.0139006451
-8.4716965364 -3.3913975753 0.0139265369
-8.4374647225 -3.4828183858 0.0139533948
-8.4023197872 -3.5740749901 0.0139812273
-8.3662634294 -3.6651579276 0.0140100430
-8.3292974432 -3.7560577362 0.0140398512
-8.2914237170 -3.8467649532 0.0140706613
-8.2526442343 -3.9372701165 0.0141024829
-8.2129610728 -4.0275637651 0.0141353261
-8.1723764055 -4.1176364407 0.0141692016
-8.1308924996 -4.2074786879 0.0142041199
-8.0885117172 -4.2970810559 0.0142400922
-8.0452365150 -4.3864340988 0.0142771302
-8.0010694440 -4.4755283772 0.0143152456
-7.9560131500 -4.5643544583 0.0143544509
-7.9100703729 -4.6529029180 0.0143947585
-7.8632439473 -4.7411643406 0.0144361818
-7.8155368017 -4.8291293209 0.0144787340
-7.7669519588 -4.9167884644 0.0145224292
-7.7174925356 -5.0041323885 0.0145672817
-7.6671617426 -5.0911517237 0.0146133064
-7.6159628843 -5.1778371141 0.0146605183
-7.5638993589 -5.2641792187 0.0147089333
-7.5109746580 -5.3501687124 0.0147585676
-7.4571923666 -5.4357962868 0.0148094377
-7.4025561626 -5.5210526511 0.0148615609
-7.3470698173 -5.6059285332 0.0149149550
-7.2907371945 -5.6904146808 0.0149696379
-7.2335622507 -5.7745018621 0.0150256287
-7.1755490348 -5.8581808669 0.0150829464
-7.1167016880 -5.9414425075 0.0151416111
-7.0570244432 -6.0242776200 0.0152016431
-6.9965216253 -6.1066770645 0.0152630635
-6.9351976505 -6.1886317270 0.0153258941
-6.8730570263 -6.2701325197 0.0153901571
-6.8101043512 -6.3511703822 0.0154558754
-6.7463443143 -6.4317362824 0.0155230728
-6.6817816952 -6.5118212176 0.0155917735
-6.6164213636 -6.5914162155 0.0156620025
-6.5502682791 -6.6705123347 0.0157337857
-6.4833274906 -6.7491006662 0.0158071496
-6.4156041363 -6.8271723341 0.0158821213
-6.3471034435 -6.9047184968 0.0159587292
-6.2778307276 -6.9817303474 0.0160370019
-6.2077913925 -7.0581991152 0.0161169693
-6.1369909298 -7.1341160667 0.0161986621
-6.0654349186 -7.2094725059 0.0162821117
-5.9931290251 -7.2842597760 0.0163673506
-5.9200790021 -7.3584692599 0.0164544121
-5.8462906889 -7.4320923812 0.0165433308
-5.7717700104 -7.5051206054 0.0166341420
-5.6965229774 -7.5775454404 0.0167268821
-5.6205556853 -7.6493584379 0.0168215888
-5.5438743145 -7.7205511941 0.0169183006
-5.4664851296 -7.7911153505 0.0170170573
-5.3883944787 -7.8610425952 0.0171179001
-5.3096087934 -7.9303246636 0.0172208710
-5.2301345880 -7.9989533391 0.0173260137
-5.1499784594 -8.0669204546 0.0174333730
-5.0691470862 -8.1342178928 0.0175429949
-4.9876472283 -8.2008375877 0.0176549272
-4.9054857267 -8.2667715251 0.0177692188
-4.8226695026 -8.3320117435 0.0178859204
-4.7392055572 -8.3965503353 0.0180050839
-4.6551009709 -8.4603794475 0.0181267631
-4.5703629030 -8.5234912827 0.0182510134
-4.4849985910 -8.5858780998 0.0183778918
-4.3990153502 -8.6475322153 0.0185074573
-4.3124205728 -8.7084460037 0.0186397705
-4.2252217279 -8.7686118986 0.0187748941
-4.1374263603 -8.8280223938 0.0189128926
-4.0490420905 -8.8866700438 0.0190538329
-3.9600766136 -8.9445474650 0.0191977835
-3.8705376990 -9.0016473361 0.0193448157
-3.7804331897 -9.0579623998 0.0194950026
-3.6897710018 -9.1134854626 0.0196484199
-3.5985591236 -9.1682093966 0.0198051458
-3.5068056154 -9.2221271397 0.0199652609
-3.4145186083 -9.2752316970 0.0201288485
-3.3217063040 -9.3275161410 0.0202959948
-3.2283769741 -9.3789736129 0.0204667886
-3.1345389592 -9.4295973234 0.0206413218
-3.0402006684 -9.4793805534 0.0208196895
-2.9453705788 -9.5283166549 0.0210019898
-2.8500572343 -9.5763990516 0.0211883242
-2.7542692454 -9.6236212402 0.0213787977
-2.6580152884 -9.6699767905 0.0215735188
-2.5613041045 -9.7154593470 0.0217725998
-2.4641444993 -9.7600626291 0.0219761568
-2.3665453420 -9.8037804320 0.0221843101
-2.2685155646 -9.8466066278 0.0223971841
-2.1700641615 -9.8885351659 0.0226149076
-2.0712001882 -9.9295600741 0.0228376139
-1.9719327611 -9.9696754588 0.0230654411
-1.8722710565 -10.0088755066 0.0232985321
-1.7722243099 -10.0471544844 0.0235370353
-1.6718018151 -10.0845067404 0.0237811041
-1.5710129239 -10.1209267048 0.0240308976
-1.4698670446 -10.1564088906 0.0242865807
-1.3683736418 -10.1909478941 0.0245483245
-1.2665422356 -10.2245383960 0.0248163063
-1.1643824006 -10.2571751618 0.0250907100
-1.0619037649 -10.2888530427 0.0253717265
-0.9591160101 -10.3195669762 0.0256595538
-0.8560288696 -10.3493119869 0.0259543974
-0.7526521285 -10.3780831870 0.0262564707
-0.6489956222 -10.4058757772 0.0265659952
-0.5450692362 -10.4326850474 0.0268832011
-0.4408829048 -10.4585063770 0.0272083274
-0.3364466107 -10.4833352361 0.0275416225
-0.2317703837 -10.5071671858 0.0278833444
-0.1268643003 -10.5299978789 0.0282337617
-0.0217384829 -10.5518230605 0.0285931533
0.0835969013 -10.5726385691 0.0289618095
0.1891316412 -10.5924403364 0.0293400320
0.2948554821 -10.6112243888 0.0297281352
0.4007581269 -10.6289868473 0.0301264459
0.5068292370 -10.6457239285 0.0305353045
0.6130584329 -10.6614319452 0.0309550654
0.7194352949 -10.6761073070 0.0313860979
0.8259493643 -10.6897465204 0.0318287864
0.9325901442 -10.7023461904 0.0322835319
1.0393470998 -10.7139030198 0.0327507520
1.1462096597 -10.7244138111 0.0332308824
1.2531672167 -10.7338754658 0.0337243772
1.3602091283 -10.7422849860 0.0342317104
1.4673247177 -10.7496394742 0.0347533763
1.5745032746 -10.7559361344 0.0352898910
1.6817340562 -10.7611722722 0.0358417932
1.7890062873 -10.7653452955 0.0364096454
1.8963091620 -10.7684527150 0.0369940355
2.0036318438 -10.7704921451 0.0375955771
2.1109634665 -10.7714613034 0.0382149121
2.2182931352 -10.7713580125 0.0388527114
2.3256099269 -10.7701801994 0.0395096763
2.4329028911 -10.7679258965 0.0401865403
2.5401610506 -10.7645932422 0.0408840713
2.6473734025 -10.7601804811 0.0416030727
2.7545289186 -10.7546859644 0.0423443852
2.8616165458 -10.7481081506 0.0431088897
2.9686252076 -10.7404456061 0.0438975087
3.0755438040 -10.7316970051 0.0447112085
3.1823612123 -10.7218611305 0.0455510021
3.2890662880 -10.7109368742 0.0464179516
3.3956478653 -10.6989232376 0.0473131702
3.5020947570 -10.6858193320 0.0482378262
3.6083957563 -10.6716243788 0.0491931452
3.7145396362 -10.6563377103 0.0501804136
3.8205151503 -10.6399587699 0.0512009820
3.9263110338 -10.6224871126 0.0522562687
4.0319160030 -10.6039224053 0.0533477636
4.1373187564 -10.5842644274 0.0544770326
4.2425079749 -10.5635130708 0.0556457213
4.3474723217 -10.5416683408 0.0568555601
4.4522004431 -10.5187303563 0.0581083691
4.5566809684 -10.4946993500 0.0594060627
4.6609025102 -10.4695756691 0.0607506563
4.7648536646 -10.4433597756 0.0621442711
4.8685230107 -10.4160522466 0.0635891405
4.9718991115 -10.3876537746 0.0650876178
5.0749705132 -10.3581651683 0.0666421817
5.1777257449 -10.3275873528 0.0682554452
5.2801533192 -10.2959213696 0.0699301632
5.3822417312 -10.2631683777 0.0716692406
5.4839794581 -10.2293296536 0.0734757424
5.5853549594 -10.1944065917 0.0753529026
5.6863566756 -10.1584007048 0.0773041345
5.7869730279 -10.1213136247 0.0793330432
5.8871924175 -10.0831471024 0.0814434355
5.9870032244 -10.0439030083 0.0836393327
6.0863938065 -10.0035833336 0.0859249868
6.1853524989 -9.9621901895 0.0883048907
6.2838676118 -9.9197258088 0.0907837950
6.3819274294 -9.8761925456 0.0933667275
6.4795202090 -9.8315928763 0.0960590057
6.5766341778 -9.7859293997 0.0988662556
6.6732575318 -9.7392048383 0.1017944390
6.7693784340 -9.6914220378 0.1048498654
6.8649850115 -9.6425839686 0.1080392159
6.9600653521 -9.5926937261 0.1113695742
7.0546075028 -9.5417545312 0.1148484500
7.1485994666 -9.4897697311 0.1184838001
7.2420291985 -9.4367428001 0.1222840574
7.3348846005 -9.3826773403 0.1262581805
7.4271535206 -9.3275770825 0.1304156699
7.5188237472 -9.2714458866 0.1347666021
7.6098830031 -9.2142877430 0.1393216774
7.7003189408 -9.1561067734 0.1440922658
7.7901191391 -9.0969072314 0.1490904349
7.8792710950 -9.0366935042 0.1543290056
7.9677622169 -8.9754701132 0.1598216105
8.0555798198 -8.9132417154 0.1655827325
8.1427111164 -8.8500131045 0.1716277684
8.2291432081 -8.7857892126 0.1779731009
8.3148630788 -8.7205751111 0.1846361461
8.3998575835 -8.6543760126 0.1916354354
8.4841134384 -8.5871972725 0.1989906933
8.5676172115 -8.5190443905 0.2067229053
8.6503553090 -8.4499230124 0.2148544190
8.7323139641 -8.3798389327 0.2234090246
8.8134792233 -8.3087980957 0.2324120583
8.8938369314 -8.2368065986 0.2418905089
8.9733727168 -8.1638706935 0.2518731238
9.0520719737 -8.0899967901 0.2623905382
9.1299198458 -8.0151914582 0.2734753928
9.2069012055 -7.9394614309 0.2851624810
9.2830006347 -7.8628136077 0.2974888849
9.3582024016 -7.7852550577 0.3104941407
9.4324904383 -7.7067930233 0.3242203964
9.5058483145 -7.6274349241 0.3387125960
9.5782592108 -7.5471883609 0.3540186633
9.6497058900 -7.4660611202 0.3701897059
9.7201706655 -7.3840611788 0.3872802296
9.7896353689 -7.3011967088 0.4053483629
9.8580813136 -7.2174760832 0.4244561053
9.9254892579 -7.1329078817 0.4446695784
9.9918393634 -7.0475008965 0.4660593042
10.0571111527 -6.9612641392 0.4887004937
10.1212834629 -6.8742068478 0.5126733518
10.1843343958 -6.7863384944 0.5380634076
10.2462412661 -6.6976687931 0.5649618551
10.3069805452 -6.6082077085 0.5934659159
10.3665278014 -6.5179654655 0.6236792269
10.4248576362 -6.4269525585 0.6557122405
10.4819436176 -6.3351797625 0.6896826484
10.5377582074 -6.2426581439 0.7257158310
10.5922726855 -6.1493990728 0.7639453206
10.6454570692 -6.0554142361 0.8045132888
10.6972800271 -5.9607156505 0.8475710558
10.7477087883 -5.8653156777 0.8932796188
10.7967090470 -5.7692270398 0.9418101966
10.8442448610 -5.6724628358 0.9933447940
10.8902785444 -5.5750365594 1.0480767841
10.9347705550 -5.4769621177 1.1062115005
10.9776793765 -5.3782538513 1.1679668395
11.0189613942 -5.2789265554 1.2335738713
11.0585707641 -5.1789955024 1.3032774528
11.0964592776 -5.0784764660 1.3773368370
11.1325762192 -4.9773857465 1.4560262694
11.1668682197 -4.8757401975 1.5396355704
11.1992791028 -4.7735572547 1.6284706891
11.2297497271 -4.6708549654 1.7228542209
11.2582178237 -4.5676520209 1.8231258724
11.2846178298 -4.4639677894 1.9296428633
11.3088807187 -4.3598223513 2.0427802482
11.3309338276 -4.2552365364 2.1629311394
11.3507006836 -4.1502319621 2.2905068078
11.3681008310 -4.0448310749 2.4259366402
11.3830496592 -3.9390571917 2.5696679236
11.3954582347 -3.8329345450 2.7221654312
11.4052331384 -3.7264883279 2.8839107741
11.4122763116 -3.6197447424 3.0554014806
11.4164849128 -3.5127310485 3.2371497650
11.4177511895 -3.4054756144 3.4296809428
11.4159623684 -3.2980079688 3.6335314475
11.4110005674 -3.1903588539 3.8492463992
11.4027427352 -3.0825602794 4.0773766650
11.3910606241 -2.9746455766 4.3184753643
11.3758208012 -2.8666494534 4.5730937608
11.3568847043 -2.7586080485 4.8417764910
11.3341087487 -2.6505589853 5.1250560649
11.3073444949 -2.5425414242 5.4234465702
11.2764388841 -2.4345961134 5.7374365633
11.2412345482 -2.3267654361 6.0674810899
11.2015702037 -2.2190934561 6.4139928075
11.1572811430 -2.1116259575 6.7773321227
11.1081998286 -2.0044104791 7.1577964449
11.0541565929 -1.8974963433 7.5556085686
10.9949804687 -1.7909346772 7.9709040144
10.9305001514 -1.6847784237 8.4037176541
10.8605450754 -1.5790823440 8.8539697694
10.7849466782 -1.4739030076 9.3214510506
10.7035397620 -1.3692987680 9.8058078905
10.6161640530 -1.2653297275 10.3065267476
10.5226658782 -1.1620576796 10.8229193108
10.4229000122 -1.0595460409 11.3541075303
10.3167316634 -0.9578597566 11.8990098290
10.2040385685 -0.8570651920 12.4563284469
10.0847132663 -0.7572299947 13.0245383707
9.9586653683 -0.6584229427 13.6018788150
9.8258240188 -0.5607137584 14.1863471797
9.6861402989 -0.4641729066 14.7756965741
9.5395896796 -0.3688713630 15.3674371617
9.3861744435 -0.2748803576 15.9588420438
9.2259259920 -0.1822710975 16.5469579738
9.0589070357 -0.0911144626 17.1286215058
8.8852135902 -0.0014806821 17.7004807991
8.7049767158 0.0865610095 18.2590232148
8.5183639521 0.1729427324 18.8006087607
8.3255803853 0.2575983351 19.3215091836
8.1268692939 0.3404637773 19.8179523227
7.9225123235 0.4214775177 20.2861711114
7.7128291469 0.5005809021 20.7224563878
7.4981765794 0.5777185453 21.1232124550
7.2789471254 0.6528387027 21.4850141868
7.0555669442 0.7258936263 21.8046643339
6.8284932507 0.7968398955 22.0792493222
6.5982111662 0.8656387220 22.3061921434
6.3652300658 0.9322562203 22.4833006813
6.1300794466 0.9966636410 22.6088101982
5.8933044284 1.0588375588 22.6814181817
5.6554609419 1.1187600165 22.7003107633
5.4171106947 1.1764186190 22.6651797587
5.1788160006 1.2318065766 22.5762296324
4.9411346178 1.2849226961 22.4341741884
4.7046146575 1.3357713209 22.2402231456
4.4697896795 1.3843622212 21.9960590282
4.2371740548 1.4307104353 21.7038049914
4.0072587080 1.4748360663 21.3659848646
3.7805072888 1.5167640382 20.9854765761
3.5573528423 1.5565238161 20.5654605085
3.3381950078 1.5941490934 20.1093640208
3.1233977970 1.6296774542 19.6208041097
2.9132879526 1.6631500169 19.1035297229
2.7081538771 1.6946110626 18.5613650312
2.5082451285 1.7241076513 17.9981545540
2.3137724472 1.7516892432 17.4177125712
2.1249082711 1.7774073143 16.8237763456
1.9417877099 1.8013149805 16.2199643572
1.7645098909 1.8234666371 15.6097406277
1.5931396520 1.8439176067 14.9963844398
1.4277095132 1.8627238079 14.3829660917
1.2682218526 1.8799414445 13.7723285595
1.1146512486 1.8956267155 13.1670746225
0.9669469251 1.9098355489 12.5695591932
0.8250352540 1.9226233600 11.9818863678
0.6888222667 1.9340448341 11.4059106828
0.5581961353 1.9441537342 10.8432419959
0.4330295923 1.9530027320 10.2952534347
0.3131822596 1.9606432633 9.7630918461
0.1985028628 1.9671254054 9.2476902038
0.0888313166 1.9724977760 8.7497814768
-0.0159993345 1.9768074513 8.2699134960
-0.1161611253 1.9800999042 7.8084644098
-0.2118295356 1.9824189577 7.3656583682
-0.3031820115 1.9838067551 6.9415811418
-0.3903966414 1.9843037434 6.5361954111
-0.4736509841 1.9839486700 6.1493555268
-0.5531210374 1.9827785891 5.7808216068
-0.6289803473 1.9808288793 5.4302728154
-0.7013992438 1.9781332681 5.0973197646
-0.7705441982 1.9747238643 4.7815159833
-0.8365772884 1.9706311964 4.4823684340
-0.8996557672 1.9658842553 4.1993470705
-0.9599317207 1.9605105414 3.9318934528
-1.0175518085 1.9545361149 3.6794284523
-1.0726570783 1.9479856478 3.4413590842
-1.1253828439 1.9408824785 3.2170845165
-1.1758586205 1.9332486664 3.0060013085
-1.2242081096 1.9251050479 2.8075079348
-1.2705492258 1.9164712916 2.6210086532
-1.3149941600 1.9073659542 2.4459167728
-1.3576494735 1.8978065343 2.2816573800
-1.3986162166 1.8878095271 2.1276695764
-1.4379900686 1.8773904758 1.9834082810
-1.4758614940 1.8665640236 1.8483456447
-1.5123159116 1.8553439625 1.7219721246
-1.5474338737 1.8437432818 1.6037972583
-1.5812912516 1.8317742140 1.4933501799
-1.6139594259 1.8194482792 1.3901799103
-1.6455054792 1.8067763279 1.2938554556
-1.6759923893 1.7937685812 1.2039657432
-1.7054792210 1.7804346702 1.1201194194
-1.7340213169 1.7667836728 1.0419445335
-1.7616704830 1.7528241489 0.9690881288
-1.7884751724 1.7385641740 0.9012157571
-1.8144806621 1.7240113706 0.8380109340
-1.8397292260 1.7091729386 0.7791745485
-1.8642603009 1.6940556833 0.7244242384
-1.8881106475 1.6786660425 0.6734937421
-1.9113145040 1.6630101117 0.6261322358
-1.9339037343 1.6470936677 0.5821036633
-1.9559079690 1.6309221914 0.5411860651
-1.9773547401 1.6145008886 0.5031709114
-1.9982696097 1.5978347097 0.4678624447
-2.0186762916 1.5809283689 0.4350770341
-2.0385967674 1.5637863608 0.4046425453
-2.0580513962 1.5464129774 0.3763977283
-2.0770590186 1.5288123231 0.3501916244
-2.0956370547 1.5109883292 0.3258829936
-2.1138015969 1.4929447671 0.3033397641
-2.1315674978 1.4746852611 0.2824385036
-2.1489484521 1.4562132996 0.2630639139
-2.1659570744 1.4375322468 0.2451083475
-2.1826049723 1.4186453522 0.2284713471
-2.1989028149 1.3995557604 0.2130592078
-2.2148603972 1.3802665200 0.1987845603
-2.2304867005 1.3607805916 0.1855659764
-2.2457899493 1.3411008559 0.1733275951
-2.2607776641 1.3212301204 0.1619987689
-2.2754567116 1.3011711264 0.1515137298
-2.2898333508 1.2809265549 0.1418112740
-2.3039132768 1.2604990326 0.1328344645
-2.3177016614 1.2398911370 0.1245303510
-2.3312031916 1.2191054015 0.1168497069
-2.3444221045 1.1981443199 0.1097467815
-2.3573622210 1.1770103507 0.1031790673
-2.3700269768 1.1557059211 0.0971070814
-2.3824194508 1.1342334304 0.0914941614
-2.3945423928 1.1125952538 0.0863062724
-2.4063982481 1.0907937449 0.0815118277
-2.4179891812 1.0688312395 0.0770815205
-2.4293170973 1.0467100572 0.0729881657
-2.4403836633 1.0244325047 0.0692065532
-2.4511903260 1.0020008775 0.0657133097
-2.4617383299 0.9794174626 0.0624867700
-2.4720287342 0.9566845398 0.0595068572
-2.4820624270 0.9338043836 0.0567549700
-2.4918401405 0.9107792654 0.0542138783
-2.5013624636 0.8876114541 0.0518676256
-2.5106298542 0.8643032181 0.0497014381
-2.5196426507 0.8408568264 0.0477016396
-2.5284010829 0.8172745496 0.0458555726
-2.5369052811 0.7935586613 0.0441515252
-2.5451552860 0.7697114384 0.0425786618
-2.5531510567 0.7457351627 0.0411269603
-2.5608924788 0.7216321212 0.0397871520
-2.5683793716 0.6974046071 0.0385506672
-2.5756114950 0.6730549200 0.0374095834
-2.5825885556 0.6485853671 0.0363565782
-2.5893102130 0.6239982633 0.0353848846
-2.5957760847 0.5992959317 0.0344882502
-2.6019857512 0.5744807041 0.0336608990
-2.6079387613 0.5495549213 0.0328974959
-2.6136346356 0.5245209336 0.0321931139
-2.6190728710 0.4993811006 0.0315432037
-2.6242529443 0.4741377921 0.0309435652
-2.6291743158 0.4487933878 0.0303903215
-2.6338364322 0.4233502777 0.0298798943
-2.6382387299 0.3978108621 0.0294089817
-2.6423806376 0.3721775519 0.0289745371
-2.6462615789 0.3464527685 0.0285737500
-2.6498809747 0.3206389439 0.0282040278
-2.6532382452 0.2947385208 0.0278629795
-2.6563328124 0.2687539526 0.0275484003
-2.6591641015 0.2426877035 0.0272582571
-2.6617315428 0.2165422481 0.0269906758
-2.6640345736 0.1903200719 0.0267439288
-2.6660726395 0.1640236707 0.0265164237
-2.6678451957 0.1376555510 0.0263066930
-2.6693517084 0.1112182296 0.0261133845
-2.6705916563 0.0847142338 0.0259352526
-2.6715645311 0.0581461009 0.0257711494
-2.6722698392 0.0315163784 0.0256200177
-2.6727071023 0.0048276238 0.0254808840
-2.6728758582 -0.0219175957 0.0253528515
-2.6727756620 -0.0487167032 0.0252350945
-2.6724060867 -0.0755671121 0.0251268528
-2.6717667238 -0.1024662265 0.0250274265
-2.6708571843 -0.1294114416 0.0249361713
-2.6696770987 -0.1564001432 0.0248524944
-2.6682261185 -0.1834297084 0.0247758498
-2.6665039159 -0.2104975058 0.0247057356
-2.6645101847 -0.2376008954 0.0246416895
-2.6622446408 -0.2647372290 0.0245832865
-2.6597070224 -0.2919038504 0.0245301354
-2.6568970907 -0.3190980955 0.0244818766
-2.6538146300 -0.3463172928 0.0244381793
-2.6504594484 -0.3735587631 0.0243987391
-2.6468313775 -0.4008198202 0.0243632763
-2.6429302736 -0.4280977710 0.0243315337
-2.6387560171 -0.4553899157 0.0243032750
-2.6343085133 -0.4826935479 0.0242782827
-2.6295876927 -0.5100059550 0.0242563572
-2.6245935108 -0.5373244184 0.0242373150
-2.6193259486 -0.5646462138 0.0242209875
-2.6137850128 -0.5919686114 0.0242072198
-2.6079707359 -0.6192888759 0.0241958697
-2.6018831765 -0.6466042674 0.0241868065
-2.5955224193 -0.6739120408 0.0241799106
-2.5888885754 -0.7012094467 0.0241750716
-2.5819817821 -0.7284937315 0.0241721888
-2.5748022036 -0.7557621374 0.0241711695
-2.5673500308 -0.7830119031 0.0241719288
-2.5596254812 -0.8102402635 0.0241743888
-2.5516287993 -0.8374444505 0.0241784781
-2.5433602568 -0.8646216931 0.0241841314
-2.5348201521 -0.8917692174 0.0241912889
-2.5260088113 -0.9188842472 0.0241998957
-2.5169265874 -0.9459640042 0.0242099018
-2.5075738606 -0.9730057079 0.0242212614
-2.4979510389 -1.0000065767 0.0242339327
-2.4880585574 -1.0269638271 0.0242478774
-2.4778968787 -1.0538746748 0.0242630608
-2.4674664931 -1.0807363349 0.0242794511
-2.4567679182 -1.1075460214 0.0242970195
-2.4458016994 -1.1343009487 0.0243157398
-2.4345684096 -1.1609983306 0.0243355881
-2.4230686494 -1.1876353817 0.0243565429
-2.4113030469 -1.2142093169 0.0243785845
-2.3992722579 -1.2407173520 0.0244016955
-2.3869769662 -1.2671567040 0.0244258600
-2.3744178827 -1.2935245912 0.0244510637
-2.3615957465 -1.3198182337 0.0244772939
-2.3485113241 -1.3460348534 0.0245045392
-2.3351654096 -1.3721716748 0.0245327895
-2.3215588249 -1.3982259244 0.0245620360
-2.3076924196 -1.4241948320 0.0245922708
-2.2935670707 -1.4500756302 0.0246234871
-2.2791836829 -1.4758655552 0.0246556790
-2.2645431885 -1.5015618466 0.0246888417
-2.2496465473 -1.5271617483 0.0247229708
-2.2344947466 -1.5526625080 0.0247580631
-2.2190888012 -1.5780613781 0.0247941156
-2.2034297534 -1.6033556161 0.0248311264
-2.1875186725 -1.6285424840 0.0248690940
-2.1713566557 -1.6536192496 0.0249080173
-2.1549448272 -1.6785831862 0.0249478962
-2.1382843383 -1.7034315730 0.0249887305
-2.1213763677 -1.7281616955 0.0250305209
-2.1042221212 -1.7527708455 0.0250732684
-2.0868228316 -1.7772563220 0.0251169743
-2.0691797587 -1.8016154306 0.0251616405
-2.0512941892 -1.8258454845 0.0252072689
-2.0331674367 -1.8499438046 0.0252538622
-2.0148008416 -1.8739077194 0.0253014230
-1.9961957709 -1.8977345660 0.0253499545
-1.9773536184 -1.9214216896 0.0253994599
-1.9582758042 -1.9449664447 0.0254499430
-1.9389637750 -1.9683661941 0.0255014076
-1.9194190038 -1.9916183107 0.0255538579
-1.8996429900 -2.0147201765 0.0256072981
-1.8796372591 -2.0376691836 0.0256617329
-1.8594033626 -2.0604627342 0.0257171672
-1.8389428779 -2.0830982411 0.0257736059
-1.8182574086 -2.1055731277 0.0258310541
-1.7973485838 -2.1278848285 0.0258895174
-1.7762180583 -2.1500307892 0.0259490013
-1.7548675124 -2.1720084672 0.0260095115
-1.7332986520 -2.1938153317 0.0260710540
-1.7115132081 -2.2154488640 0.0261336350
-1.6895129370 -2.2369065580 0.0261972605
-1.6672996201 -2.2581859200 0.0262619372
-1.6448750636 -2.2792844694 0.0263276716
-1.6222410986 -2.3001997389 0.0263944703
-1.5993995809 -2.3209292747 0.0264623404
-1.5763523907 -2.3414706366 0.0265312888
-1.5531014329 -2.3618213987 0.0266013227
-1.5296486362 -2.3819791494 0.0266724494
-1.5059959539 -2.4019414915 0.0267446764
-1.4821453629 -2.4217060429 0.0268180114
-1.4580988642 -2.4412704364 0.0268924619
-1.4338584822 -2.4606323206 0.0269680360
-1.4094262651 -2.4797893594 0.0270447416
-1.3848042842 -2.4987392327 0.0271225868
-1.3599946342 -2.5174796368 0.0272015800
-1.3349994328 -2.5360082842 0.0272817294
-1.3098208205 -2.5543229045 0.0273630438
-1.2844609604 -2.5724212439 0.0274455317
-1.2589220385 -2.5903010661 0.0275292019
-1.2332062629 -2.6079601523 0.0276140633
-1.2073158639 -2.6253963013 0.0277001250
-1.1812530938 -2.6426073301 0.0277873961
-1.1550202269 -2.6595910740 0.0278758860
-1.1286195589 -2.6763453866 0.0279656040
-1.1020534072 -2.6928681407 0.0280565598
-1.0753241104 -2.7091572277 0.0281487629
-1.0484340280 -2.7252105587 0.0282422232
-1.0213855406 -2.7410260640 0.0283369506
-0.9941810495 -2.7566016938 0.0284329552
-0.9668229765 -2.7719354185 0.0285302471
-0.9393137635 -2.7870252286 0.0286288365
-0.9116558727 -2.8018691352 0.0287287340
-0.8838517861 -2.8164651700 0.0288299500
-0.8559040054 -2.8308113861 0.0289324952
-0.8278150519 -2.8449058573 0.0290363804
-0.7995874659 -2.8587466793 0.0291416164
-0.7712238070 -2.8723319694 0.0292482144
-0.7427266534 -2.8856598668 0.0293561853
-0.7140986021 -2.8987285328 0.0294655406
-0.6853422683 -2.9115361513 0.0295762915
-0.6564602857 -2.9240809287 0.0296884495
-0.6274553055 -2.9363610943 0.0298020264
-0.5983299970 -2.9483749005 0.0299170337
-0.5690870466 -2.9601206230 0.0300334833
-0.5397291583 -2.9715965609 0.0301513873
-0.5102590529 -2.9828010374 0.0302707576
-0.4806794680 -2.9937323991 0.0303916064
-0.4509931578 -3.0043890174 0.0305139461
-0.4212028928 -3.0147692876 0.0306377891
-0.3913114593 -3.0248716299 0.0307631478
-0.3613216598 -3.0346944891 0.0308900350
-0.3312363121 -3.0442363352 0.0310184634
-0.3010582493 -3.0534956633 0.0311484457
-0.2707903196 -3.0624709939 0.0312799949
-0.2404353861 -3.0711608733 0.0314131242
-0.2099963262 -3.0795638735 0.0315478466
-0.1794760319 -3.0876785924 0.0316841755
-0.1488774088 -3.0955036543 0.0318221241
-0.1182033767 -3.1030377098 0.0319617059
-0.0874568687 -3.1102794362 0.0321029345
-0.0566408310 -3.1172275374 0.0322458235
-0.0257582229 -3.1238807445 0.0323903866
0.0051879834 -3.1302378154 0.0325366377
0.0361948038 -3.1362975358 0.0326845906
0.0672592415 -3.1420587184 0.0328342593
0.0983782882 -3.1475202040 0.0329856579
0.1295489238 -3.1526808609 0.0331388005
0.1607681171 -3.1575395858 0.0332937013
0.1920328256 -3.1620953032 0.0334503746
0.2233399962 -3.1663469663 0.0336088348
0.2546865653 -3.1702935565 0.0337690962
0.2860694591 -3.1739340841 0.0339311733
0.3174855940 -3.1772675881 0.0340950807
0.3489318766 -3.1802931367 0.0342608329
0.3804052043 -3.1830098271 0.0344284446
0.4119024656 -3.1854167857 0.0345979304
0.4434205399 -3.1875131685 0.0347693049
0.4749562985 -3.1892981610 0.0349425830
0.5065066045 -3.1907709785 0.0351177794
0.5380683130 -3.1919308662 0.0352949088
0.5696382716 -3.1927770991 0.0354739861
0.6012133208 -3.1933089826 0.0356550261
0.6327902941 -3.1935258522 0.0358380436
0.6643660182 -3.1934270739 0.0360230534
0.6959373136 -3.1930120441 0.0362100703
0.7275009949 -3.1922801900 0.0363991091
0.7590538706 -3.1912309694 0.0365901845
0.7905927441 -3.1898638712 0.0367833114
0.8221144137 -3.1881784151 0.0369785043
0.8536156727 -3.1861741521 0.0371757780
0.8850933101 -3.1838506642 0.0373751470
0.9165441106 -3.1812075649 0.0375766259
0.9479648553 -3.1782444991 0.0377802292
0.9793523213 -3.1749611432 0.0379859712
1.0107032829 -3.1713572052 0.0381938662
1.0420145114 -3.1674324249 0.0384039285
1.0732827753 -3.1631865738 0.0386161720
1.1045048412 -3.1586194555 0.0388306109
1.1356774734 -3.1537309053 0.0390472590
1.1667974348 -3.1485207909 0.0392661298
1.1978614869 -3.1429890117 0.0394872370
1.2288663904 -3.1371354998 0.0397105940
1.2598089050 -3.1309602194 0.0399362140
1.2906857903 -3.1244631669 0.0401641099
1.3214938060 -3.1176443713 0.0403942946
1.3522297119 -3.1105038941 0.0406267807
1.3828902686 -3.1030418294 0.0408615805
1.4134722376 -3.0952583037 0.0410987061
1.4439723818 -3.0871534764 0.0413381695
1.4743874655 -3.0787275395 0.0415799821
1.5047142554 -3.0699807176 0.0418241553
1.5349495201 -3.0609132685 0.0420707001
1.5650900311 -3.0515254826 0.0423196270
1.5951325625 -3.0418176831 0.0425709465
1.6250738922 -3.0317902263 0.0428246685
1.6549108014 -3.0214435014 0.0430808024
1.6846400753 -3.0107779305 0.0433393577
1.7142585035 -2.9997939688 0.0436003429
1.7437628800 -2.9884921046 0.0438637665
1.7731500042 -2.9768728589 0.0441296362
1.8024166802 -2.9649367862 0.0443979596
1.8315597183 -2.9526844737 0.0446687435
1.8605759346 -2.9401165420 0.0449419943
1.8894621512 -2.9272336446 0.0452177178
1.9182151972 -2.9140364680 0.0454959195
1.9468319086 -2.9005257319 0.0457766038
1.9753091288 -2.8867021892 0.0460597749
2.0036437086 -2.8725666255 0.0463454364
2.0318325069 -2.8581198600 0.0466335909
2.0598723911 -2.8433627443 0.0469242405
2.0877602372 -2.8282961636 0.0472173867
2.1154929298 -2.8129210357 0.0475130302
2.1430673636 -2.7972383116 0.0478111707
2.1704804423 -2.7812489751 0.0481118075
2.1977290800 -2.7649540431 0.0484149387
2.2248102009 -2.7483545651 0.0487205618
2.2517207402 -2.7314516236 0.0490286734
2.2784576439 -2.7142463340 0.0493392690
2.3050178692 -2.6967398442 0.0496523435
2.3313983855 -2.6789333350 0.0499678904
2.3575961739 -2.6608280197 0.0502859026
2.3836082279 -2.6424251443 0.0506063716
2.4094315536 -2.6237259873 0.0509292881
2.4350631704 -2.6047318596 0.0512546418
2.4605001111 -2.5854441045 0.0515824208
2.4857394219 -2.5658640977 0.0519126123
2.5107781633 -2.5459932471 0.0522452026
2.5356134101 -2.5258329928 0.0525801763
2.5602422520 -2.5053848070 0.0529175168
2.5846617934 -2.4846501937 0.0532572064
2.6088691544 -2.4636306892 0.0535992260
2.6328614705 -2.4423278613 0.0539435549
2.6566358937 -2.4207433097 0.0542901713
2.6801895922 -2.3988786657 0.0546390517
2.7035197505 -2.3767355920 0.0549901712
2.7266235707 -2.3543157830 0.0553435034
2.7494982720 -2.3316209642 0.0556990203
2.7721410916 -2.3086528922 0.0560566921
2.7945492842 -2.2854133550 0.0564164878
2.8167201231 -2.2619041714 0.0567783743
2.8386509005 -2.2381271909 0.0571423171
2.8603389274 -2.2140842940 0.0575082796
2.8817815343 -2.1897773915 0.0578762236
2.9029760709 -2.1652084250 0.0582461090
2.9239199072 -2.1403793662 0.0586178941
2.9446104337 -2.1152922167 0.0589915348
2.9650450613 -2.0899490086 0.0593669853
2.9852212218 -2.0643518036 0.0597441978
3.0051363681 -2.0385026935 0.0601231227
3.0247879749 -2.0124037991 0.0605037079
3.0441735390 -1.9860572710 0.0608858995
3.0632905791 -1.9594652888 0.0612696412
3.0821366364 -1.9326300615 0.0616548748
3.1007092747 -1.9055538270 0.0620415398
3.1190060815 -1.8782388517 0.0624295735
3.1370246676 -1.8506874307 0.0628189109
3.1547626675 -1.8229018872 0.0632094843
3.1722177395 -1.7948845732 0.0636012243
3.1893875663 -1.7666378685 0.0639940589
3.2062698555 -1.7381641807 0.0643879135
3.2228623397 -1.7094659446 0.0647827113
3.2391627770 -1.6805456230 0.0651783728
3.2551689505 -1.6514057058 0.0655748162
3.2708786691 -1.6220487101 0.0659719572
3.2862897682 -1.5924771798 0.0663697091
3.3014001099 -1.5626936850 0.0667679822
3.3162075828 -1.5327008224 0.0671666846
3.3307101026 -1.5025012151 0.0675657215
3.3449056120 -1.4720975122 0.0679649960
3.3587920811 -1.4414923887 0.0683644081
3.3723675087 -1.4106885447 0.0687638555
3.3856299215 -1.3796887057 0.0691632331
3.3985773746 -1.3484956221 0.0695624329
3.4112079517 -1.3171120696 0.0699613446
3.4235197652 -1.2855408485 0.0703598553
3.4355109570 -1.2537847833 0.0707578492
3.4471796990 -1.2218467223 0.0711552080
3.4585241925 -1.1897295379 0.0715518106
3.4695426691 -1.1574361258 0.0719475333
3.4802333904 -1.1249694056 0.0723422499
3.4905946483 -1.0923323200 0.0727358316
3.5006247661 -1.0595278343 0.0731281469
3.5103220983 -1.0265589361 0.0735190619
3.5196850306 -0.9934286353 0.0739084398
3.5287119801 -0.9601399641 0.0742961416
3.5374013957 -0.9266959768 0.0746820257
3.5457517582 -0.8930997488 0.0750659482
3.5537615813 -0.8593543766 0.0754477628
3.5614294110 -0.8254629775 0.0758273206
3.5687538262 -0.7914286897 0.0762044705
3.5757334384 -0.7572546716 0.0765790593
3.5823668924 -0.7229441023 0.0769509316
3.5886528667 -0.6885001798 0.0773199296
3.5945900736 -0.6539261217 0.0776858938
3.6001772589 -0.6192251650 0.0780486624
3.6054132028 -0.5844005653 0.0784080719
3.6102967194 -0.5494555975 0.0787639567
3.6148266576 -0.5143935541 0.0791161498
3.6190019010 -0.4792177453 0.0794644825
3.6228213681 -0.4439314993 0.0798087841
3.6262840124 -0.4085381617 0.0801488829
3.6293888226 -0.3730410953 0.0804846057
3.6321348228 -0.3374436790 0.0808157781
3.6345210731 -0.3017493082 0.0811422244
3.6365466690 -0.2659613945 0.0814637680
3.6382107422 -0.2300833653 0.0817802314
3.6395124603 -0.1941186632 0.0820914364
3.6404510274 -0.1580707459 0.0823972040
3.6410256840 -0.1219430856 0.0826973550
3.6412357072 -0.0857391691 0.0829917095
3.6410804106 -0.0494624974 0.0832800876
3.6405591451 -0.0131165847 0.0835623095
3.6396712982 0.0232950411 0.0838381951
3.6384162948 0.0597688391 0.0841075649
3.6367935970 0.0963012557 0.0843702397
3.6348027043 0.1328887254 0.0846260411
3.6324431536 0.1695276702 0.0848747912
3.6297145196 0.2062145008 0.0851163132
3.6266164144 0.2429456165 0.0853504315
3.6231484883 0.2797174060 0.0855769717
3.6193104292 0.3165262469 0.0857957609
3.6151019631 0.3533685071 0.0860066280
3.6105228542 0.3902405445 0.0862094038
3.6055729046 0.4271387077 0.0864039211
3.6002519549 0.4640593358 0.0865900150
3.5945598836 0.5009987595 0.0867675231
3.5884966079 0.5379533012 0.0869362857
3.5820620834 0.5749192751 0.0870961461
3.5752563039 0.6118929877 0.0872469504
3.5680793019 0.6488707383 0.0873885483
3.5605311482 0.6858488196 0.0875207930
3.5526119525 0.7228235175 0.0876435411
3.5443218629 0.7597911119 0.0877566534
3.5356610659 0.7967478764 0.0878599947
3.5266297870 0.8336900799 0.0879534343
3.5172282900 0.8706139861 0.0880368459
3.5074568776 0.9075158540 0.0881101079
3.4973158910 0.9443919381 0.0881731037
3.4868057098 0.9812384891 0.0882257217
3.4759267526 1.0180517546 0.0882678559
3.4646794764 1.0548279788 0.0882994056
3.4530643766 1.0915634030 0.0883202758
3.4410819872 1.1282542660 0.0883303774
3.4287328809 1.1648968050 0.0883296275
3.4160176686 1.2014872556 0.0883179493
3.4029369997 1.2380218521 0.0882952725
3.3894915618 1.2744968276 0.0882615331
3.3756820808 1.3109084148 0.0882166742
3.3615093211 1.3472528469 0.0881606456
3.3469740847 1.3835263571 0.0880934041
3.3320772123 1.4197251790 0.0880149135
3.3168195820 1.4558455473 0.0879251453
3.3012021102 1.4918836984 0.0878240779
3.2852257508 1.5278358705 0.0877116977
3.2688914956 1.5636983042 0.0875879982
3.2522003741 1.5994672420 0.0874529809
3.2351534531 1.6351389298 0.0873066551
3.2177518367 1.6707096169 0.0871490378
3.1999966667 1.7061755565 0.0869801540
3.1818891216 1.7415330058 0.0868000366
3.1634304172 1.7767782258 0.0866087266
3.1446218062 1.8119074832 0.0864062730
3.1254645780 1.8469170498 0.0861927329
3.1059600587 1.8818032031 0.0859681712
3.0861096108 1.9165622262 0.0857326612
3.0659146333 1.9511904087 0.0854862840
3.0453765614 1.9856840470 0.0852291289
3.0244968662 2.0200394449 0.0849612928
3.0032770549 2.0542529138 0.0846828811
2.9817186705 2.0883207723 0.0843940064
2.9598232914 2.1222393475 0.0840947896
2.9375925317 2.1560049754 0.0837853588
2.9150280404 2.1896140010 0.0834658501
2.8921315019 2.2230627787 0.0831364067
2.8689046355 2.2563476722 0.0827971795
2.8453491953 2.2894650552 0.0824483264
2.8214669699 2.3224113126 0.0820900121
2.7972597822 2.3551828399 0.0817224085
2.7727294896 2.3877760439 0.0813456942
2.7478779835 2.4201873423 0.0809600542
2.7227071891 2.4524131650 0.0805656799
2.6972190652 2.4844499546 0.0801627687
2.6714156044 2.5162941663 0.0797515240
2.6452988321 2.5479422684 0.0793321548
2.6188708076 2.5793907418 0.0789048758
2.5921336225 2.6106360816 0.0784699066
2.5650894016 2.6416747971 0.0780274719
2.5377403017 2.6725034122 0.0775778009
2.5100885124 2.7031184655 0.0771211274
2.4821362556 2.7335165104 0.0766576893
2.4538857850 2.7636941158 0.0761877286
2.4253393859 2.7936478667 0.0757114904
2.3964993755 2.8233743645 0.0752292233
2.3673681022 2.8528702271 0.0747411789
2.3379479457 2.8821320887 0.0742476117
2.3082413169 2.9111566012 0.0737487782
2.2782506572 2.9399404340 0.0732449372
2.2479784386 2.9684802747 0.0727363490
2.2174271639 2.9967728290 0.0722232757
2.1865993658 3.0248148207 0.0717059804
2.1554976072 3.0526029930 0.0711847271
2.1241244806 3.0801341087 0.0706597800
2.0924826084 3.1074049498 0.0701314037
2.0605746423 3.1344123182 0.0695998629
2.0284032633 3.1611530361 0.0690654216
1.9959711813 3.1876239466 0.0685283430
1.9632811352 3.2138219137 0.0679888896
1.9303358925 3.2397438223 0.0674473224
1.8971382490 3.2653865793 0.0669039008
1.8636910290 3.2907471135 0.0663588822
1.8299970845 3.3158223758 0.0658125220
1.7960592956 3.3406093397 0.0652650730
1.7618805701 3.3651050017 0.0647167854
1.7274638428 3.3893063815 0.0641679063
1.6928120762 3.4132105225 0.0636186796
1.6579282597 3.4368144915 0.0630693458
1.6228154093 3.4601153801 0.0625201415
1.5874765679 3.4831103040 0.0619712995
1.5519148047 3.5057964037 0.0614230485
1.5161332151 3.5281708451 0.0608756128
1.4801349203 3.5502308194 0.0603292119
1.4439230678 3.5719735434 0.0597840609
1.4075008301 3.5933962603 0.0592403698
1.3708714054 3.6144962393 0.0586983436
1.3340380170 3.6352707765 0.0581581820
1.2970039131 3.6557171949 0.0576200793
1.2597723666 3.6758328449 0.0570842243
1.2223466749 3.6956151042 0.0565508004
1.1847301598 3.7150613787 0.0560199849
1.1469261669 3.7341691023 0.0554919496
1.1089380659 3.7529357374 0.0549668603
1.0707692499 3.7713587751 0.0544448767
1.0324231356 3.7894357358 0.0539261526
0.9939031626 3.8071641689 0.0534108357
0.9552127935 3.8245416537 0.0528990675
0.9163555136 3.8415657994 0.0523909834
0.8773348308 3.8582342454 0.0518867128
0.8381542748 3.8745446614 0.0513863786
0.7988173976 3.8904947482 0.0508900978
0.7593277726 3.9060822375 0.0503979812
0.7196889951 3.9213048922 0.0499101336
0.6799046810 3.9361605071 0.0494266534
0.6399784677 3.9506469087 0.0489476332
0.5999140129 3.9647619558 0.0484731597
0.5597149949 3.9785035393 0.0480033135
0.5193851120 3.9918695832 0.0475381694
0.4789280825 4.0048580443 0.0470777966
0.4383476444 4.0174669126 0.0466222584
0.3976475547 4.0296942116 0.0461716126
0.3568315898 4.0415379986 0.0457259116
0.3159035446 4.0529963649 0.0452852025
0.2748672326 4.0640674359 0.0448495267
0.2337264856 4.0747493717 0.0444189211
0.1924851529 4.0850403672 0.0439934170
0.1511471018 4.0949386521 0.0435730412
0.1097162167 4.1044424914 0.0431578156
0.0681963989 4.1135501858 0.0427477575
0.0265915666 4.1222600715 0.0423428797
-0.0150943459 4.1305705209 0.0419431906
-0.0568573882 4.1384799423 0.0415486946
-0.0986935940 4.1459867806 0.0411593918
-0.1405989819 4.1530895175 0.0407752787
-0.1825695553 4.1597866714 0.0403963477
-0.2246013028 4.1660767978 0.0400225879
-0.2666901987 4.1719584897 0.0396539848
-0.3088322034 4.1774303776 0.0392905206
-0.3510232633 4.1824911295 0.0389321744
-0.3932593117 4.1871394519 0.0385789223
-0.4355362687 4.1913740890 0.0382307375
-0.4778500420 4.1951938235 0.0378875905
-0.5201965267 4.1985974770 0.0375494493
-0.5625716063 4.2015839095 0.0372162796
-0.6049711526 4.2041520201 0.0368880444
-0.6473910260 4.2063007471 0.0365647051
-0.6898270764 4.2080290683 0.0362462209
-0.7322751432 4.2093360009 0.0359325490
-0.7747310555 4.2102206018 0.0356236450
-0.8171906331 4.2106819678 0.0353194630
-0.8596496861 4.2107192360 0.0350199555
-0.9021040159 4.2103315835 0.0347250737
-0.9445494155 4.2095182280 0.0344347676
-0.9869816694 4.2082784276 0.0341489862
-1.0293965548 4.2066114814 0.0338676772
-1.0717898413 4.2045167292 0.0335907878
-1.1141572916 4.2019935520 0.0333182641
-1.1564946620 4.1990413719 0.0330500517
-1.1987977025 4.1956596523 0.0327860956
-1.2410621575 4.1918478984 0.0325263403
-1.2832837661 4.1876056566 0.0322707299
-1.3254582625 4.1829325154 0.0320192082
-1.3675813765 4.1778281052 0.0317717189
-1.4096488336 4.1722920981 0.0315282052
-1.4516563560 4.1663242088 0.0312886106
-1.4935996624 4.1599241938 0.0310528785
-1.5354744690 4.1530918524 0.0308209523
-1.5772764894 4.1458270261 0.0305927755
-1.6190014353 4.1381295992 0.0303682918
-1.6606450171 4.1299994986 0.0301474454
-1.7022029438 4.1214366939 0.0299301804
-1.7436709240 4.1124411979 0.0297164416
-1.7850446660 4.1030130659 0.0295061739
-1.8263198784 4.0931523969 0.0292993229
-1.8674922703 4.0828593324 0.0290958345
-1.9085575521 4.0721340577 0.0288956551
-1.9495114355 4.0609768010 0.0286987318
-1.9903496344 4.0493878340 0.0285050122
-2.0310678649 4.0373674719 0.0283144445
-2.0716618462 4.0249160734 0.0281269774
-2.1121273007 4.0120340406 0.0279425606
-2.1524599543 3.9987218194 0.0277611441
-2.1926555374 3.9849798992 0.0275826789
-2.2327097850 3.9708088133 0.0274071164
-2.2726184369 3.9562091384 0.0272344091
-2.3123772387 3.9411814953 0.0270645099
-2.3519819419 3.9257265484 0.0268973725
-2.3914283042 3.9098450060 0.0267329517
-2.4307120905 3.8935376203 0.0265712025
-2.4698290726 3.8768051873 0.0264120812
-2.5087750304 3.8596485469 0.0262555445
-2.5475457518 3.8420685828 0.0261015500
-2.5861370334 3.8240662227 0.0259500562
-2.6245446808 3.8056424382 0.0258010221
-2.6627645093 3.7867982447 0.0256544077
-2.7007923440 3.7675347014 0.0255101737
-2.7386240205 3.7478529116 0.0253682816
-2.7762553852 3.7277540223 0.0252286935
-2.8136822960 3.7072392243 0.0250913724
-2.8509006223 3.6863097521 0.0249562820
-2.8879062460 3.6649668842 0.0248233869
-2.9246950613 3.6432119427 0.0246926522
-2.9612629759 3.6210462933 0.0245640438
-2.9976059107 3.5984713454 0.0244375283
-3.0337198008 3.5754885521 0.0243130732
-3.0696005955 3.5520994097 0.0241906464
-3.1052442592 3.5283054584 0.0240702167
-3.1406467715 3.5041082814 0.0239517536
-3.1758041277 3.4795095055 0.0238352270
-3.2107123394 3.4545108007 0.0237206078
-3.2453674347 3.4291138802 0.0236078673
-3.2797654590 3.4033205001 0.0234969776
-3.3139024748 3.3771324599 0.0233879114
-3.3477745630 3.3505516017 0.0232806418
-3.3813778225 3.3235798105 0.0231751428
-3.4147083712 3.2962190142 0.0230713888
-3.4477623461 3.2684711831 0.0229693549
-3.4805359042 3.2403383300 0.0228690168
-3.5130252221 3.2118225104 0.0227703505
-3.5452264973 3.1829258219 0.0226733328
-3.5771359482 3.1536504041 0.0225779411
-3.6087498144 3.1239984388 0.0224841530
-3.6400643575 3.0939721497 0.0223919468
-3.6710758613 3.0635738023 0.0223013015
-3.7017806322 3.0328057036 0.0222121962
-3.7321749997 3.0016702022 0.0221246109
-3.7622553168 2.9701696879 0.0220385257
-3.7920179603 2.9383065918 0.0219539214
-3.8214593315 2.9060833859 0.0218707792
-3.8505758564 2.8735025832 0.0217890807
-3.8793639861 2.8405667371 0.0217088079
-3.9078201972 2.8072784418 0.0216299435
-3.9359409924 2.7736403318 0.0215524701
-3.9637229007 2.7396550815 0.0214763714
-3.9911624779 2.7053254056 0.0214016308
-4.0182563070 2.6706540583 0.0213282325
-4.0450009985 2.6356438335 0.0212561611
-4.0713931911 2.6002975646 0.0211854013
-4.0974295516 2.5646181240 0.0211159385
-4.1231067757 2.5286084230 0.0210477582
-4.1484215884 2.4922714120 0.0209808463
-4.1733707440 2.4556100796 0.0209151893
-4.1979510269 2.4186274528 0.0208507736
-4.2221592519 2.3813265969 0.0207875862
-4.2459922642 2.3437106148 0.0207256146
-4.2694469405 2.3057826472 0.0206648461
-4.2925201887 2.2675458721 0.0206052689
-4.3152089486 2.2290035048 0.0205468710
-4.3375101923 2.1901587973 0.0204896410
-4.3594209244 2.1510150385 0.0204335677
-4.3809381825 2.1115755534 0.0203786402
-4.4020590375 2.0718437035 0.0203248479
-4.4227805940 2.0318228858 0.0202721805
-4.4430999907 1.9915165333 0.0202206279
-4.4630144007 1.9509281141 0.0201701803
-4.4825210317 1.9100611313 0.0201208281
-4.5016171268 1.8689191231 0.0200725621
-4.5202999642 1.8275056618 0.0200253733
-4.5385668582 1.7858243544 0.0199792528
-4.5564151592 1.7438788413 0.0199341922
-4.5738422539 1.7016727969 0.0198901831
-4.5908455662 1.6592099288 0.0198472175
-4.6074225567 1.6164939776 0.0198052875
-4.6235707239 1.5735287168 0.0197643856
-4.6392876038 1.5303179520 0.0197245044
-4.6545707708 1.4868655211 0.0196856368
-4.6694178377 1.4431752938 0.0196477758
-4.6838264559 1.3992511711 0.0196109147
-4.6977943161 1.3550970852 0.0195750470
-4.7113191485 1.3107169992 0.0195401664
-4.7243987227 1.2661149065 0.0195062668
-4.7370308486 1.2212948305 0.0194733424
-4.7492133763 1.1762608248 0.0194413874
-4.7609441965 1.1310169721 0.0194103965
-4.7722212411 1.0855673842 0.0193803642
-4.7830424827 1.0399162018 0.0193512856
-4.7934059359 0.9940675937 0.0193231556
-4.8033096567 0.9480257571 0.0192959697
-4.8127517435 0.9017949164 0.0192697233
-4.8217303368 0.8553793237 0.0192444120
-4.8302436198 0.8087832577 0.0192200317
-4.8382898185 0.7620110238 0.0191965784
-4.8458672021 0.7150669536 0.0191740483
-4.8529740833 0.6679554043 0.0191524378
-4.8596088183 0.6206807586 0.0191317436
-4.8657698074 0.5732474243 0.0191119622
-4.8714554949 0.5256598337 0.0190930907
-4.8766643696 0.4779224433 0.0190751261
-4.8813949649 0.4300397334 0.0190580657
-4.8856458592 0.3820162080 0.0190419069
-4.8894156759 0.3338563938 0.0190266473
-4.8927030839 0.2855648403 0.0190122846
-4.8955067975 0.2371461191 0.0189988169
-4.8978255770 0.1886048235 0.0189862421
-4.8996582286 0.1399455686 0.0189745587
-4.9010036047 0.0911729900 0.0189637649
-4.9018606044 0.0422917439 0.0189538594
-4.9022281731 -0.0066934931 0.0189448410
-4.9021053033 -0.0557780249 0.0189367086
-4.9014910345 -0.1049571363 0.0189294612
-4.9003844533 -0.1542260930 0.0189230981
-4.8987846939 -0.2035801425 0.0189176187
-4.8966909380 -0.2530145143 0.0189130226
-4.8941024152 -0.3025244205 0.0189093095
-4.8910184030 -0.3521050558 0.0189064794
-4.8874382269 -0.4017515988 0.0189045322
-4.8833612610 -0.4514592116 0.0189034681
-4.8787869276 -0.5012230405 0.0189032877
-4.8737146977 -0.5510382168 0.0189039913
-4.8681440912 -0.6008998570 0.0189055797
-4.8620746766 -0.6508030632 0.0189080538
-4.8555060718 -0.7007429233 0.0189114146
-4.8484379436 -0.7507145122 0.0189156632
-4.8408700084 -0.8007128920 0.0189208011
-4.8328020320 -0.8507331119 0.0189268296
-4.8242338296 -0.9007702090 0.0189337506
-4.8151652661 -0.9508192092 0.0189415659
-4.8055962566 -1.0008751275 0.0189502774
-4.7955267657 -1.0509329681 0.0189598874
-4.7849568083 -1.1009877246 0.0189703981
-4.7738864492 -1.1510343816 0.0189818122
-4.7623158036 -1.2010679145 0.0189941321
-4.7502450371 -1.2510832902 0.0190073610
-4.7376743655 -1.3010754669 0.0190215016
-4.7246040550 -1.3510393951 0.0190365572
-4.7110344227 -1.4009700187 0.0190525313
-4.6969658362 -1.4508622747 0.0190694273
-4.6823987137 -1.5007110939 0.0190872489
-4.6673335241 -1.5505114010 0.0191060000
-4.6517707874 -1.6002581157 0.0191256848
-4.6357110742 -1.6499461533 0.0191463074
-4.6191550061 -1.6995704247 0.0191678723
-4.6021032558 -1.7491258371 0.0191903840
-4.5845565468 -1.7986072941 0.0192138475
-4.5665156536 -1.8480096970 0.0192382677
-4.5479814019 -1.8973279452 0.0192636498
-4.5289546684 -1.9465569359 0.0192899990
-4.5094363809 -1.9956915649 0.0193173211
-4.4894275184 -2.0447267281 0.0193456218
-4.4689291107 -2.0936573206 0.0193749069
-4.4479422390 -2.1424782383 0.0194051828
-4.4264680355 -2.1911843774 0.0194364556
-4.4045076835 -2.2397706360 0.0194687321
-4.3820624174 -2.2882319139 0.0195020189
-4.3591335226 -2.3365631133 0.0195363230
-4.3357223355 -2.3847591390 0.0195716517
-4.3118302438 -2.4328148999 0.0196080123
-4.2874586858 -2.4807253084 0.0196454124
-4.2626091508 -2.5284852813 0.0196838600
-4.2372831792 -2.5760897407 0.0197233631
-4.2114823621 -2.6235336140 0.0197639299
-4.1852083413 -2.6708118346 0.0198055691
-4.1584628094 -2.7179193426 0.0198482894
-4.1312475097 -2.7648510851 0.0198920997
-4.1035642361 -2.8116020167 0.0199370094
-4.0754148328 -2.8581671002 0.0199830279
-4.0468011946 -2.9045413071 0.0200301649
-4.0177252667 -2.9507196178 0.0200784305
-3.9881890444 -2.9966970226 0.0201278350
-3.9581945731 -3.0424685220 0.0201783887
-3.9277439485 -3.0880291271 0.0202301025
-3.8968393161 -3.1333738602 0.0202829875
-3.8654828712 -3.1784977556 0.0203370549
-3.8336768587 -3.2233958595 0.0203923164
-3.8014235734 -3.2680632314 0.0204487838
-3.7687253594 -3.3124949437 0.0205064693
-3.7355846100 -3.3566860829 0.0205653855
-3.7020037678 -3.4006317496 0.0206255450
-3.6679853246 -3.4443270597 0.0206869609
-3.6335318208 -3.4877671440 0.0207496466
-3.5986458458 -3.5309471497 0.0208136158
-3.5633300375 -3.5738622401 0.0208788825
-3.5275870822 -3.6165075957 0.0209454610
-3.4914197144 -3.6588784144 0.0210133661
-3.4548307167 -3.7009699120 0.0210826127
-3.4178229199 -3.7427773230 0.0211532163
-3.3803992020 -3.7842959008 0.0212251924
-3.3425624889 -3.8255209183 0.0212985573
-3.3043157537 -3.8664476686 0.0213733273
-3.2656620166 -3.9070714654 0.0214495192
-3.2266043449 -3.9473876433 0.0215271503
-3.1871458525 -3.9873915586 0.0216062381
-3.1472896997 -4.0270785898 0.0216868006
-3.1070390933 -4.0664441378 0.0217688561
-3.0663972860 -4.1054836268 0.0218524235
-3.0253675764 -4.1441925046 0.0219375221
-2.9839533086 -4.1825662431 0.0220241713
-2.9421578723 -4.2206003387 0.0221123913
-2.8999847021 -4.2582903133 0.0222022027
-2.8574372774 -4.2956317141 0.0222936263
-2.8145191224 -4.3326201146 0.0223866837
-2.7712338056 -4.3692511149 0.0224813968
-2.7275849396 -4.4055203422 0.0225777879
-2.6835761806 -4.4414234513 0.0226758800
-2.6392112287 -4.4769561253 0.0227756964
-2.5944938269 -4.5121140757 0.0228772612
-2.5494277616 -4.5468930433 0.0229805986
-2.5040168614 -4.5812887982 0.0230857338
-2.4582649977 -4.6152971409 0.0231926923
-2.4121760839 -4.6489139022 0.0233015000
-2.3657540750 -4.6821349440 0.0234121838
-2.3190029678 -4.7149561599 0.0235247709
-2.2719268000 -4.7473734752 0.0236392891
-2.2245296504 -4.7793828479 0.0237557668
-2.1768156382 -4.8109802688 0.0238742333
-2.1287889229 -4.8421617621 0.0239947182
-2.0804537037 -4.8729233860 0.0241172518
-2.0318142197 -4.9032612330 0.0242418654
-1.9828747489 -4.9331714303 0.0243685906
-1.9336396083 -4.9626501404 0.0244974598
-1.8841131535 -4.9916935618 0.0246285062
-1.8342997781 -5.0202979287 0.0247617636
-1.7842039137 -5.0484595122 0.0248972668
-1.7338300291 -5.0761746206 0.0250350511
-1.6831826304 -5.1034395995 0.0251751527
-1.6322662605 -5.1302508325 0.0253176086
-1.5810854983 -5.1566047418 0.0254624565
-1.5296449591 -5.1824977883 0.0256097351
-1.4779492934 -5.2079264722 0.0257594840
-1.4260031871 -5.2328873334 0.0259117434
-1.3738113609 -5.2573769520 0.0260665546
-1.3213785699 -5.2813919487 0.0262239598
-1.2687096031 -5.3049289853 0.0263840021
-1.2158092833 -5.3279847647 0.0265467256
-1.1626824665 -5.3505560320 0.0267121755
-1.1093340412 -5.3726395743 0.0268803976
-1.0557689287 -5.3942322216 0.0270514392
-1.0019920819 -5.4153308467 0.0272253484
-0.9480084854 -5.4359323660 0.0274021744
-0.8938231551 -5.4560337400 0.0275819676
-0.8394411372 -5.4756319730 0.0277647794
-0.7848675084 -5.4947241145 0.0279506625
-0.7301073752 -5.5133072586 0.0281396707
-0.6751658735 -5.5313785452 0.0283318590
-0.6200481679 -5.5489351598 0.0285272837
-0.5647594517 -5.5659743342 0.0287260022
-0.5093049463 -5.5824933468 0.0289280736
-0.4536899004 -5.5984895228 0.0291335579
-0.3979195901 -5.6139602350 0.0293425167
-0.3419993180 -5.6289029037 0.0295550130
-0.2859344129 -5.6433149972 0.0297711111
-0.2297302294 -5.6571940323 0.0299908768
-0.1733921472 -5.6705375746 0.0302143776
-0.1169255710 -5.6833432386 0.0304416823
-0.0603359297 -5.6956086886 0.0306728614
-0.0036286760 -5.7073316383 0.0309079869
0.0531907141 -5.7185098517 0.0311471326
0.1101167417 -5.7291411433 0.0313903740
0.1671438854 -5.7392233783 0.0316377881
0.2242666021 -5.7487544731 0.0318894540
0.2814793274 -5.7577323954 0.0321454524
0.3387764758 -5.7661551646 0.0324058659
0.3961524415 -5.7740208524 0.0326707791
0.4536015988 -5.7813275826 0.0329402784
0.5111183027 -5.7880735317 0.0332144524
0.5686968893 -5.7942569294 0.0334933916
0.6263316763 -5.7998760582 0.0337771888
0.6840169637 -5.8049292544 0.0340659386
0.7417470340 -5.8094149083 0.0343597381
0.7995161530 -5.8133314638 0.0346586866
0.8573185701 -5.8166774197 0.0349628857
0.9151485190 -5.8194513290 0.0352724393
0.9730002182 -5.8216517998 0.0355874539
1.0308678714 -5.8232774954 0.0359080383
1.0887456682 -5.8243271345 0.0362343039
1.1466277844 -5.8247994913 0.0365663649
1.2045083828 -5.8246933962 0.0369043379
1.2623816136 -5.8240077354 0.0372483424
1.3202416148 -5.8227414519 0.0375985006
1.3780825129 -5.8208935449 0.0379549376
1.4358984236 -5.8184630707 0.0383177816
1.4936834521 -5.8154491427 0.0386871635
1.5514316934 -5.8118509313 0.0390632177
1.6091372334 -5.8076676648 0.0394460813
1.6667941493 -5.8028986289 0.0398358950
1.7243965097 -5.7975431673 0.0402328025
1.7819383757 -5.7916006817 0.0406369512
1.8394138012 -5.7850706322 0.0410484918
1.8968168332 -5.7779525375 0.0414675784
1.9541415131 -5.7702459746 0.0418943691
2.0113818763 -5.7619505796 0.0423290254
2.0685319536 -5.7530660476 0.0427717126
2.1255857711 -5.7435921326 0.0432226003
2.1825373511 -5.7335286484 0.0436818616
2.2393807127 -5.7228754678 0.0441496738
2.2961098720 -5.7116325235 0.0446262185
2.3527188431 -5.6997998079 0.0451116815
2.4092016385 -5.6873773733 0.0456062530
2.4655522693 -5.6743653321 0.0461101274
2.5217647461 -5.6607638568 0.0466235042
2.5778330798 -5.6465731803 0.0471465869
2.6337512820 -5.6317935958 0.0476795842
2.6895133647 -5.6164254571 0.0482227095
2.7451133419 -5.6004691786 0.0487761813
2.8005452303 -5.5839252355 0.0493402232
2.8558030490 -5.5667941637 0.0499150636
2.9108808206 -5.5490765603 0.0505009366
2.9657725711 -5.5307730830 0.0510980816
3.0204723315 -5.5118844510 0.0517067437
3.0749741380 -5.4924114445 0.0523271732
3.1292720319 -5.4723549047 0.0529596264
3.1833600606 -5.4517157346 0.0536043656
3.2372322784 -5.4304948980 0.0542616591
3.2908827470 -5.4086934207 0.0549317809
3.3443055358 -5.3863123894 0.0556150116
3.3974947220 -5.3633529526 0.0563116380
3.4504443923 -5.3398163203 0.0570219536
3.5031486429 -5.3157037641 0.0577462580
3.5556015796 -5.2910166172 0.0584848580
3.6077973187 -5.2657562742 0.0592380669
3.6597299880 -5.2399241916 0.0600062051
3.7113937268 -5.2135218875 0.0607896000
3.7627826864 -5.1865509415 0.0615885862
3.8138910308 -5.1590129949 0.0624035057
3.8647129375 -5.1309097508 0.0632347077
3.9152425978 -5.1022429736 0.0640825491
3.9654742170 -5.0730144897 0.0649473944
4.0154020156 -5.0432261868 0.0658296159
4.0650202297 -5.0128800142 0.0667295937
4.1143231107 -4.9819779828 0.0676477159
4.1633049272 -4.9505221649 0.0685843787
4.2119599644 -4.9185146944 0.0695399865
4.2602825253 -4.8859577663 0.0705149520
4.3082669308 -4.8528536373 0.0715096961
4.3559075205 -4.8192046251 0.0725246484
4.4031986532 -4.7850131086 0.0735602468
4.4501347072 -4.7502815280 0.0746169382
4.4967100812 -4.7150123845 0.0756951777
4.5429191946 -4.6792082401 0.0767954294
4.5887564879 -4.6428717180 0.0779181664
4.6342164234 -4.6060055020 0.0790638704
4.6792934859 -4.5686123365 0.0802330320
4.7239821825 -4.5306950267 0.0814261508
4.7682770442 -4.4922564382 0.0826437355
4.8121726254 -4.4532994969 0.0838863035
4.8556635052 -4.4138271891 0.0851543814
4.8987442870 -4.3738425610 0.0864485045
4.9414096002 -4.3333487190 0.0877692171
4.9836540998 -4.2923488292 0.0891170726
5.0254724670 -4.2508461176 0.0904926329
5.0668594101 -4.2088438695 0.0918964689
5.1078096648 -4.1663454297 0.0933291598
5.1483179947 -4.1233542024 0.0947912937
5.1883791917 -4.0798736509 0.0962834670
5.2279880769 -4.0359072970 0.0978062841
5.2671395005 -3.9914587219 0.0993603579
5.3058283426 -3.9465315648 0.1009463088
5.3440495142 -3.9011295236 0.1025647650
5.3817979569 -3.8552563543 0.1042163623
5.4190686437 -3.8089158709 0.1059017433
5.4558565798 -3.7621119451 0.1076215575
5.4921568029 -3.7148485064 0.1093764611
5.5279643832 -3.6671295415 0.1111671162
5.5632744249 -3.6189590944 0.1129941906
5.5980820664 -3.5703412658 0.1148583574
5.6323824799 -3.5212802134 0.1167602948
5.6661708731 -3.4717801512 0.1187006847
5.6994424896 -3.4218453493 0.1206802131
5.7321926085 -3.3714801341 0.1226995692
5.7644165457 -3.3206888876 0.1247594444
5.7961096545 -3.2694760472 0.1268605320
5.8272673260 -3.2178461054 0.1290035263
5.8578849890 -3.1658036100 0.1311891222
5.8879581115 -3.1133531633 0.1334180134
5.9174822010 -3.0604994217 0.1356908926
5.9464528046 -3.0072470961 0.1380084500
5.9748655100 -2.9536009511 0.1403713723
6.0027159460 -2.8995658047 0.1427803415
6.0299997831 -2.8451465279 0.1452360344
6.0567127339 -2.7903480452 0.1477391207
6.0828505539 -2.7351753331 0.1502902620
6.1084090423 -2.6796334205 0.1528901106
6.1333840420 -2.6237273881 0.1555393079
6.1577714406 -2.5674623685 0.1582384833
6.1815671716 -2.5108435452 0.1609882518
6.2047672140 -2.4538761525 0.1637892135
6.2273675935 -2.3965654755 0.1666419516
6.2493643834 -2.3389168493 0.1695470296
6.2707537051 -2.2809356584 0.1725049909
6.2915317284 -2.2226273373 0.1755163563
6.3116946728 -2.1639973690 0.1785816220
6.3312388083 -2.1050512853 0.1817012568
6.3501604557 -2.0457946659 0.1848757012
6.3684559873 -1.9862331386 0.1881053651
6.3861218283 -1.9263723783 0.1913906242
6.4031544574 -1.8662181067 0.1947318180
6.4195504076 -1.8057760919 0.1981292487
6.4353062663 -1.7450521484 0.2015831775
6.4504186775 -1.6840521360 0.2050938214
6.4648843423 -1.6227819593 0.2086613513
6.4787000191 -1.5612475674 0.2122858893
6.4918625250 -1.4994549541 0.2159675062
6.5043687370 -1.4374101564 0.2197062169
6.5162155931 -1.3751192539 0.2235019783
6.5274000929 -1.3125883692 0.2273546874
6.5379192982 -1.2498236672 0.2312641773
6.5477703353 -1.1868313536 0.2352302125
6.5569503955 -1.1236176751 0.2392524874
6.5654567361 -1.0601889186 0.2433306232
6.5732866811 -0.9965514113 0.2474641646
6.5804376233 -0.9327115191 0.2516525744
6.5869070256 -0.8686756463 0.2558952314
6.5926924215 -0.8044502348 0.2601914286
6.5977914160 -0.7400417645 0.2645403680
6.6022016879 -0.6754567516 0.2689411571
6.6059209914 -0.6107017479 0.2733928050
6.6089471563 -0.5457833403 0.2778942215
6.6112780896 -0.4807081508 0.2824442119
6.6129117770 -0.4154828351 0.2870414739
6.6138462855 -0.3501140818 0.2916845933
6.6140797632 -0.2846086115 0.2963720429
6.6136104415 -0.2189731769 0.3011021788
6.6124366361 -0.1532145615 0.3058732364
6.6105567498 -0.0873395786 0.3106833278
6.6079692727 -0.0213550705 0.3155304400
6.6046727840 0.0447320917 0.3204124312
6.6006659543 0.1109150095 0.3253270285
6.5959475465 0.1771867581 0.3302718263
6.5905164175 0.2435403863 0.3352442834
6.5843715201 0.3099689186 0.3402417213
6.5775119045 0.3764653554 0.3452613228
6.5699367195 0.4430226736 0.3503001304
6.5616452152 0.5096338285 0.3553550451
6.5526367434 0.5762917545 0.3604228257
6.5429107598 0.6429893653 0.3655000882
6.5324668257 0.7097195557 0.3705833053
6.5213046099 0.7764752026 0.3756688071
6.5094238897 0.8432491660 0.3807527814
6.4968245522 0.9100342893 0.3858312737
6.4835065968 0.9768234013 0.3909001898
6.4694701369 1.0436093174 0.3959552972
6.4547154000 1.1103848403 0.4009922269
6.4392427299 1.1771427602 0.4060064747
6.4230525888 1.2438758576 0.4109934069
6.4061455583 1.3105769041 0.4159482634
6.3885223398 1.3772386631 0.4208661599
6.3701837569 1.4438538903 0.4257420921
6.3511307562 1.5104153364 0.4305709438
6.3313644089 1.5769157480 0.4353474924
6.3108859112 1.6433478683 0.4400664114
6.2896965854 1.7097044382 0.4447222784
6.2677978813 1.7759781979 0.4493095844
6.2451913771 1.8421618889 0.4538227428
6.2218787792 1.9082482545 0.4582560926
6.1978619239 1.9742300405 0.4626039090
6.1731427773 2.0400999975 0.4668604154
6.1477234362 2.1058508824 0.4710197947
6.1216061281 2.1714754591 0.4750761935
6.0947932112 2.2369664993 0.4790237356
6.0672871750 2.3023167849 0.4828565364
6.0390906400 2.3675191094 0.4865687156
6.0102063573 2.4325662783 0.4901544032
5.9806372086 2.4974511108 0.4936077549
5.9503862055 2.5621664410 0.4969229696
5.9194564889 2.6267051202 0.5000943017
5.8878513281 2.6910600174 0.5031160694
5.8555741207 2.7552240196 0.5059826713
5.8226283900 2.8191900352 0.5086886072
5.7890177849 2.8829509944 0.5112284873
5.7547460783 2.9464998500 0.5135970448
5.7198171656 3.0098295787 0.5157891523
5.6842350623 3.0729331834 0.5177998439
5.6480039027 3.1358036937 0.5196243216
5.6111279381 3.1984341670 0.5212579714
5.5736115341 3.2608176897 0.5226963797
5.5354591678 3.3229473791 0.5239353529
5.4966754262 3.3848163842 0.5249709229
5.4572650036 3.4464178861 0.5257993646
5.4172326978 3.5077450999 0.5264172126
5.3765834069 3.5687912763 0.5268212742
5.3353221280 3.6295497015 0.5270086372
5.2934539527 3.6900136985 0.5269766855
5.2509840629 3.7501766287 0.5267231141
5.2079177287 3.8100318929 0.5262459359
5.1642603044 3.8695729313 0.5255434922
5.1200172249 3.9287932247 0.5246144632
5.0751940002 3.9876862965 0.5234578798
5.0297962138 4.0462457123 0.5220731261
4.9838295182 4.1044650807 0.5204599492
4.9372996293 4.1623380547 0.5186184654
4.8902123230 4.2198583322 0.5165491651
4.8425734320 4.2770196566 0.5142529149
4.7943888412 4.3338158171 0.5117309623
4.7456644815 4.3902406498 0.5089849362
4.6964063277 4.4462880383 0.5060168482
4.6466203941 4.5019519137 0.5028290910
4.5963127294 4.5572262551 0.4994244374
4.5454894114 4.6121050906 0.4958060353
4.4941565454 4.6665824975 0.4919774055
4.4423202586 4.7206526021 0.4879424364
4.3899866958 4.7743095802 0.4837053750
4.3371620145 4.8275476578 0.4792708179
4.2838523831 4.8803611115 0.4746437070
4.2300639764 4.9327442674 0.4698293181
4.1758029706 4.9846915022 0.4648332454
4.1210755395 5.0361972435 0.4596613879
4.0658878528 5.0872559697 0.4543199439
4.0102460724 5.1378622095 0.4488153937
3.9541563486 5.1880105420 0.4431544848
3.8976248152 5.2376955970 0.4373442013
3.8406575886 5.2869120554 0.4313917622
3.7832607668 5.3356546489 0.4253046092
3.7254404238 5.3839181584 0.4190903746
3.6672026082 5.4316974156 0.4127568632
3.6085533408 5.4789873023 0.4063120320
3.5494986135 5.5257827504 0.3997639810
3.4900443875 5.5720787411 0.3931209253
3.4301965908 5.6178703050 0.3863911703
3.3699611171 5.6631525222 0.3795830897
3.3093438255 5.7079205218 0.3727051172
3.2483505391 5.7521694816 0.3657657161
3.1869870441 5.7958946274 0.3587733558
3.1252590897 5.8390912336 0.3517364904
3.0631723873 5.8817546227 0.3446635476
3.0007326112 5.9238801645 0.3375629024
2.9379453987 5.9654632759 0.3304428513
2.8748163495 6.0064994213 0.3233115966
2.8113510269 6.0469841120 0.3161772330
2.7475549591 6.0869129054 0.3090477256
2.6834336396 6.1262814051 0.3019308845
2.6189925280 6.1650852612 0.2948343547
2.5542370513 6.2033201695 0.2877656026
2.4891726063 6.2409818710 0.2807318950
2.4238045604 6.2780661521 0.2737402842
2.3581382531 6.3145688448 0.2667975981
2.2921789988 6.3504858256 0.2599104256
2.2259320879 6.3858130160 0.2530851038
2.1594027894 6.4205463823 0.2463277097
2.0925963530 6.4546819350 0.2396440492
2.0255180114 6.4882157296 0.2330396482
1.9581729826 6.5211438654 0.2265197476
1.8905664727 6.5534624867 0.2200892938
1.8227036777 6.5851677817 0.2137529365
1.7545897871 6.6162559830 0.2075150229
1.6862299853 6.6467233678 0.2013795951
1.6176294554 6.6765662574 0.1953503893
1.5487933807 6.7057810180 0.1894308331
1.4797269482 6.7343640601 0.1836240479
1.4104353507 6.7623118391 0.1779328482
1.3409237900 6.7896208554 0.1723597455
1.2711974784 6.8162876544 0.1669069500
1.2012616425 6.8423088268 0.1615763761
1.1311215248 6.8676810089 0.1563696460
1.0607823865 6.8924008830 0.1512880964
0.9902495097 6.9164651773 0.1463327845
0.9195281998 6.9398706666 0.1415044954
0.8486237879 6.9626141723 0.1368037499
0.7775416324 6.9846925632 0.1322308128
0.7062871216 7.0061027552 0.1277857023
0.6348656753 7.0268417127 0.1234681990
0.5632827469 7.0469064478 0.1192778562
0.4915438248 7.0662940220 0.1152140102
0.4196544343 7.0850015455 0.1112757904
0.3476201391 7.1030261786 0.1074621308
0.2754465427 7.1203651315 0.1037717810
0.2031392893 7.1370156655 0.1002033170
0.1307040657 7.1529750927 0.0967551530
0.0581466016 7.1682407772 0.0934255526
-0.0145273288 7.1828101354 0.0902126403
-0.0873119066 7.1966806364 0.0871144127
-0.1602012672 7.2098498029 0.0841287498
-0.2331894996 7.2223152115 0.0812534263
-0.3062706463 7.2340744933 0.0784861224
-0.3794387025 7.2451253346 0.0758244344
-0.4526876165 7.2554654773 0.0732658856
-0.5260112888 7.2650927197 0.0708079361
-0.5994035728 7.2740049170 0.0684479932
-0.6728582744 7.2821999817 0.0661834204
-0.7463691526 7.2896758847 0.0640115470
-0.8199299193 7.2964306552 0.0619296771
-0.8935342401 7.3024623817 0.0599350976
-0.9671757345 7.3077692127 0.0580250868
-1.0408479766 7.3123493569 0.0561969214
-1.1145444957 7.3162010841 0.0544478847
-1.1882587771 7.3193227254 0.0527752722
-1.2619842625 7.3217126743 0.0511763988
-1.3357143513 7.3233693867 0.0496486046
-1.4094424014 7.3242913818 0.0481892599
-1.4831617299 7.3244772425 0.0467957710
-1.5568656144 7.3239256160 0.0454655840
-1.6305472939 7.3226352142 0.0441961897
-1.7041999702 7.3206048143 0.0429851268
-1.7778168086 7.3178332594 0.0418299859
-1.8513909395 7.3143194587 0.0407284117
-1.9249154594 7.3100623883 0.0396781065
-1.9983834321 7.3050610914 0.0386768315
-2.0717878903 7.2993146789 0.0377224095
-2.1451218365 7.2928223300 0.0368127259
-2.2183782447 7.2855832922 0.0359457304
-2.2915500614 7.2775968820 0.0351194372
-2.3646302070 7.2688624854 0.0343319266
-2.4376115776 7.2593795580 0.0335813444
-2.5104870455 7.2491476258 0.0328659029
-2.5832494615 7.2381662849 0.0321838800
-2.6558916556 7.2264352026 0.0315336195
-2.7284064385 7.2139541173 0.0309135302
-2.8007866033 7.2007228389 0.0303220853
-2.8730249265 7.1867412491 0.0297578214
-2.9451141695 7.1720093020 0.0292193377
-3.0170470797 7.1565270239 0.0287052948
-3.0888163923 7.1402945137 0.0282144130
-3.1604148311 7.1233119436 0.0277454715
-3.2318351104 7.1055795588 0.0272973067
-3.3030699357 7.0870976781 0.0268688104
-3.3741120052 7.0678666939 0.0264589286
-3.4449540114 7.0478870726 0.0260666594
-3.5155886417 7.0271593545 0.0256910518
-3.5860085804 7.0056841545 0.0253312033
-3.6562065092 6.9834621617 0.0249862590
-3.7261751090 6.9604941400 0.0246554088
-3.7959070607 6.9367809281 0.0243378866
-3.8653950464 6.9123234396 0.0240329679
-3.9346317509 6.8871226630 0.0237399683
-4.0036098625 6.8611796624 0.0234582417
-4.0723220742 6.8344955767 0.0231871786
-4.1407610850 6.8070716206 0.0229262043
-4.2089196006 6.7789090841 0.0226747775
-4.2767903349 6.7500093327 0.0224323886
-4.3443660110 6.7203738077 0.0221985578
-4.4116393617 6.6900040260 0.0219728340
-4.4786031316 6.6589015801 0.0217547933
-4.5452500768 6.6270681384 0.0215440372
-4.6115729672 6.5945054451 0.0213401915
-4.6775645866 6.5612153201 0.0211429050
-4.7432177341 6.5271996592 0.0209518479
-4.8085252246 6.4924604339 0.0207667109
-4.8734798906 6.4569996915 0.0205872041
-4.9380745824 6.4208195552 0.0204130554
-5.0023021692 6.3839222237 0.0202440097
-5.0661555402 6.3463099715 0.0200798281
-5.1296276054 6.3079851487 0.0199202864
-5.1927112965 6.2689501811 0.0197651747
-5.2553995678 6.2292075698 0.0196142961
-5.3176853971 6.1887598915 0.0194674661
-5.3795617865 6.1476097980 0.0193245119
-5.4410217634 6.1057600165 0.0191852714
-5.5020583812 6.0632133494 0.0190495924
-5.5626647202 6.0199726739 0.0189173324
-5.6228338887 5.9760409422 0.0187883578
-5.6825590233 5.9314211813 0.0186625428
-5.7418332902 5.8861164927 0.0185397698
-5.8006498858 5.8401300525 0.0184199280
-5.8590020376 5.7934651110 0.0183029133
-5.9168830048 5.7461249927 0.0181886281
-5.9742860795 5.6981130960 0.0180769803
-6.0312045872 5.6494328932 0.0179678833
-6.0876318874 5.6000879300 0.0178612556
-6.1435613750 5.5500818258 0.0177570203
-6.1989864806 5.4994182728 0.0176551049
-6.2539006711 5.4481010365 0.0175554411
-6.3082974512 5.3961339550 0.0174579640
-6.3621703635 5.3435209389 0.0173626128
-6.4155129893 5.2902659712 0.0172693294
-6.4683189499 5.2363731067 0.0171780593
-6.5205819066 5.1818464721 0.0170887505
-6.5722955621 5.1266902657 0.0170013538
-6.6234536609 5.0709087569 0.0169158226
-6.6740499899 5.0145062861 0.0168321123
-6.7240783796 4.9574872644 0.0167501809
-6.7735327044 4.8998561731 0.0166699880
-6.8224068834 4.8416175638 0.0165914956
-6.8706948814 4.7827760577 0.0165146670
-6.9183907093 4.7233363455 0.0164394674
-6.9654884248 4.6633031869 0.0163658637
-7.0119821335 4.6026814107 0.0162938239
-7.0578659889 4.5414759136 0.0162233178
-7.1031341939 4.4796916609 0.0161543162
-7.1477810010 4.4173336852 0.0160867912
-7.1918007129 4.3544070868 0.0160207161
-7.2351876836 4.2909170328 0.0159560652
-7.2779363187 4.2268687569 0.0158928140
-7.3200410765 4.1622675591 0.0158309389
-7.3614964680 4.0971188052 0.0157704171
-7.4022970583 4.0314279263 0.0157112268
-7.4424374667 3.9652004186 0.0156533470
-7.4819123677 3.8984418429 0.0155967575
-7.5207164914 3.8311578242 0.0155414389
-7.5588446246 3.7633540512 0.0154873723
-7.5962916107 3.6950362758 0.0154345397
-7.6330523510 3.6262103128 0.0153829238
-7.6691218050 3.5568820394 0.0153325077
-7.7044949913 3.4870573948 0.0152832752
-7.7391669877 3.4167423796 0.0152352108
-7.7731329326 3.3459430552 0.0151882994
-7.8063880247 3.2746655438 0.0151425265
-7.8389275244 3.2029160275 0.0150978781
-7.8707467539 3.1307007479 0.0150543406
-7.9018410982 3.0580260054 0.0150119009
-7.9322060053 2.9848981593 0.0149705466
-7.9618369870 2.9113236266 0.0149302655
-7.9907296193 2.8373088818 0.0148910457
-8.0188795434 2.7628604563 0.0148528761
-8.0462824658 2.6879849380 0.0148157458
-8.0729341590 2.6126889706 0.0147796442
-8.0988304623 2.5369792529 0.0147445611
-8.1239672820 2.4608625386 0.0147104870
-8.1483405922 2.3843456356 0.0146774123
-8.1719464352 2.3074354053 0.0146453280
-8.1947809221 2.2301387621 0.0146142253
-8.2168402333 2.1524626729 0.0145840960
-8.2381206192 2.0744141563 0.0145549320
-8.2586184004 1.9960002822 0.0145267255
-8.2783299684 1.9172281713 0.0144994692
-8.2972517862 1.8381049940 0.0144731559
-8.3153803884 1.7586379704 0.0144477788
-8.3327123823 1.6788343691 0.0144233315
-8.3492444479 1.5987015071 0.0143998076
-8.3649733387 1.5182467489 0.0143772012
-8.3798958817 1.4374775055 0.0143555067
-8.3940089785 1.3564012347 0.0143347187
-8.4073096053 1.2750254395 0.0143148320
-8.4197948137 1.1933576678 0.0142958418
-8.4314617306 1.1114055119 0.0142777434
-8.4423075592 1.0291766077 0.0142605327
-8.4523295794 0.9466786338 0.0142442053
-8.4615251478 0.8639193112 0.0142287576
-8.4698916984 0.7809064025 0.0142141860
-8.4774267432 0.6976477107 0.0142004871
-8.4841278721 0.6141510795 0.0141876577
-8.4899927539 0.5304243917 0.0141756951
-8.4950191363 0.4464755689 0.0141645967
-8.4992048462 0.3623125707 0.0141543600
-8.5025477905 0.2779433941 0.0141449829
-8.5050459561 0.1933760723 0.0141364635
-8.5066974105 0.1086186749 0.0141288001
-8.5075003019 0.0236793061 0.0141219913
-8.5074528598 -0.0614338954 0.0141160358
-8.5065533953 -0.1467127570 0.0141109327
-8.5048003013 -0.2321490738 0.0141066812
-8.5021920529 -0.3177346083 0.0141032808
-8.4987272078 -0.4034610920 0.0141007311
-8.4944044064 -0.4893202255 0.0140990321
-8.4892223723 -0.5753036797 0.0140981839
-8.4831799127 -0.6614030968 0.0140981869
-8.4762759184 -0.7476100904 0.0140990417
-8.4685093641 -0.8339162465 0.0141007491
-8.4598793089 -0.9203131247 0.0141033102
-8.4503848965 -1.0067922589 0.0141067262
-8.4400253552 -1.0933451572 0.0141109986
-8.4287999986 -1.1799633039 0.0141161292
-8.4167082255 -1.2666381600 0.0141221200
-8.4037495203 -1.3533611636 0.0141289731
-8.3899234528 -1.4401237304 0.0141366909
-8.3752296791 -1.5269172557 0.0141452761
-8.3596679416 -1.6137331146 0.0141547317
-8.3432380688 -1.7005626625 0.0141650607
-8.3259399758 -1.7873972360 0.0141762665
-8.3077736645 -1.8742281542 0.0141883527
-8.2887392238 -1.9610467198 0.0142013231
-8.2688368297 -2.0478442186 0.0142151819
-8.2480667454 -2.1346119211 0.0142299335
-8.2264293214 -2.2213410841 0.0142455823
-8.2039249960 -2.3080229506 0.0142621332
-8.1805542950 -2.3946487506 0.0142795914
-8.1563178320 -2.4812097024 0.0142979622
-8.1312163087 -2.5676970133 0.0143172512
-8.1052505147 -2.6541018808 0.0143374642
-8.0784213276 -2.7404154924 0.0143586075
-8.0507297137 -2.8266290277 0.0143806875
-8.0221767270 -2.9127336589 0.0144037109
-7.9927635103 -2.9987205510 0.0144276846
-7.9624912948 -3.0845808635 0.0144526159
-7.9313614000 -3.1703057511 0.0144785124
-7.8993752342 -3.2558863641 0.0145053819
-7.8665342941 -3.3413138499 0.0145332325
-7.8328401651 -3.4265793535 0.0145620728
-7.7982945212 -3.5116740183 0.0145919114
-7.7628991253 -3.5965889876 0.0146227575
-7.7266558285 -3.6813154048 0.0146546204
-7.6895665710 -3.7658444143 0.0146875099
-7.6516333814 -3.8501671632 0.0147214360
-7.6128583770 -3.9342748011 0.0147564091
-7.5732437636 -4.0181584819 0.0147924400
-7.5327918357 -4.1018093641 0.0148295396
-7.4915049762 -4.1852186119 0.0148677196
-7.4493856564 -4.2683773962 0.0149069917
-7.4064364361 -4.3512768954 0.0149473681
-7.3626599632 -4.4339082963 0.0149888614
-7.3180589741 -4.5162627949 0.0150314845
-7.2726362932 -4.5983315975 0.0150752509
-7.2263948327 -4.6801059215 0.0151201742
-7.1793375930 -4.7615769964 0.0151662688
-7.1314676621 -4.8427360644 0.0152135493
-7.0827882158 -4.9235743816 0.0152620306
-7.0333025174 -5.0040832190 0.0153117284
-6.9830139174 -5.0842538630 0.0153626586
-6.9319258538 -5.1640776167 0.0154148377
-6.8800418513 -5.2435458004 0.0154682826
-6.8273655218 -5.3226497530 0.0155230108
-6.7739005637 -5.4013808325 0.0155790401
-6.7196507620 -5.4797304171 0.0156363891
-6.6646199879 -5.5576899061 0.0156950767
-6.6088121989 -5.6352507207 0.0157551225
-6.5522314380 -5.7124043049 0.0158165466
-6.4948818342 -5.7891421266 0.0158793697
-6.4367676018 -5.8654556785 0.0159436131
-6.3778930402 -5.9413364784 0.0160092986
-6.3182625338 -6.0167760712 0.0160764487
-6.2578805515 -6.0917660287 0.0161450868
-6.1967516468 -6.1662979512 0.0162152364
-6.1348804570 -6.2403634682 0.0162869222
-6.0722717036 -6.3139542392 0.0163601694
-6.0089301911 -6.3870619547 0.0164350038
-5.9448608077 -6.4596783370 0.0165114522
-5.8800685242 -6.5317951415 0.0165895418
-5.8145583939 -6.6034041567 0.0166693011
-5.7483355526 -6.6744972063 0.0167507588
-5.6814052178 -6.7450661489 0.0168339450
-5.6137726884 -6.8151028798 0.0169188902
-5.5454433449 -6.8845993313 0.0170056261
-5.4764226481 -6.9535474739 0.0170941851
-5.4067161396 -7.0219393172 0.0171846006
-5.3363294409 -7.0897669105 0.0172769071
-5.2652682532 -7.1570223439 0.0173711398
-5.1935383568 -7.2236977492 0.0174673352
-5.1211456111 -7.2897853006 0.0175655308
-5.0480959537 -7.3552772158 0.0176657649
-4.9743954002 -7.4201657567 0.0177680774
-4.9000500440 -7.4844432301 0.0178725091
-4.8250660554 -7.5481019892 0.0179791018
-4.7494496814 -7.6111344337 0.0180878990
-4.6732072451 -7.6735330111 0.0181989451
-4.5963451456 -7.7352902175 0.0183122859
-4.5188698570 -7.7963985984 0.0184279687
-4.4407879284 -7.8568507494 0.0185460421
-4.3621059830 -7.9166393175 0.0186665561
-4.2828307178 -7.9757570013 0.0187895622
-4.2029689031 -8.0341965526 0.0189151137
-4.1225273821 -8.0919507764 0.0190432651
-4.0415130700 -8.1490125324 0.0191740729
-3.9599329538 -8.2053747355 0.0193075951
-3.8777940917 -8.2610303568 0.0194438916
-3.7951036125 -8.3159724243 0.0195830242
-3.7118687149 -8.3701940237 0.0197250563
-3.6280966674 -8.4236882993 0.0198700536
-3.5437948072 -8.4764484548 0.0200180836
-3.4589705399 -8.5284677540 0.0201692160
-3.3736313388 -8.5797395218 0.0203235228
-3.2877847445 -8.6302571448 0.0204810781
-3.2014383642 -8.6800140722 0.0206419583
-3.1145998709 -8.7290038165 0.0208062424
-3.0272770030 -8.7772199546 0.0209740118
-2.9394775638 -8.8246561279 0.0211453506
-2.8512094205 -8.8713060438 0.0213203456
-2.7624805040 -8.9171634762 0.0214990862
-2.6732988077 -8.9622222661 0.0216816649
-2.5836723875 -9.0064763225 0.0218681773
-2.4936093607 -9.0499196233 0.0220587220
-2.4031179056 -9.0925462157 0.0222534008
-2.3122062606 -9.1343502172 0.0224523191
-2.2208827235 -9.1753258165 0.0226555854
-2.1291556513 -9.2154672737 0.0228633124
-2.0370334589 -9.2547689217 0.0230756162
-1.9445246189 -9.2932251662 0.0232926169
-1.8516376604 -9.3308304870 0.0235144386
-1.7583811690 -9.3675794386 0.0237412100
-1.6647637853 -9.4034666507 0.0239730638
-1.5707942047 -9.4384868289 0.0242101376
-1.4764811768 -9.4726347557 0.0244525735
-1.3818335041 -9.5059052910 0.0247005188
-1.2868600418 -9.5382933727 0.0249541259
-1.1915696967 -9.5697940175 0.0252135526
-1.0959714269 -9.6004023214 0.0254789622
-1.0000742406 -9.6301134608 0.0257505240
-0.9038871956 -9.6589226926 0.0260284132
-0.8074193986 -9.6868253552 0.0263128116
-0.7106800042 -9.7138168692 0.0266039071
-0.6136782145 -9.7398927377 0.0269018950
-0.5164232779 -9.7650485473 0.0272069776
-0.4189244887 -9.7892799683 0.0275193645
-0.3211911863 -9.8125827561 0.0278392731
-0.2232327542 -9.8349527508 0.0281669293
-0.1250586194 -9.8563858786 0.0285025671
-0.0266782516 -9.8768781520 0.0288464294
0.0718988376 -9.8964256707 0.0291987683
0.1706630954 -9.9150246217 0.0295598458
0.2696049288 -9.9326712804 0.0299299337
0.3687147049 -9.9493620111 0.0303093145
0.4679827525 -9.9650932672 0.0306982814
0.5673993619 -9.9798615920 0.0310971393
0.6669547865 -9.9936636194 0.0315062051
0.7666392432 -10.0064960742 0.0319258081
0.8664429130 -10.0183557729 0.0323562909
0.9663559425 -10.0292396240 0.0327980096
1.0663684438 -10.0391446284 0.0332513348
1.1664704959 -10.0480678806 0.0337166520
1.2666521452 -10.0560065683 0.0341943625
1.3669034063 -10.0629579737 0.0346848840
1.4672142631 -10.0689194735 0.0351886514
1.5675746690 -10.0738885395 0.0357061176
1.6679745481 -10.0778627394 0.0362377546
1.7684037958 -10.0808397369 0.0367840539
1.8688522797 -10.0828172920 0.0373455280
1.9693098401 -10.0837932624 0.0379227110
2.0697662911 -10.0837656029 0.0385161598
2.1702114209 -10.0827323664 0.0391264555
2.2706349930 -10.0806917042 0.0397542039
2.3710267468 -10.0776418667 0.0404000373
2.4713763978 -10.0735812032 0.0410646156
2.5716736390 -10.0685081632 0.0417486282
2.6719081418 -10.0624212963 0.0424527941
2.7720695555 -10.0553192524 0.0431778649
2.8721475091 -10.0472007828 0.0439246258
2.9721316117 -10.0380647398 0.0446938973
3.0720114528 -10.0279100780 0.0454865367
3.1717766031 -10.0167358537 0.0463034409
3.2714166156 -10.0045412261 0.0471455475
3.3709210256 -9.9913254575 0.0480138374
3.4702793514 -9.9770879132 0.0489093370
3.5694810951 -9.9618280625 0.0498331205
3.6685157431 -9.9455454787 0.0507863124
3.7673727663 -9.9282398396 0.0517700903
3.8660416211 -9.9099109278 0.0527856874
3.9645117495 -9.8905586311 0.0538343960
4.0627725796 -9.8701829427 0.0549175702
4.1608135263 -9.8487839620 0.0560366294
4.2586239914 -9.8263618943 0.0571930616
4.3561933639 -9.8029170515 0.0583884280
4.4535110208 -9.7784498527 0.0596243654
4.5505663266 -9.7529608238 0.0609025922
4.6473486344 -9.7264505986 0.0622249114
4.7438472856 -9.6989199187 0.0635932159
4.8400516099 -9.6703696339 0.0650094938
4.9359509260 -9.6408007027 0.0664758330
5.0315345412 -9.6102141922 0.0679944272
5.1267917514 -9.5786112790 0.0695675822
5.2217118415 -9.5459932492 0.0711977212
5.3162840845 -9.5123614988 0.0728873925
5.4104977421 -9.4777175340 0.0746392763
5.5043420642 -9.4420629715 0.0764561915
5.5978062882 -9.4053995390 0.0783411052
5.6908796390 -9.3677290755 0.0802971400
5.7835513287 -9.3290535314 0.0823275826
5.8758105550 -9.2893749692 0.0844358954
5.9676465022 -9.2486955638 0.0866257246
6.0590483389 -9.2070176027 0.0889009109
6.1500052175 -9.1643434866 0.0912655039
6.2405062741 -9.1206757293 0.0937237707
6.3305406262 -9.0760169590 0.0962802093
6.4200973718 -9.0303699178 0.0989395658
6.5091655887 -8.9837374627 0.1017068456
6.5977343322 -8.9361225658 0.1045873275
6.6857926332 -8.8875283149 0.1075865853
6.7733294972 -8.8379579138 0.1107105032
6.8603339024 -8.7874146829 0.1139652908
6.9467947961 -8.7359020599 0.1173575045
7.0327010928 -8.6834236000 0.1208940770
7.1180416734 -8.6299829767 0.1245823273
7.2028053801 -8.5755839824 0.1284299870
7.2869810137 -8.5202305289 0.1324452314
7.3705573303 -8.4639266483 0.1366367089
7.4535230398 -8.4066764935 0.1410135555
7.5358667993 -8.3484843387 0.1455854322
7.6175772089 -8.2893545809 0.1503625660
7.6986428088 -8.2292917401 0.1553557767
7.7790520747 -8.1683004605 0.1605765060
7.8587934105 -8.1063855111 0.1660368677
7.9378551435 -8.0435517872 0.1717496887
8.0162255198 -7.9798043108 0.1777285430
8.0938926957 -7.9151482322 0.1839878056
8.1708447318 -7.8495888313 0.1905427057
8.2470695860 -7.7831315183 0.1974093666
8.3225551043 -7.7157818352 0.2046048729
8.3972890131 -7.6475454577 0.2121473271
8.4712589103 -7.5784281962 0.2200559057
8.5444522544 -7.5084359975 0.2283509376
8.6168563554 -7.4375749467 0.2370539641
8.6884583627 -7.3658512687 0.2461878193
8.7592452535 -7.2932713307 0.2557767108
8.8292038205 -7.2198416435 0.2658462983
8.8983206573 -7.1455688645 0.2764237918
8.9665821453 -7.0704597994 0.2875380357
9.0339744372 -6.9945214052 0.2992196203
9.1004834413 -6.9177607924 0.3115009771
9.1660948033 -6.8401852284 0.3244165008
9.2307938888 -6.7618021398 0.3380026591
9.2945657623 -6.6826191165 0.3522981261
9.3573951672 -6.6026439144 0.3673439065
9.4192665026 -6.5218844595 0.3831834830
9.4801638002 -6.4403488515 0.3998629557
9.5400706987 -6.3580453683 0.4174312034
9.5989704171 -6.2749824700 0.4359400409
9.6568457267 -6.1911688040 0.4554443939
9.7136789201 -6.1066132097 0.4760024765
9.7694517807 -6.0213247242 0.4976759783
9.8241455473 -5.9353125875 0.5205302651
9.8777408801 -5.8485862488 0.5446345788
9.9302178216 -5.7611553731 0.5700622579
9.9815557573 -5.6730298474 0.5968909570
10.0317333740 -5.5842197886 0.6252028796
10.0807286147 -5.4947355508 0.6550850219
10.1285186323 -5.4045877334 0.6866294174
10.1750797406 -5.3137871902 0.7199333977
10.2203873618 -5.2223450378 0.7550998561
10.2644159734 -5.1302726662 0.7922375159
10.3071390503 -5.0375817483 0.8314612111
10.3485290054 -4.9442842514 0.8728921655
10.3885571278 -4.8503924483 0.9166582758
10.4271935172 -4.7559189298 0.9628944003
10.4644070162 -4.6608766173 1.0117426432
10.5001651399 -4.5652787767 1.0633526357
10.5344340029 -4.4691390324 1.1178818154
10.5671782431 -4.3724713827 1.1754956954
10.5983609439 -4.2752902156 1.2363681181
10.6279435538 -4.1776103256 1.3006814972
10.6558858026 -4.0794469312 1.3686270380
10.6821456185 -3.9808156933 1.4404049271
10.7066790409 -3.8817327349 1.5162244938
10.7294401331 -3.7822146609 1.5963043320
10.7503808944 -3.6822785797 1.6808723723
10.7694511719 -3.5819421251 1.7701658984
10.7865985724 -3.4812234793 1.8644315026
10.8017683748 -3.3801413970 1.9639249623
10.8149034462 -3.2787152301 2.0689110267
10.8259441592 -3.1769649538 2.1796631082
10.8348283135 -3.0749111926 2.2964628603
10.8414910626 -2.9725752485 2.4195996218
10.8458648481 -2.8699791285 2.5493697174
10.8478793406 -2.7671455738 2.6860756035
10.8474613904 -2.6640980892 2.8300248258
10.8445349914 -2.5608609731 2.9815287766
10.8390212575 -2.4574593477 3.1409012392
10.8308384151 -2.3539191896 3.3084566949
10.8199018139 -2.2502673606 3.4845083536
10.8061239616 -2.1465316374 3.6693659127
10.7894145784 -2.0427407425 3.8633330286
10.7696806818 -1.9389243732 4.0667044327
10.7468267030 -1.8351132299 4.2797627226
10.7207546337 -1.7313390434 4.5027748211
10.6913642133 -1.6276346008 4.7359880173
10.6585531592 -1.5240337686 4.9796256417
10.6222174370 -1.4205715138 5.2338824136
10.5822515847 -1.3172839226 5.4989192948
10.5385490915 -1.2142082144 5.7748580445
10.4910028208 -1.1113827530 6.0617754587
10.4395055161 -1.0088470524 6.3596970713
10.3839503408 -0.9066417775 6.6685908965
10.3242315137 -0.8048087399 6.9883605167
10.2602449858 -0.7033908849 7.3188384180
10.1918892114 -0.6024322744 7.6597787774
10.1190659511 -0.5019780583 8.0108507955
10.0416812192 -0.4020744399 8.3716313422
9.9596461723 -0.3027686319 8.7415988991
9.8728782193 -0.2041087987 9.1201267649
9.7813020417 -0.1061439942 9.5064777356
9.6848507788 -0.0089240819 9.8997989011
9.5834671914 0.0875003525 10.2991176883
9.4771048857 0.1830781020 10.7033389028
9.3657295553 0.2777574521 11.1112431214
9.2493202305 0.3714863075 11.5214866348
9.1278705168 0.4642123305 11.9326031201
9.0013898014 0.5558830918 12.3430072171
8.8699044266 0.6464462361 12.7510002885
8.7334587769 0.7358496560 13.1547783198
8.5921162771 0.8240416776 13.5524421407
8.4459602861 0.9109712592 13.9420102529
8.2950948324 0.9965881930 14.3214337663
8.1396451950 1.0808433176 14.6886137736
7.9797582970 1.1636887371 15.0414212036
7.8156028868 1.2450780370 15.3777180881
7.6473694948 1.3249665104 15.6953811951
7.4752701427 1.4033113754 15.9923267311
7.2995378127 1.4800719903 16.2665357278
7.1204256234 1.5552100694 16.5160808257
6.9382057847 1.6286898768 16.7391518347
6.7531682512 1.7004784226 16.9340817355
6.5656191407 1.7705456345 17.0993709658
6.3758789383 1.8388645172 17.2337098965
6.1842804179 1.9054112943 17.3359995517
5.9911664566 1.9701655234 17.4053687719
5.7968876256 2.0331101954 17.4411886442
5.6017996707 2.0942318038 17.4430830001
5.4062609420 2.1535203913 17.4109349677
5.2106297185 2.2109695698 17.3448894577
5.0152615720 2.2665765132 17.2453513173
4.8205067722 2.3203419248 17.1129794445
4.6267077338 2.3722699784 16.9486767157
4.4341966201 2.4223682338 16.7535762506
4.2432930992 2.4706475312 16.5290244046
4.0543022593 2.5171218601 16.2765605099
3.8675127683 2.5618082114 15.9978944105
3.6831952671 2.6047264116 15.6948822546
3.5016009915 2.6458989384 15.3695004593
3.3229606862 2.6853507285 15.0238195122
3.1474837731 2.7231089732 14.6599775428
2.9753577795 2.7592029023 14.2801536432
2.8067480398 2.7936635748 13.8865433286
2.6417976378 2.8265236507 13.4813338009
2.4806275805 2.8578171812 13.0666822908
2.3233371957 2.8875793851 12.6446953900
2.1700047184 2.9158464410 12.2174110766
2.0206880411 2.9426552813 11.7867830568
1.8754256335 2.9680433923 11.3546672605
1.7342375599 2.9920486285 10.9228111222
1.5971266074 3.0147090337 10.4928450478
1.4640794947 3.0360626735 10.0662762276
1.3350681207 3.0561474823 9.6444846694
1.2100508480 3.0750011201 9.2287211895
1.0889738071 3.0926608432 8.8201072444
0.9717721859 3.1091633873 8.4196363845
0.8583714973 3.1245448638 8.0281770888
0.7486888221 3.1388406672 7.6464768234
0.6426340030 3.1520853958 7.2751670901
0.5401107798 3.1643127831 6.9147692213
0.4410178683 3.1755556410 6.5657008116
0.3452499815 3.1858458118 6.2282826299
0.2526987600 3.1952141317 5.9027456595
0.1632536516 3.2036904027 5.5892384558
0.0768027089 3.2113033715 5.2878344044
-0.0067666871 3.2180807184 4.9985389286
-0.0875671703 3.2240490510 4.7212965357
-0.1657108042 3.2292339049 4.4559976179
-0.2413085629 3.2336597506 4.2024849554
-0.3144698757 3.2373500036 3.9605598859
-0.3853022311 3.2403270406 3.7299881062
-0.4539108380 3.2426122181 3.5105050877
-0.5203983382 3.2442258951 3.3018210943
-0.5848645684 3.2451874575 3.1036257995
-0.6474063659 3.2455153456 2.9155925066
-0.7081174152 3.2452270829 2.7373819811
-0.7670881310 3.2443393067 2.5686459064
-0.8244055746 3.2428677989 2.4090299807
-0.8801533996 3.2408275189 2.2581766717
-0.9344118239 3.2382326356 2.1157276497
-0.9872576253 3.2350965605 1.9813259199
-1.0387641563 3.2314319808 1.8546176764
-1.0890013776 3.2272508916 1.7352538980
-1.1380359060 3.2225646287 1.6228917073
-1.1859310753 3.2173838999 1.5171955155
-1.2327470077 3.2117188170 1.4178379707
-1.2785406950 3.2055789256 1.3245007303
-1.3233660857 3.1989732356 1.2368750749
-1.3672741790 3.1919102494 1.1546623814
-1.4103131222 3.1843979904 1.0775744699
-1.4525283123 3.1764440300 1.0053338404
-1.4939624986 3.1680555136 0.9376738124
-1.5346558876 3.1592391859 0.8743385794
-1.5746462474 3.1500014148 0.8150831900
-1.6139690127 3.1403482147 0.7596734665
-1.6526573878 3.1302852687 0.7078858693
-1.6907424499 3.1198179493 0.6595073160
-1.7282532484 3.1089513393 0.6143349630
-1.7652169044 3.0976902503 0.5721759558
-1.8016587058 3.0860392416 0.5328471543
-1.8376022010 3.0740026369 0.4961748388
-1.8730692890 3.0615845416 0.4619944001
-1.9080803071 3.0487888577 0.4301500195
-1.9426541151 3.0356192989 0.4004943408
-1.9768081762 3.0220794047 0.3728881383
-2.0105586354 3.0081725535 0.3471999833
-2.0439203940 2.9939019753 0.3233059112
-2.0769071811 2.9792707629 0.3010890913
-2.1095316222 2.9642818839 0.2804395011
-2.1418053044 2.9489381906 0.2612536065
-2.1737388384 2.9332424296 0.2434340480
-2.2053419181 2.9171972520 0.2268893359
-2.2366233765 2.9008052210 0.2115335533
-2.2675912395 2.8840688210 0.1972860686
-2.2982527762 2.8669904646 0.1840712576
-2.3286145474 2.8495725001 0.1718182350
-2.3586824507 2.8318172182 0.1604605970
-2.3884617637 2.8137268584 0.1499361730
-2.4179571847 2.7953036147 0.1401867883
-2.4471728710 2.7765496411 0.1311580368
-2.4761124751 2.7574670570 0.1227990636
-2.5047791789 2.7380579518 0.1150623580
-2.5331757258 2.7183243894 0.1079035561
-2.5613044511 2.6982684126 0.1012812525
-2.5891673104 2.6778920466 0.0951568220
-2.6167659065 2.6571973031 0.0894942500
-2.6441015143 2.6361861834 0.0842599720
-2.6711751049 2.6148606814 0.0794227207
-2.6979873672 2.5932227868 0.0749533824
-2.7245387294 2.5712744879 0.0708248604
-2.7508293779 2.5490177736 0.0670119464
-2.7768592761 2.5264546363 0.0634911988
-2.8026281810 2.5035870736 0.0602408284
-2.8281356597 2.4804170907 0.0572405901
-2.8533811042 2.4569467019 0.0544716812
-2.8783637455 2.4331779325 0.0519166458
-2.9030826667 2.4091128203 0.0495592849
-2.9275368153 2.3847534168 0.0473845716
-2.9517250147 2.3601017893 0.0453785721
-2.9756459746 2.3351600211 0.0435283705
-2.9992983017 2.3099302133 0.0418219997
-3.0226805082 2.2844144857 0.0402483756
-3.0457910212 2.2586149775 0.0387972355
-3.0686281903 2.2325338485 0.0374590811
-3.0911902956 2.2061732797 0.0362251244
-3.1134755544 2.1795354737 0.0350872379
-3.1354821282 2.1526226561 0.0340379071
-3.1572081284 2.1254370752 0.0330701872
-3.1786516224 2.0979810032 0.0321776619
-3.1998106386 2.0702567362 0.0313544050
-3.2206831716 2.0422665950 0.0305949451
-3.2412671868 2.0140129252 0.0298942325
-3.2615606245 1.9854980975 0.0292476078
-3.2815614043 1.9567245081 0.0286507733
-3.3012674284 1.9276945791 0.0280997666
-3.3206765854 1.8984107582 0.0275909348
-3.3397867535 1.8688755194 0.0271209122
-3.3585958033 1.8390913629 0.0266865982
-3.3771016009 1.8090608154 0.0262851372
-3.3953020103 1.7787864296 0.0259139007
-3.4131948960 1.7482707851 0.0255704690
-3.4307781251 1.7175164879 0.0252526160
-3.4480495697 1.6865261705 0.0249582941
-3.4650071087 1.6553024920 0.0246856202
-3.4816486294 1.6238481379 0.0244328635
-3.4979720299 1.5921658204 0.0241984328
-3.5139752199 1.5602582778 0.0239808665
-3.5296561230 1.5281282751 0.0237788219
-3.5450126773 1.4957786032 0.0235910659
-3.5600428373 1.4632120793 0.0234164665
-3.5747445752 1.4304315468 0.0232539847
-3.5891158814 1.3974398747 0.0231026669
-3.6031547662 1.3642399579 0.0229616386
-3.6168592605 1.3308347170 0.0228300974
-3.6302274170 1.2972270978 0.0227073078
-3.6432573108 1.2634200716 0.0225925954
-3.6559470405 1.2294166348 0.0224853421
-3.6682947287 1.1952198086 0.0223849814
-3.6802985231 1.1608326389 0.0222909945
-3.6919565968 1.1262581962 0.0222029062
-3.7032671494 1.0914995753 0.0221202812
-3.7142284073 1.0565598951 0.0220427209
-3.7248386243 1.0214422983 0.0219698607
-3.7350960825 0.9861499512 0.0219013667
-3.7449990923 0.9506860436 0.0218369334
-3.7545459935 0.9150537883 0.0217762813
-3.7637351551 0.8792564213 0.0217191549
-3.7725649765 0.8432972008 0.0216653203
-3.7810338872 0.8071794079 0.0216145637
-3.7891403479 0.7709063454 0.0215666898
-3.7968828504 0.7344813382 0.0215215199
-3.8042599182 0.6979077328 0.0214788908
-3.8112701068 0.6611888969 0.0214386532
-3.8179120039 0.6243282193 0.0214006709
-3.8241842302 0.5873291096 0.0213648195
-3.8300854392 0.5501949979 0.0213309852
-3.8356143178 0.5129293342 0.0212990642
-3.8407695863 0.4755355888 0.0212689618
-3.8455499992 0.4380172513 0.0212405914
-3.8499543451 0.4003778307 0.0212138741
-3.8539814468 0.3626208548 0.0211887379
-3.8576301619 0.3247498704 0.0211651171
-3.8608993832 0.2867684424 0.0211429516
-3.8637880383 0.2486801539 0.0211221870
-3.8662950903 0.2104886055 0.0211027734
-3.8684195381 0.1721974154 0.0210846654
-3.8701604161 0.1338102189 0.0210678218
-3.8715167951 0.0953306681 0.0210522048
-3.8724877820 0.0567624312 0.0210377803
-3.8730725199 0.0181091930 0.0210245170
-3.8732701889 -0.0206253464 0.0210123867
-3.8730800058 -0.0594374711 0.0210013637
-3.8725012242 -0.0983234503 0.0209914246
-3.8715331351 -0.1372795384 0.0209825483
-3.8701750667 -0.1763019754 0.0209747154
-3.8684263847 -0.2153869873 0.0209679088
-3.8662864926 -0.2545307862 0.0209621126
-3.8637548313 -0.2937295711 0.0209573128
-3.8608308801 -0.3329795276 0.0209534966
-3.8575141561 -0.3722768291 0.0209506525
-3.8538042147 -0.4116176363 0.0209487702
-3.8497006498 -0.4509980983 0.0209478406
-3.8452030934 -0.4904143523 0.0209478555
-3.8403112166 -0.5298625244 0.0209488076
-3.8350247288 -0.5693387300 0.0209506906
-3.8293433784 -0.6088390738 0.0209534988
-3.8232669529 -0.6483596505 0.0209572274
-3.8167952786 -0.6878965449 0.0209618721
-3.8099282212 -0.7274458325 0.0209674294
-3.8026656854 -0.7670035800 0.0209738962
-3.7950076155 -0.8065658451 0.0209812702
-3.7869539950 -0.8461286776 0.0209895493
-3.7785048472 -0.8856881190 0.0209987320
-3.7696602348 -0.9252402039 0.0210088173
-3.7604202602 -0.9647809592 0.0210198046
-3.7507850657 -1.0043064053 0.0210316936
-3.7407548333 -1.0438125564 0.0210444844
-3.7303297849 -1.0832954207 0.0210581774
-3.7195101824 -1.1227510004 0.0210727735
-3.7082963277 -1.1621752932 0.0210882738
-3.6966885627 -1.2015642916 0.0211046795
-3.6846872695 -1.2409139837 0.0211219923
-3.6722928703 -1.2802203537 0.0211402143
-3.6595058275 -1.3194793821 0.0211593475
-3.6463266439 -1.3586870464 0.0211793944
-3.6327558622 -1.3978393210 0.0212003577
-3.6187940657 -1.4369321779 0.0212222402
-3.6044418780 -1.4759615873 0.0212450450
-3.5896999629 -1.5149235177 0.0212687756
-3.5745690246 -1.5538139363 0.0212934354
-3.5590498078 -1.5926288094 0.0213190281
-3.5431430974 -1.6313641029 0.0213455579
-3.5268497187 -1.6700157831 0.0213730287
-3.5101705376 -1.7085798161 0.0214014449
-3.4931064601 -1.7470521690 0.0214308111
-3.4756584327 -1.7854288102 0.0214611319
-3.4578274422 -1.8237057098 0.0214924124
-3.4396145158 -1.8618788397 0.0215246576
-3.4210207211 -1.8999441741 0.0215578727
-3.4020471658 -1.9378976903 0.0215920634
-3.3826949979 -1.9757353689 0.0216272351
-3.3629654059 -2.0134531938 0.0216633937
-3.3428596181 -2.0510471532 0.0217005453
-3.3223789033 -2.0885132397 0.0217386961
-3.3015245702 -2.1258474509 0.0217778524
-3.2802979676 -2.1630457895 0.0218180209
-3.2587004844 -2.2001042638 0.0218592082
-3.2367335494 -2.2370188888 0.0219014212
-3.2143986313 -2.2737856853 0.0219446672
-3.1916972385 -2.3104006813 0.0219889535
-3.1686309194 -2.3468599124 0.0220342874
-3.1452012620 -2.3831594218 0.0220806768
-3.1214098937 -2.4192952606 0.0221281295
-3.0972584816 -2.4552634888 0.0221766535
-3.0727487324 -2.4910601753 0.0222262572
-3.0478823918 -2.5266813985 0.0222769490
-3.0226612449 -2.5621232465 0.0223287375
-2.9970871162 -2.5973818176 0.0223816317
-2.9711618688 -2.6324532209 0.0224356406
-2.9448874052 -2.6673335764 0.0224907734
-2.9182656663 -2.7020190158 0.0225470397
-2.8912986320 -2.7365056823 0.0226044491
-2.8639883208 -2.7707897318 0.0226630116
-2.8363367897 -2.8048673326 0.0227227372
-2.8083461337 -2.8387346664 0.0227836363
-2.7800184866 -2.8723879279 0.0228457195
-2.7513560198 -2.9058233265 0.0229089975
-2.7223609428 -2.9390370852 0.0229734813
-2.6930355031 -2.9720254422 0.0230391822
-2.6633819855 -3.0047846506 0.0231061117
-2.6334027127 -3.0373109794 0.0231742814
-2.6031000444 -3.0696007131 0.0232437033
-2.5724763777 -3.1016501529 0.0233143896
-2.5415341467 -3.1334556167 0.0233863528
-2.5102758222 -3.1650134396 0.0234596054
-2.4787039119 -3.1963199741 0.0235341605
-2.4468209600 -3.2273715910 0.0236100312
-2.4146295469 -3.2581646791 0.0236872311
-2.3821322893 -3.2886956464 0.0237657738
-2.3493318397 -3.3189609197 0.0238456732
-2.3162308864 -3.3489569457 0.0239269438
-2.2828321535 -3.3786801908 0.0240096000
-2.2491384003 -3.4081271419 0.0240936567
-2.2151524212 -3.4372943067 0.0241791289
-2.1808770457 -3.4661782141 0.0242660320
-2.1463151380 -3.4947754143 0.0243543819
-2.1114695970 -3.5230824796 0.0244441943
-2.0763433557 -3.5510960048 0.0245354857
-2.0409393814 -3.5788126070 0.0246282727
-2.0052606750 -3.6062289268 0.0247225721
-1.9693102714 -3.6333416281 0.0248184012
-1.9330912387 -3.6601473987 0.0249157776
-1.8966066783 -3.6866429506 0.0250147192
-1.8598597243 -3.7128250205 0.0251152441
-1.8228535438 -3.7386903699 0.0252173710
-1.7855913362 -3.7642357861 0.0253211187
-1.7480763330 -3.7894580817 0.0254265065
-1.7103117978 -3.8143540958 0.0255335541
-1.6723010258 -3.8389206937 0.0256422813
-1.6340473437 -3.8631547677 0.0257527086
-1.5955541091 -3.8870532374 0.0258648566
-1.5568247107 -3.9106130498 0.0259787464
-1.5178625678 -3.9338311802 0.0260943996
-1.4786711300 -3.9567046318 0.0262118380
-1.4392538768 -3.9792304368 0.0263310838
-1.3996143177 -4.0014056563 0.0264521598
-1.3597559914 -4.0232273809 0.0265750889
-1.3196824660 -4.0446927308 0.0266998948
-1.2793973384 -4.0657988563 0.0268266013
-1.2389042341 -4.0865429383 0.0269552328
-1.1982068069 -4.1069221884 0.0270858141
-1.1573087385 -4.1269338494 0.0272183704
-1.1162137384 -4.1465751953 0.0273529273
-1.0749255433 -4.1658435322 0.0274895112
-1.0334479170 -4.1847361984 0.0276281485
-0.9917846502 -4.2032505644 0.0277688663
-0.9499395598 -4.2213840336 0.0279116923
-0.9079164887 -4.2391340428 0.0280566544
-0.8657193059 -4.2564980619 0.0282037813
-0.8233519054 -4.2734735948 0.0283531020
-0.7808182066 -4.2900581794 0.0285046460
-0.7381221535 -4.3062493882 0.0286584435
-0.6952677145 -4.3220448282 0.0288145251
-0.6522588822 -4.3374421417 0.0289729219
-0.6090996728 -4.3524390062 0.0291336657
-0.5657941258 -4.3670331349 0.0292967888
-0.5223463039 -4.3812222770 0.0294623238
-0.4787602922 -4.3950042180 0.0296303044
-0.4350401985 -4.4083767799 0.0298007643
-0.3911901520 -4.4213378216 0.0299737383
-0.3472143040 -4.4338852391 0.0301492613
-0.3031168267 -4.4460169660 0.0303273694
-0.2589019132 -4.4577309736 0.0305080988
-0.2145737771 -4.4690252710 0.0306914865
-0.1701366521 -4.4798979058 0.0308775702
-0.1255947915 -4.4903469641 0.0310663882
-0.0809524680 -4.5003705710 0.0312579795
-0.0362139733 -4.5099668903 0.0314523837
0.0086163824 -4.5191341257 0.0316496410
0.0535342706 -4.5278705202 0.0318497925
0.0985353452 -4.5361743567 0.0320528798
0.1436152428 -4.5440439585 0.0322589452
0.1887695825 -4.5514776890 0.0324680320
0.2339939675 -4.5584739525 0.0326801839
0.2792839841 -4.5650311940 0.0328954453
0.3246352034 -4.5711478998 0.0331138617
0.3700431809 -4.5768225977 0.0333354791
0.4155034569 -4.5820538567 0.0335603442
0.4610115574 -4.5868402880 0.0337885046
0.5065629941 -4.5911805448 0.0340200087
0.5521532652 -4.5950733225 0.0342549057
0.5977778552 -4.5985173592 0.0344932454
0.6434322359 -4.6015114356 0.0347350787
0.6891118667 -4.6040543753 0.0349804572
0.7348121947 -4.6061450452 0.0352294332
0.7805286556 -4.6077823556 0.0354820600
0.8262566736 -4.6089652601 0.0357383918
0.8719916624 -4.6096927563 0.0359984835
0.9177290251 -4.6099638857 0.0362623910
0.9634641551 -4.6097777339 0.0365301710
1.0091924361 -4.6091334309 0.0368018811
1.0549092429 -4.6080301512 0.0370775798
1.1006099415 -4.6064671138 0.0373573266
1.1462898899 -4.6044435830 0.0376411817
1.1919444384 -4.6019588676 0.0379292065
1.2375689296 -4.5990123220 0.0382214632
1.2831586998 -4.5956033457 0.0385180148
1.3287090784 -4.5917313840 0.0388189255
1.3742153892 -4.5873959276 0.0391242604
1.4196729503 -4.5825965131 0.0394340852
1.4650770747 -4.5773327232 0.0397484672
1.5104230708 -4.5716041864 0.0400674742
1.5557062430 -4.5654105779 0.0403911750
1.6009218918 -4.5587516188 0.0407196397
1.6460653145 -4.5516270769 0.0410529392
1.6911318056 -4.5440367667 0.0413911452
1.7361166573 -4.5359805494 0.0417343307
1.7810151598 -4.5274583329 0.0420825696
1.8258226020 -4.5184700723 0.0424359368
1.8705342717 -4.5090157697 0.0427945081
1.9151454563 -4.4990954743 0.0431583605
1.9596514431 -4.4887092825 0.0435275719
2.0040475199 -4.4778573384 0.0439022212
2.0483289752 -4.4665398332 0.0442823882
2.0924910990 -4.4547570058 0.0446681541
2.1365291832 -4.4425091427 0.0450596005
2.1804385217 -4.4297965780 0.0454568104
2.2242144113 -4.4166196938 0.0458598678
2.2678521521 -4.4029789198 0.0462688575
2.3113470478 -4.3888747337 0.0466838654
2.3546944062 -4.3743076610 0.0471049782
2.3978895397 -4.3592782754 0.0475322839
2.4409277661 -4.3437871985 0.0479658710
2.4838044084 -4.3278351001 0.0484058291
2.5265147957 -4.3114226981 0.0488522490
2.5690542636 -4.2945507584 0.0493052220
2.6114181552 -4.2772200953 0.0497648404
2.6536018202 -4.2594315712 0.0502311975
2.6956006167 -4.2411860967 0.0507043873
2.7374099112 -4.2224846309 0.0511845047
2.7790250792 -4.2033281808 0.0516716452
2.8204415053 -4.1837178019 0.0521659052
2.8616545838 -4.1636545978 0.0526673821
2.9026597195 -4.1431397206 0.0531761736
2.9434523282 -4.1221743704 0.0536923781
2.9840278370 -4.1007597957 0.0542160947
3.0243816841 -4.0788972931 0.0547474232
3.0645093201 -4.0565882075 0.0552864640
3.1044062087 -4.0338339319 0.0558333177
3.1440678266 -4.0106359075 0.0563880857
3.1834896643 -3.9869956234 0.0569508692
3.2226672259 -3.9629146171 0.0575217705
3.2615960301 -3.9383944738 0.0581008919
3.3002716111 -3.9134368268 0.0586883359
3.3386895189 -3.8880433573 0.0592842050
3.3768453189 -3.8622157941 0.0598886019
3.4147345931 -3.8359559142 0.0605016294
3.4523529404 -3.8092655420 0.0611233905
3.4896959777 -3.7821465496 0.0617539875
3.5267593395 -3.7546008565 0.0623935228
3.5635386786 -3.7266304298 0.0630420986
3.6000296666 -3.6982372840 0.0636998165
3.6362279948 -3.6694234807 0.0643667778
3.6721293743 -3.6401911288 0.0650430829
3.7077295364 -3.6105423842 0.0657288318
3.7430242329 -3.5804794497 0.0664241235
3.7780092375 -3.5500045750 0.0671290563
3.8126803453 -3.5191200565 0.0678437272
3.8470333738 -3.4878282370 0.0685682321
3.8810641627 -3.4561315061 0.0693026656
3.9147685754 -3.4240322994 0.0700471209
3.9481424992 -3.3915330988 0.0708016894
3.9811818448 -3.3586364321 0.0715664610
4.0138825480 -3.3253448732 0.0723415237
4.0462405696 -3.2916610414 0.0731269632
4.0782518960 -3.2575876018 0.0739228631
4.1099125396 -3.2231272649 0.0747293046
4.1412185393 -3.1882827862 0.0755463662
4.1721659611 -3.1530569663 0.0763741239
4.2027508986 -3.1174526508 0.0772126502
4.2329694731 -3.0814727297 0.0780620151
4.2628178343 -3.0451201378 0.0789222846
4.2922921612 -3.0083978539 0.0797935213
4.3213886620 -2.9713089010 0.0806757842
4.3501035746 -2.9338563458 0.0815691279
4.3784331675 -2.8960432990 0.0824736028
4.4063737402 -2.8578729142 0.0833892548
4.4339216229 -2.8193483887 0.0843161250
4.4610731782 -2.7804729625 0.0852542495
4.4878248008 -2.7412499184 0.0862036588
4.5141729181 -2.7016825816 0.0871643781
4.5401139907 -2.6617743198 0.0881364266
4.5656445130 -2.6215285426 0.0891198173
4.5907610138 -2.5809487011 0.0901145566
4.6154600563 -2.5400382882 0.0911206444
4.6397382388 -2.4988008380 0.0921380734
4.6635921955 -2.4572399253 0.0931668287
4.6870185969 -2.4153591657 0.0942068880
4.7100141496 -2.3731622153 0.0952582206
4.7325755976 -2.3306527703 0.0963207878
4.7546997227 -2.2878345664 0.0973945417
4.7763833444 -2.2447113791 0.0984794255
4.7976233210 -2.2012870230 0.0995753732
4.8184165497 -2.1575653518 0.1006823087
4.8387599674 -2.1135502572 0.1018001456
4.8586505510 -2.0692456698 0.1029287874
4.8780853177 -2.0246555579 0.1040681263
4.8970613259 -1.9797839273 0.1052180434
4.9155756756 -1.9346348210 0.1063784080
4.9336255086 -1.8892123191 0.1075490776
4.9512080090 -1.8435205384 0.1087298968
4.9683204043 -1.7975636314 0.1099206979
4.9849599652 -1.7513457869 0.1111212995
5.0011240064 -1.7048712291 0.1123315071
5.0168098868 -1.6581442173 0.1135511118
5.0320150106 -1.6111690454 0.1147798904
5.0467368274 -1.5639500417 0.1160176050
5.0609728322 -1.5164915687 0.1172640029
5.0747205670 -1.4687980223 0.1185188153
5.0879776204 -1.4208738314 0.1197817578
5.1007416285 -1.3727234578 0.1210525300
5.1130102750 -1.3243513960 0.1223308145
5.1247812922 -1.2757621720 0.1236162771
5.1360524614 -1.2269603433 0.1249085665
5.1468216129 -1.1779504987 0.1262073135
5.1570866269 -1.1287372579 0.1275121313
5.1668454340 -1.0793252702 0.1288226146
5.1760960156 -1.0297192150 0.1301383397
5.1848364044 -0.9799238010 0.1314588640
5.1930646845 -0.9299437661 0.1327837262
5.2007789927 -0.8797838759 0.1341124454
5.2079775184 -0.8294489243 0.1354445212
5.2146585039 -0.7789437327 0.1367794337
5.2208202454 -0.7282731497 0.1381166432
5.2264610931 -0.6774420498 0.1394555898
5.2315794520 -0.6264553339 0.1407956936
5.2361737818 -0.5753179283 0.1421363545
5.2402425979 -0.5240347845 0.1434769521
5.2437844715 -0.4726108783 0.1448168457
5.2467980305 -0.4210512091 0.1461553745
5.2492819593 -0.3693608006 0.1474918572
5.2512349996 -0.3175446990 0.1488255926
5.2526559508 -0.2656079728 0.1501558591
5.2535436708 -0.2135557123 0.1514819156
5.2538970753 -0.1613930295 0.1528030010
5.2537151395 -0.1091250572 0.1541183349
5.2529968978 -0.0567569480 0.1554271177
5.2517414441 -0.0042938745 0.1567285309
5.2499479328 0.0482589717 0.1580217376
5.2476155783 0.1008963803 0.1593058827
5.2447436562 0.1536131231 0.1605800939
5.2413315030 0.2064039545 0.1618434813
5.2373785171 0.2592636121 0.1630951390
5.2328841584 0.3121868171 0.1643341451
5.2278479490 0.3651682753 0.1655595626
5.2222694736 0.4182026769 0.1667704399
5.2161483796 0.4712846983 0.1679658121
5.2094843774 0.5244090019 0.1691447014
5.2022772407 0.5775702362 0.1703061180
5.1945268066 0.6307630376 0.1714490614
5.1862329763 0.6839820305 0.1725725215
5.1773957146 0.7372218278 0.1736754792
5.1680150506 0.7904770313 0.1747569073
5.1580910777 0.8437422325 0.1758157727
5.1476239539 0.8970120140 0.1768510376
5.1366139016 0.9502809493 0.1778616595
5.1250612083 1.0035436032 0.1788465936
5.1129662259 1.0567945326 0.1798047938
5.1003293716 1.1100282879 0.1807352152
5.0871511273 1.1632394132 0.1816368145
5.0734320402 1.2164224468 0.1825085514
5.0591727222 1.2695719210 0.1833493905
5.0443738505 1.3226823643 0.1841583037
5.0290361670 1.3757483014 0.1849342718
5.0131604788 1.4287642540 0.1856762851
4.9967476576 1.4817247409 0.1863833457
4.9797986400 1.5346242784 0.1870544691
4.9623144272 1.5874573823 0.1876886875
4.9442960845 1.6402185678 0.1882850504
4.9257447420 1.6929023500 0.1888426258
4.9066615936 1.7455032444 0.1893605030
4.8870478970 1.7980157675 0.1898377945
4.8669049734 1.8504344384 0.1902736388
4.8462342075 1.9027537788 0.1906672005
4.8250370467 1.9549683134 0.1910176728
4.8033150016 2.0070725701 0.1913242795
4.7810696444 2.0590610820 0.1915862780
4.7583026095 2.1109283873 0.1918029603
4.7350155928 2.1626690301 0.1919736537
4.7112103515 2.2142775601 0.1920977240
4.6868887031 2.2657485342 0.1921745774
4.6620525252 2.3170765176 0.1922036622
4.6367037551 2.3682560832 0.1921844693
4.6108443894 2.4192818127 0.1921165350
4.5844764829 2.4701482970 0.1919994421
4.5576021486 2.5208501375 0.1918328222
4.5302235566 2.5713819462 0.1916163561
4.5023429342 2.6217383462 0.1913497756
4.4739625646 2.6719139720 0.1910328648
4.4450847863 2.7219034711 0.1906654616
4.4157119928 2.7717015038 0.1902474584
4.3858466317 2.8213027440 0.1897788032
4.3554912044 2.8707018792 0.1892595003
4.3246482642 2.9198936121 0.1886896121
4.2933204170 2.9688726607 0.1880692584
4.2615103199 3.0176337585 0.1873986178
4.2292206804 3.0661716550 0.1866779279
4.1964542556 3.1144811170 0.1859074860
4.1632138518 3.1625569287 0.1850876486
4.1295023234 3.2103938922 0.1842188320
4.0953225724 3.2579868275 0.1833015122
4.0606775473 3.3053305738 0.1823362243
4.0255702422 3.3524199900 0.1813235627
3.9900036966 3.3992499549 0.1802641801
3.9539809946 3.4458153671 0.1791587876
3.9175052633 3.4921111464 0.1780081528
3.8805796724 3.5381322341 0.1768130997
3.8432074340 3.5838735935 0.1755745078
3.8053918014 3.6293302096 0.1742933107
3.7671360682 3.6744970902 0.1729704947
3.7284435675 3.7193692667 0.1716070966
3.6893176714 3.7639417941 0.1702042035
3.6497617904 3.8082097513 0.1687629506
3.6097793728 3.8521682411 0.1672845198
3.5693739031 3.8958123918 0.1657701358
3.5285489020 3.9391373572 0.1642210656
3.4873079258 3.9821383167 0.1626386171
3.4456545657 4.0248104756 0.1610241357
3.4035924476 4.0671490653 0.1593790028
3.3611252299 4.1091493447 0.1577046304
3.3182566043 4.1508066001 0.1560024613
3.2749902953 4.1921161457 0.1542739673
3.2313300589 4.2330733233 0.1525206450
3.1872796833 4.2736735024 0.1507440142
3.1428429868 4.3139120820 0.1489456117
3.0980238178 4.3537844907 0.1471269898
3.0528260552 4.3932861866 0.1452897171
3.0072536072 4.4324126575 0.1434353732
2.9613104117 4.4711594208 0.1415655449
2.9150004348 4.5095220247 0.1396818232
2.8683276712 4.5474960489 0.1377858002
2.8212961435 4.5850771043 0.1358790684
2.7739099025 4.6222608330 0.1339632162
2.7261730265 4.6590429092 0.1320398254
2.6780896209 4.6954190393 0.1301104666
2.6296638184 4.7313849629 0.1281766992
2.5808997786 4.7669364519 0.1262400671
2.5318016880 4.8020693117 0.1243020962
2.4823737593 4.8367793815 0.1223642914
2.4326202320 4.8710625345 0.1204281348
2.3825453722 4.9049146778 0.1184950833
2.3321534720 4.9383317537 0.1165665651
2.2814488497 4.9713097391 0.1146439781
2.2304358502 5.0038446464 0.1127286886
2.1791188444 5.0359325233 0.1108220277
2.1275022293 5.0675694540 0.1089252902
2.0755904283 5.0987515586 0.1070397328
2.0233878910 5.1294749939 0.1051665723
1.9708990933 5.1597359538 0.1033069836
1.9181285374 5.1895306695 0.1014620990
1.8650807519 5.2188554098 0.0996330065
1.8117602919 5.2477064815 0.0978207481
1.7581717389 5.2760802297 0.0960263202
1.7043197014 5.3039730383 0.0942506711
1.6502088142 5.3313813301 0.0924947013
1.5958437392 5.3583015672 0.0907592623
1.5412291650 5.3847302518 0.0890451566
1.4863698074 5.4106639256 0.0873531370
1.4312704092 5.4360991712 0.0856839063
1.3759357404 5.4610326117 0.0840381178
1.3203705983 5.4854609114 0.0824163747
1.2645798075 5.5093807762 0.0808192305
1.2085682201 5.5327889536 0.0792471896
1.1523407158 5.5556822334 0.0777007073
1.0959022016 5.5780574481 0.0761801904
1.0392576125 5.5999114728 0.0746859982
0.9824119110 5.6212412263 0.0732184428
0.9253700872 5.6420436707 0.0717777902
0.8681371590 5.6623158122 0.0703642613
0.8107181722 5.6820547014 0.0689780326
0.7531182001 5.7012574337 0.0676192379
0.6953423438 5.7199211495 0.0662879688
0.6373957319 5.7380430348 0.0649842765
0.5792835209 5.7556203212 0.0637081729
0.5210108946 5.7726502869 0.0624596319
0.4625830642 5.7891302562 0.0612385911
0.4040052684 5.8050576009 0.0600449530
0.3452827729 5.8204297395 0.0588785869
0.2864208706 5.8352441388 0.0577393299
0.2274248812 5.8494983131 0.0566269890
0.1683001511 5.8631898254 0.0555413424
0.1090520532 5.8763162875 0.0544821410
0.0496859866 5.8888753601 0.0534491105
-0.0097926235 5.9008647537 0.0524419526
-0.0693783263 5.9122822284 0.0514603466
-0.1290656453 5.9231255946 0.0505039514
-0.1888490792 5.9333927133 0.0495724065
-0.2487231015 5.9430814964 0.0486653343
-0.3086821615 5.9521899069 0.0477823408
-0.3687206842 5.9607159596 0.0469230180
-0.4288330709 5.9686577213 0.0460869446
-0.4890136997 5.9760133109 0.0452736882
-0.5492569255 5.9827808999 0.0444828060
-0.6095570809 5.9889587130 0.0437138468
-0.6699084765 5.9945450280 0.0429663518
-0.7303054013 5.9995381764 0.0422398564
-0.7907421230 6.0039365435 0.0415338911
-0.8512128890 6.0077385690 0.0408479827
-0.9117119265 6.0109427472 0.0401816557
-0.9722334431 6.0135476270 0.0395344329
-1.0327716275 6.0155518128 0.0389058373
-1.0933206498 6.0169539642 0.0382953919
-1.1538746624 6.0177527968 0.0377026217
-1.2144278004 6.0179470821 0.0371270540
-1.2749741819 6.0175356478 0.0365682191
-1.3355079091 6.0165173786 0.0360256518
-1.3960230688 6.0148912158 0.0354988913
-1.4565137328 6.0126561578 0.0349874820
-1.5169739585 6.0098112607 0.0344909746
-1.5773977899 6.0063556379 0.0340089262
-1.6377792580 6.0022884609 0.0335409008
-1.6981123814 5.9976089595 0.0330864701
-1.7583911671 5.9923164216 0.0326452135
-1.8186096110 5.9864101938 0.0322167186
-1.8787616989 5.9798896818 0.0318005817
-1.9388414067 5.9727543500 0.0313964079
-1.9988427016 5.9650037222 0.0310038110
-2.0587595424 5.9566373819 0.0306224146
-2.1185858801 5.9476549719 0.0302518511
-2.1783156592 5.9380561951 0.0298917630
-2.2379428177 5.9278408145 0.0295418018
-2.2974612882 5.9170086531 0.0292016290
-2.3568649985 5.9055595946 0.0288709158
-2.4161478723 5.8934935830 0.0285493428
-2.4753038300 5.8808106232 0.0282366004
-2.5343267890 5.8675107810 0.0279323886
-2.5932106650 5.8535941830 0.0276364168
-2.6519493722 5.8390610173 0.0273484039
-2.7105368246 5.8239115329 0.0270680781
-2.7689669359 5.8081460407 0.0267951765
-2.8272336207 5.7917649127 0.0265294457
-2.8853307954 5.7747685828 0.0262706408
-2.9432523785 5.7571575466 0.0260185256
-3.0009922912 5.7389323616 0.0257728726
-3.0585444588 5.7200936471 0.0255334626
-3.1159028107 5.7006420845 0.0253000842
-3.1730612813 5.6805784174 0.0250725345
-3.2300138108 5.6599034515 0.0248506176
-3.2867543460 5.6386180547 0.0246341458
-3.3432768407 5.6167231572 0.0244229383
-3.3995752566 5.5942197517 0.0242168213
-3.4556435637 5.5711088932 0.0240156280
-3.5114757417 5.5473916989 0.0238191983
-3.5670657799 5.5230693488 0.0236273784
-3.6224076781 5.4981430852 0.0234400208
-3.6774954477 5.4726142129 0.0232569836
-3.7323231118 5.4464840993 0.0230781312
-3.7868847064 5.4197541741 0.0229033333
-3.8411742807 5.3924259297 0.0227324648
-3.8951858978 5.3645009209 0.0225654060
-3.9489136357 5.3359807650 0.0224020420
-4.0023515877 5.3068671416 0.0222422627
-4.0554938630 5.2771617929 0.0220859625
-4.1083345876 5.2468665234 0.0219330403
-4.1608679050 5.2159831999 0.0217833989
-4.2130879765 5.1845137515 0.0216369455
-4.2649889821 5.1524601695 0.0214935909
-4.3165651214 5.1198245073 0.0213532497
-4.3678106138 5.0866088806 0.0212158399
-4.4187196994 5.0528154668 0.0210812829
-4.4692866396 5.0184465053 0.0209495034
-4.5195057177 4.9835042974 0.0208204292
-4.5693712399 4.9479912060 0.0206939909
-4.6188775354 4.9119096558 0.0205701220
-4.6680189573 4.8752621329 0.0204487587
-4.7167898833 4.8380511846 0.0203298396
-4.7651847163 4.8002794197 0.0202133061
-4.8131978851 4.7619495081 0.0200991015
-4.8608238447 4.7230641805 0.0199871717
-4.9080570774 4.6836262286 0.0198774645
-4.9548920932 4.6436385047 0.0197699298
-5.0013234303 4.6031039218 0.0196645194
-5.0473456560 4.5620254529 0.0195611870
-5.0929533670 4.5204061316 0.0194598881
-5.1381411905 4.4782490512 0.0193605797
-5.1829037841 4.4355573650 0.0192632207
-5.2272358372 4.3923342859 0.0191677712
-5.2711320711 4.3485830861 0.0190741930
-5.3145872396 4.3043070972 0.0189824493
-5.3575961300 4.2595097097 0.0188925045
-5.4001535633 4.2141943730 0.0188043244
-5.4422543949 4.1683645949 0.0187178759
-5.4838935155 4.1220239419 0.0186331273
-5.5250658510 4.0751760382 0.0185500476
-5.5657663641 4.0278245661 0.0184686074
-5.6059900538 3.9799732654 0.0183887779
-5.6457319568 3.9316259333 0.0183105315
-5.6849871477 3.8827864242 0.0182338415
-5.7237507396 3.8334586492 0.0181586821
-5.7620178850 3.7836465760 0.0180850282
-5.7997837757 3.7333542285 0.0180128558
-5.8370436442 3.6825856867 0.0179421416
-5.8737927635 3.6313450861 0.0178728630
-5.9100264483 3.5796366179 0.0178049982
-5.9457400551 3.5274645282 0.0177385261
-5.9809289829 3.4748331177 0.0176734262
-6.0155886739 3.4217467418 0.0176096789
-6.0497146139 3.3682098100 0.0175472649
-6.0833023328 3.3142267854 0.0174861657
-6.1163474053 3.2598021849 0.0174263634
-6.1488454514 3.2049405782 0.0173678407
-6.1807921366 3.1496465878 0.0173105807
-6.2121831732 3.0939248888 0.0172545672
-6.2430143199 3.0377802082 0.0171997843
-6.2732813831 2.9812173247 0.0171462168
-6.3029802168 2.9242410684 0.0170938498
-6.3321067237 2.8668563201 0.0170426692
-6.3606568553 2.8090680114 0.0169926610
-6.3886266125 2.7508811239 0.0169438118
-6.4160120460 2.6923006890 0.0168961085
-6.4428092573 2.6333317875 0.0168495386
-6.4690143985 2.5739795490 0.0168040898
-6.4946236732 2.5142491518 0.0167597505
-6.5196333371 2.4541458223 0.0167165091
-6.5440396979 2.3936748343 0.0166743546
-6.5678391167 2.3328415092 0.0166332764
-6.5910280073 2.2716512151 0.0165932641
-6.6136028379 2.2101093664 0.0165543076
-6.6355601306 2.1482214236 0.0165163975
-6.6568964625 2.0859928923 0.0164795243
-6.6776084656 2.0234293236 0.0164436790
-6.6976928278 1.9605363128 0.0164088530
-6.7171462929 1.8973194994 0.0163750379
-6.7359656615 1.8337845665 0.0163422256
-6.7541477908 1.7699372404 0.0163104082
-6.7716895956 1.7057832897 0.0162795784
-6.7885880487 1.6413285256 0.0162497289
-6.8048401808 1.5765788006 0.0162208528
-6.8204430814 1.5115400085 0.0161929433
-6.8353938992 1.4462180839 0.0161659942
-6.8496898423 1.3806190010 0.0161399992
-6.8633281786 1.3147487743 0.0161149526
-6.8763062363 1.2486134568 0.0160908486
-6.8886214045 1.1822191404 0.0160676820
-6.9002711330 1.1155719548 0.0160454477
-6.9112529333 1.0486780675 0.0160241406
-6.9215643786 0.9815436826 0.0160037563
-6.9312031043 0.9141750409 0.0159842904
-6.9401668083 0.8465784188 0.0159657386
-6.9484532515 0.7787601281 0.0159480971
-6.9560602581 0.7107265155 0.0159313622
-6.9629857156 0.6424839616 0.0159155304
-6.9692275758 0.5740388807 0.0159005985
-6.9747838546 0.5053977201 0.0158865634
-6.9796526325 0.4365669598 0.0158734224
-6.9838320549 0.3675531111 0.0158611730
-6.9873203326 0.2983627172 0.0158498126
-6.9901157419 0.2290023516 0.0158393393
-6.9922166248 0.1594786179 0.0158297510
-6.9936213898 0.0897981495 0.0158210462
-6.9943285114 0.0199676082 0.0158132232
-6.9943365314 -0.0500063156 0.0158062808
-6.9936440581 -0.1201169038 0.0158002179
-6.9922497675 -0.1903574116 0.0157950337
-6.9901524030 -0.2607210673 0.0157907275
-6.9873507758 -0.3312010739 0.0157872988
-6.9838437653 -0.4017906089 0.0157847475
-6.9796303193 -0.4724828253 0.0157830734
-6.9747094538 -0.5432708523 0.0157822768
-6.9690802543 -0.6141477960 0.0157823581
-6.9627418747 -0.6851067394 0.0157833178
-6.9556935386 -0.7561407439 0.0157851568
-6.9479345389 -0.8272428496 0.0157878761
-6.9394642383 -0.8984060759 0.0157914768
-6.9302820695 -0.9696234220 0.0157959605
-6.9203875350 -1.0408878677 0.0158013287
-6.9097802080 -1.1121923748 0.0158075833
-6.8984597322 -1.1835298864 0.0158147264
-6.8864258214 -1.2548933283 0.0158227602
-6.8736782609 -1.3262756097 0.0158316873
-6.8602169068 -1.3976696243 0.0158415103
-6.8460416863 -1.4690682501 0.0158522322
-6.8311525979 -1.5404643500 0.0158638561
-6.8155497117 -1.6118507735 0.0158763853
-6.7992331693 -1.6832203570 0.0158898235
-6.7822031841 -1.7545659242 0.0159041744
-6.7644600414 -1.8258802866 0.0159194421
-6.7460040983 -1.8971562445 0.0159356309
-6.7268357842 -1.9683865883 0.0159527451
-6.7069556006 -2.0395640984 0.0159707896
-6.6863641214 -2.1106815458 0.0159897693
-6.6650619926 -2.1817316933 0.0160096893
-6.6430499329 -2.2527072962 0.0160305551
-6.6203287336 -2.3236011028 0.0160523724
-6.5968992583 -2.3944058550 0.0160751470
-6.5727624437 -2.4651142893 0.0160988852
-6.5479192988 -2.5357191375 0.0161235933
-6.5223709056 -2.6062131272 0.0161492781
-6.4961184188 -2.6765889824 0.0161759464
-6.4691630662 -2.7468394249 0.0162036054
-6.4415061481 -2.8169571744 0.0162322626
-6.4131490379 -2.8869349493 0.0162619257
-6.3840931818 -2.9567654676 0.0162926027
-6.3543400991 -3.0264414477 0.0163243019
-6.3238913818 -3.0959556087 0.0163570319
-6.2927486947 -3.1653006717 0.0163908014
-6.2609137758 -3.2344693603 0.0164256197
-6.2283884356 -3.3034544009 0.0164614962
-6.1951745576 -3.3722485242 0.0164984406
-6.1612740981 -3.4408444654 0.0165364630
-6.1266890860 -3.5092349652 0.0165755737
-6.0914216229 -3.5774127703 0.0166157835
-6.0554738831 -3.6453706345 0.0166571033
-6.0188481133 -3.7131013189 0.0166995445
-5.9815466328 -3.7805975934 0.0167431187
-5.9435718331 -3.8478522365 0.0167878381
-5.9049261781 -3.9148580369 0.0168337149
-5.8656122040 -3.9816077938 0.0168807620
-5.8256325189 -4.0480943176 0.0169289924
-5.7849898029 -4.1143104310 0.0169784196
-5.7436868079 -4.1802489694 0.0170290576
-5.7017263578 -4.2459027817 0.0170809204
-5.6591113477 -4.3112647312 0.0171340229
-5.6158447444 -4.3763276963 0.0171883801
-5.5719295859 -4.4410845710 0.0172440073
-5.5273689814 -4.5055282660 0.0173009207
-5.4821661109 -4.5696517093 0.0173591365
-5.4363242253 -4.6334478468 0.0174186714
-5.3898466463 -4.6969096433 0.0174795428
-5.3427367657 -4.7600300830 0.0175417684
-5.2949980458 -4.8228021706 0.0176053664
-5.2466340187 -4.8852189314 0.0176703554
-5.1976482865 -4.9472734128 0.0177367546
-5.1480445210 -5.0089586845 0.0178045837
-5.0978264631 -5.0702678395 0.0178738631
-5.0469979230 -5.1311939949 0.0179446133
-4.9955627799 -5.1917302921 0.0180168558
-4.9435249816 -5.2518698983 0.0180906125
-4.8908885443 -5.3116060068 0.0181659057
-4.8376575524 -5.3709318378 0.0182427586
-4.7838361581 -5.4298406392 0.0183211948
-4.7294285814 -5.4883256871 0.0184012387
-4.6744391094 -5.5463802869 0.0184829152
-4.6188720965 -5.6039977739 0.0185662498
-4.5627319637 -5.6611715137 0.0186512689
-4.5060231985 -5.7178949035 0.0187379994
-4.4487503545 -5.7741613724 0.0188264691
-4.3909180512 -5.8299643823 0.0189167063
-4.3325309735 -5.8852974284 0.0190087403
-4.2735938717 -5.9401540404 0.0191026009
-4.2141115605 -5.9945277827 0.0191983190
-4.1540889196 -6.0484122555 0.0192959261
-4.0935308924 -6.1018010951 0.0193954545
-4.0324424865 -6.1546879751 0.0194969376
-3.9708287725 -6.2070666069 0.0196004096
-3.9086948843 -6.2589307401 0.0197059054
-3.8460460184 -6.3102741638 0.0198134611
-3.7828874335 -6.3610907068 0.0199231136
-3.7192244503 -6.4113742386 0.0200349010
-3.6550624510 -6.4611186699 0.0201488622
-3.5904068787 -6.5103179536 0.0202650373
-3.5252632374 -6.5589660850 0.0203834673
-3.4596370911 -6.6070571029 0.0205041945
-3.3935340638 -6.6545850903 0.0206272623
-3.3269598388 -6.7015441746 0.0207527153
-3.2599201585 -6.7479285291 0.0208805992
-3.1924208235 -6.7937323727 0.0210109612
-3.1244676928 -6.8389499715 0.0211438494
-3.0560666828 -6.8835756389 0.0212793136
-2.9872237670 -6.9276037363 0.0214174049
-2.9179449756 -6.9710286741 0.0215581756
-2.8482363951 -7.0138449121 0.0217016797
-2.7781041676 -7.0560469601 0.0218479726
-2.7075544903 -7.0976293787 0.0219971112
-2.6365936153 -7.1385867800 0.0221491541
-2.5652278488 -7.1789138282 0.0223041616
-2.4934635508 -7.2186052401 0.0224621955
-2.4213071345 -7.2576557859 0.0226233195
-2.3487650655 -7.2960602898 0.0227875991
-2.2758438619 -7.3338136305 0.0229551016
-2.2025500933 -7.3709107421 0.0231258964
-2.1288903804 -7.4073466147 0.0233000546
-2.0548713942 -7.4431162945 0.0234776497
-1.9804998562 -7.4782148852 0.0236587571
-1.9057825368 -7.5126375479 0.0238434544
-1.8307262556 -7.5463795024 0.0240318215
-1.7553378804 -7.5794360271 0.0242239408
-1.6796243269 -7.6118024601 0.0244198969
-1.6035925579 -7.6434741996 0.0246197770
-1.5272495826 -7.6744467046 0.0248236709
-1.4506024566 -7.7047154951 0.0250316710
-1.3736582806 -7.7342761534 0.0252438725
-1.2964242003 -7.7631243240 0.0254603736
-1.2189074055 -7.7912557145 0.0256812752
-1.1411151299 -7.8186660960 0.0259066815
-1.0630546499 -7.8453513040 0.0261366997
-0.9847332845 -7.8713072384 0.0263714403
-0.9061583944 -7.8965298647 0.0266110174
-0.8273373816 -7.9210152138 0.0268555482
-0.7482776886 -7.9447593834 0.0271051539
-0.6689867978 -7.9677585378 0.0273599592
-0.5894722308 -7.9900089087 0.0276200930
-0.5097415479 -8.0115067960 0.0278856880
-0.4298023477 -8.0322485678 0.0281568811
-0.3496622656 -8.0522306612 0.0284338135
-0.2693289742 -8.0714495829 0.0287166310
-0.1888101820 -8.0899019096 0.0290054841
-0.1081136328 -8.1075842883 0.0293005278
-0.0272471054 -8.1244934373 0.0296019224
0.0537815876 -8.1406261460 0.0299098333
0.1349646000 -8.1559792760 0.0302244312
0.2162940528 -8.1705497612 0.0305458924
0.2977620350 -8.1843346085 0.0308743991
0.3793606043 -8.1973308980 0.0312101391
0.4610817874 -8.2095357837 0.0315533070
0.5429175812 -8.2209464938 0.0319041033
0.6248599529 -8.2315603315 0.0322627354
0.7069008413 -8.2413746747 0.0326294179
0.7890321570 -8.2503869772 0.0330043722
0.8712457833 -8.2585947688 0.0333878273
0.9535335770 -8.2659956555 0.0337800202
1.0358873687 -8.2725873204 0.0341811957
1.1182989638 -8.2783675237 0.0345916071
1.2007601433 -8.2833341035 0.0350115165
1.2832626640 -8.2874849757 0.0354411948
1.3657982597 -8.2908181347 0.0358809226
1.4483586416 -8.2933316540 0.0363309901
1.5309354992 -8.2950236859 0.0367916976
1.6135205007 -8.2958924627 0.0372633563
1.6961052939 -8.2959362965 0.0377462880
1.7786815070 -8.2951535796 0.0382408261
1.8612407489 -8.2935427852 0.0387473160
1.9437746103 -8.2911024674 0.0392661151
2.0262746640 -8.2878312616 0.0397975941
2.1087324661 -8.2837278852 0.0403421368
2.1911395563 -8.2787911373 0.0409001409
2.2734874582 -8.2730198996 0.0414720189
2.3557676811 -8.2664131363 0.0420581981
2.4379717197 -8.2589698948 0.0426591216
2.5200910549 -8.2506893057 0.0432752487
2.6021171547 -8.2415705829 0.0439070562
2.6840414752 -8.2316130249 0.0445550383
2.7658554606 -8.2208160137 0.0452197074
2.8475505440 -8.2091790161 0.0459015957
2.9291181483 -8.1967015835 0.0466012552
3.0105496867 -8.1833833524 0.0473192589
3.0918365635 -8.1692240447 0.0480562013
3.1729701742 -8.1542234674 0.0488126999
3.2539419068 -8.1383815137 0.0495893960
3.3347431423 -8.1216981627 0.0503869553
3.4153652547 -8.1041734797 0.0512060691
3.4957996123 -8.0858076166 0.0520474560
3.5760375781 -8.0666008119 0.0529118622
3.6560705100 -8.0465533913 0.0538000633
3.7358897619 -8.0256657674 0.0547128654
3.8154866842 -8.0039384404 0.0556511061
3.8948526239 -7.9813719980 0.0566156563
3.9739789255 -7.9579671158 0.0576074217
4.0528569316 -7.9337245572 0.0586273439
4.1314779832 -7.9086451740 0.0596764021
4.2098334202 -7.8827299063 0.0607556152
4.2879145821 -7.8559797829 0.0618660427
4.3657128082 -7.8283959211 0.0630087873
4.4432194381 -7.7999795274 0.0641849965
4.5204258125 -7.7707318972 0.0653958643
4.5973232729 -7.7406544152 0.0666426336
4.6739031628 -7.7097485557 0.0679265987
4.7501568276 -7.6780158824 0.0692491065
4.8260756147 -7.6454580488 0.0706115600
4.9016508746 -7.6120767984 0.0720154202
4.9768739606 -7.5778739647 0.0734622087
5.0517362291 -7.5428514713 0.0749535106
5.1262290404 -7.5070113324 0.0764909776
5.2003437582 -7.4703556525 0.0780763300
5.2740717501 -7.4328866267 0.0797113611
5.3474043881 -7.3946065411 0.0813979395
5.4203330482 -7.3555177726 0.0831380127
5.4928491108 -7.3156227891 0.0849336112
5.5649439608 -7.2749241498 0.0867868516
5.6366089873 -7.2334245052 0.0886999405
5.7078355840 -7.1911265973 0.0906751791
5.7786151490 -7.1480332597 0.0927149672
5.8489390847 -7.1041474178 0.0948218070
5.9187987974 -7.0594720888 0.0969983090
5.9881856977 -7.0140103820 0.0992471962
6.0570911999 -6.9677654989 0.1015713084
6.1255067213 -6.9207407333 0.1039736092
6.1934236830 -6.8729394716 0.1064571904
6.2608335086 -6.8243651927 0.1090252776
6.3277276237 -6.7750214683 0.1116812368
6.3940974559 -6.7249119632 0.1144285815
6.4599344344 -6.6740404352 0.1172709771
6.5252299884 -6.6224107355 0.1202122491
6.5899755471 -6.5700268088 0.1232563916
6.6541625392 -6.5168926936 0.1264075722
6.7177823915 -6.4630125219 0.1296701403
6.7808265277 -6.4083905203 0.1330486376
6.8432863684 -6.3530310094 0.1365478044
6.9051533295 -6.2969384045 0.1401725879
6.9664188205 -6.2401172156 0.1439281519
7.0270742435 -6.1825720479 0.1478198897
7.0871109932 -6.1243076017 0.1518534285
7.1465204533 -6.0653286730 0.1560346416
7.2052939960 -6.0056401539 0.1603696615
7.2634229803 -5.9452470325 0.1648648906
7.3208987507 -5.8841543935 0.1695270087
7.3777126343 -5.8223674185 0.1743629870
7.4338559387 -5.7598913864 0.1793801053
7.4893199516 -5.6967316738 0.1845859586
7.5440959368 -5.6328937553 0.1899884712
7.5981751323 -5.5683832042 0.1955959127
7.6515487475 -5.5032056928 0.2014169142
7.7042079619 -5.4373669926 0.2074604766
7.7561439205 -5.3708729755 0.2137359893
7.8073477314 -5.3037296137 0.2202532490
7.8578104635 -5.2359429807 0.2270224702
7.9075231427 -5.1675192518 0.2340543033
7.9564767475 -5.0984647046 0.2413598546
8.0046622071 -5.0287857199 0.2489507006
8.0520703969 -4.9584887822 0.2568389051
8.0986921338 -4.8875804810 0.2650370409
8.1445181733 -4.8160675107 0.2735582060
8.1895392048 -4.7439566723 0.2824160411
8.2337458466 -4.6712548739 0.2916247529
8.2771286419 -4.5979691317 0.3011991303
8.3196780538 -4.5241065710 0.3111545640
8.3613844599 -4.4496744272 0.3215070698
8.4022381477 -4.3746800471 0.3322733042
8.4422293088 -4.2991308897 0.3434705875
8.4813480329 -4.2230345278 0.3551169234
8.5195843033 -4.1463986489 0.3672310171
8.5569279893 -4.0692310571 0.3798322981
8.5933688414 -3.9915396736 0.3929409369
8.6288964840 -3.9133325391 0.4065778654
8.6635004096 -3.8346178148 0.4207647956
8.6971699718 -3.7554037838 0.4355242359
8.7298943782 -3.6756988537 0.4508795107
8.7616626842 -3.5955115571 0.4668547731
8.7924637850 -3.5148505544 0.4834750226
8.8222864090 -3.4337246353 0.5007661166
8.8511191102 -3.3521427205 0.5187547827
8.8789502608 -3.2701138645 0.5374686290
8.9057680436 -3.1876472568 0.5569361505
8.9315604447 -3.1047522249 0.5771867367
8.9563152458 -3.0214382361 0.5982506713
8.9800200164 -2.9377149001 0.6201591345
9.0026621072 -2.8535919712 0.6429441972
9.0242286412 -2.7690793512 0.6666388145
9.0447065079 -2.6841870916 0.6912768137
9.0640823552 -2.5989253965 0.7168928772
9.0823425828 -2.5133046254 0.7435225230
9.0994733357 -2.4273352959 0.7712020747
9.1154604977 -2.3410280865 0.7999686326
9.1302896853 -2.2543938401 0.8298600294
9.1439462426 -2.1674435663 0.8609147890
9.1564152364 -2.0801884448 0.8931720663
9.1676814511 -1.9926398289 0.9266715908
9.1777293864 -1.9048092480 0.9614535889
9.1865432530 -1.8167084115 0.9975587088
9.1941069722 -1.7283492115 1.0350279235
9.2004041735 -1.6397437264 1.0739024344
9.2054181960 -1.5509042241 1.1142235519
9.2091320887 -1.4618431654 1.1560325746
9.2115286145 -1.3725732069 1.1993706466
9.2125902533 -1.2831072049 1.2442786073
9.2122992089 -1.1934582176 1.2907968245
9.2106374155 -1.1036395095 1.3389650101
9.2075865484 -1.0136645534 1.3888220299
9.2031280352 -0.9235470339 1.4404056793
9.1972430692 -0.8333008499 1.4937524699
9.1899126271 -0.7429401177 1.5488973617
9.1811174857 -0.6524791733 1.6058735259
9.1708382465 -0.5619325746 1.6647120330
9.1590553565 -0.4713151036 1.7254415864
9.1457491401 -0.3806417683 1.7880881752
9.1308998259 -0.2899278044 1.8526747647
9.1144875845 -0.1991886760 1.9192209318
9.0964925643 -0.1084400771 1.9877424950
9.0768949331 -0.0176979314 2.0582511526
9.0556749273 0.0730216069 2.1307540403
9.0328128948 0.1637021541 2.2052533778
9.0082893570 0.2543270980 2.2817459850
8.9820850601 0.3448795988 2.3602228882
8.9541810403 0.4353425921 2.4406688727
8.9245586961 0.5256987911 2.5230619828
8.8931998461 0.6159306899 2.6073731604
8.8600868169 0.7060205685 2.6935657282
8.8252025301 0.7959504977 2.7815948940
8.7885305604 0.8857023436 2.8714074536
8.7500552485 0.9752577760 2.9629412408
8.7097617961 1.0645982759 3.0561247104
8.6676363405 1.1537051427 3.1508766372
8.6236660754 1.2425595052 3.2471056668
8.5778393567 1.3311423329 3.3447099900
8.5301457889 1.4194344451 3.4435770994
8.4805763595 1.5074165266 3.5435834713
8.4291235384 1.5950691408 3.6445944045
8.3757813886 1.6823727433 3.7464638592
8.3205456964 1.7693077016 3.8490343771
8.2634140671 1.8558543093 3.9521370716
8.2043860545 1.9419928066 4.0555916834
8.1434632682 2.0277034003 4.1592067429
8.0806494826 2.1129662834 4.2627797691
8.0159507547 2.1977616600 4.3660976507
7.9493755149 2.2820697651 4.4689369986
7.8809346800 2.3658708923 4.5710647416
7.8106417364 2.4491454174 4.6722387080
7.7385128312 2.5318738244 4.7722083615
7.6645668514 2.6140367352 4.8707157035
7.5888254874 2.6956149336 4.9674961058
7.5113132989 2.7765893990 5.0622795323
7.4320577552 2.8569413309 5.1547915210
7.3510892750 2.9366521817 5.2447545730
7.2684412450 3.0157036870 5.3318894639
7.1841500293 3.0940778922 5.4159165898
7.0982549586 3.1717571891 5.4965576935
7.0107983113 3.2487243402 5.5735371564
6.9218252689 3.3249625115 5.6465838629
6.8313838608 3.4004553041 5.7154327786
6.7395248974 3.4751867770 5.7798265243
6.6463018623 3.5491414835 5.8395173726
6.5517708243 3.6223044926 5.8942686099
6.4559903019 3.6946614153 5.9438563692
6.3590211119 3.7661984350 5.9880713363
6.2609262392 3.8369023237 6.0267200448
6.1617706282 3.9067604688 6.0596266554
6.0616210192 3.9757608929 6.0866341463
5.9605457482 4.0438922678 6.1076055980
5.8586145032 4.1111439366 6.1224254709
5.7558981428 4.1775059235 6.1310004111
5.6524684277 4.2429689458 6.1332602213
5.5483977908 4.3075244262 6.1291584851
5.4437591036 4.3711644956 6.1186730411
5.3386253902 4.4338820009 6.1018063190
5.2330696158 4.4956705053 6.0785854367
5.1271643992 4.5565242873 6.0490621215
5.0209817757 4.6164383392 6.0133124454
4.9145929551 4.6754083597 5.9714363957
4.8080680531 4.7334307463 5.9235571490
4.7014758924 4.7905025860 5.8698203893
4.5948837414 4.8466216396 5.8103931749
4.4883571215 4.9017863295 5.7454629043
4.3819595992 4.9559957211 5.6752360408
4.2757525824 5.0092495025 5.5999365651
4.1697951713 5.0615479661 5.5198047117
4.0641439722 5.1128919826 5.4350950798
3.9588529746 5.1632829788 5.3460751545
3.8539734203 5.2127229119 5.2530235586
3.7495536883 5.2612142396 5.1562280698
3.6456392212 5.3087598965 5.0559841636
3.5422724400 5.3553632616 4.9525929197
3.4394927004 5.4010281296 4.8463594004
3.3373362537 5.4457586833 4.7375909312
3.2358362315 5.4895594581 4.6265952346
3.1350226441 5.5324353175 4.5136790360
3.0349223983 5.5743914174 4.3991462809
2.9355593265 5.6154331791 4.2832968152
2.8369542346 5.6555662578 4.1664249250
2.7391249614 5.6947965132 4.0488180749
2.6420864492 5.7331299814 3.9307557569
2.5458508311 5.7705728450 3.8125083856
2.4504275195 5.8071314079 3.6943364128
2.3558233165 5.8428120664 3.5764894319
2.2620425159 5.8776212865 3.4592055324
2.1690870318 5.9115655766 3.3427106406
2.0769565101 5.9446514673 3.2272180867
1.9856484698 5.9768854866 3.1129281912
1.8951584206 6.0082741419 3.0000280159
1.8054800101 6.0388238981 2.8886911902
1.7166051483 6.0685411613 2.7790778217
1.6285241469 6.0974322615 2.6713345281
1.5412258663 6.1255034359 2.5655945266
1.4546978231 6.1527608175 2.4619777739
1.3689263515 6.1792104191 2.3605912525
1.2838967129 6.2048581245 2.2615292211
1.1995932357 6.2297096758 2.1648736049
1.1159994269 6.2537706665 2.0706943568
1.0330981016 6.2770465319 1.9790499323
0.9508714887 6.2995425438 1.8899877307
0.8693013471 6.3212638036 1.8035446230
0.7883690656 6.3422152389 1.7197474534
0.7080557647 6.3624015992 1.6386135915
0.6283423900 6.3818274534 1.5601514819
0.5492097996 6.4004971886 1.4843611951
0.4706388475 6.4184150090 1.4112349952
0.3926104613 6.4355849356 1.3407578976
0.3151057124 6.4520108073 1.2729082186
0.2381058829 6.4676962825 1.2076581250
0.1615925262 6.4826448404 1.1449741693
0.0855475222 6.4968597844 1.0848178100
0.0099531273 6.5103442450 1.0271459175
-0.0652079804 6.5231011832 0.9719112642
-0.1399526608 6.5351333950 0.9190629956
-0.2142972761 6.5464435156 0.8685470804
-0.2882576596 6.5570340245 0.8203067411
-0.3618490889 6.5669072501 0.7742828628
-0.4350862630 6.5760653758 0.7304143808
-0.5079832832 6.5845104448 0.6886386456
-0.5805536373 6.5922443666 0.6488917655
-0.6528101882 6.5992689225 0.6111089280
-0.7247651640 6.6055857719 0.5752246986
-0.7964301531 6.6111964581 0.5411732988
-0.8678160999 6.6161024149 0.5088888621
-0.9389333048 6.6203049726 0.4783056705
-1.0097914251 6.6238053642 0.4493583695
-1.0803994796 6.6266047317 0.4219821658
-1.1507658533 6.6287041324 0.3961130045
-1.2208983052 6.6301045448 0.3716877296
-1.2908039776 6.6308068749 0.3486442272
-1.3604894057 6.6308119620 0.3269215520
-1.4299605300 6.6301205846 0.3064600394
-1.4992227085 6.6287334664 0.2872014014
-1.5682807305 6.6266512814 0.2690888106
-1.6371388312 6.6238746603 0.2520669699
-1.7058007069 6.6204041949 0.2360821704
-1.7742695306 6.6162404442 0.2210823384
-1.8425479684 6.6113839388 0.2070170713
-1.9106381960 6.6058351864 0.1938376646
-1.9785419156 6.5995946761 0.1814971285
-2.0462603730 6.5926628834 0.1699501978
-2.1137943746 6.5850402744 0.1591533331
-2.1811443046 6.5767273103 0.1490647157
-2.2483101424 6.5677244512 0.1396442358
-2.3152914791 6.5580321606 0.1308534758
-2.3820875349 6.5476509085 0.1226556872
-2.4486971755 6.5365811759 0.1150157648
-2.5151189282 6.5248234573 0.1079002154
-2.5813509987 6.5123782651 0.1012771237
-2.6473912863 6.4992461317 0.0951161153
-2.7132373995 6.4854276135 0.0893883167
-2.7788866714 6.4709232931 0.0840663135
-2.8443361735 6.4557337823 0.0791241069
-2.9095827311 6.4398597248 0.0745370684
-2.9746229359 6.4233017985 0.0702818937
-3.0394531604 6.4060607178 0.0663365557
-3.1040695700 6.3881372359 0.0626802571
-3.1684681362 6.3695321470 0.0592933826
-3.2326446477 6.3502462881 0.0561574516
-3.2965947230 6.3302805408 0.0532550698
-3.3603138206 6.3096358331 0.0505698831
-3.4237972501 6.2883131412 0.0480865301
-3.4870401821 6.2663134910 0.0457905967
-3.5500376585 6.2436379591 0.0436685710
-3.6127846010 6.2202876749 0.0417077988
-3.6752758207 6.1962638212 0.0398964413
-3.7375060262 6.1715676356 0.0382234320
-3.7994698319 6.1462004118 0.0366784373
-3.8611617654 6.1201635004 0.0352518157
-3.9225762751 6.0934583097 0.0339345808
-3.9837077371 6.0660863071 0.0327183636
-4.0445504616 6.0380490191 0.0315953774
-4.1050986993 6.0093480330 0.0305583838
-4.1653466473 5.9799849969 0.0296006598
-4.2252884547 5.9499616203 0.0287159665
-4.2849182279 5.9192796753 0.0278985194
-4.3442300357 5.8879409965 0.0271429597
-4.4032179140 5.8559474818 0.0264443272
-4.4618758701 5.8233010927 0.0257980341
-4.5201978873 5.7900038547 0.0251998413
-4.5781779287 5.7560578577 0.0246458339
-4.6358099410 5.7214652565 0.0241324004
-4.6930878580 5.6862282707 0.0236562109
-4.7500056042 5.6503491850 0.0232141982
-4.8065570977 5.6138303497 0.0228035386
-4.8627362533 5.5766741806 0.0224216349
-4.9185369857 5.5388831595 0.0220660999
-4.9739532114 5.5004598337 0.0217347410
-5.0289788520 5.4614068168 0.0214255455
-5.0836078363 5.4217267881 0.0211366677
-5.1378341023 5.3814224934 0.0208664153
-5.1916515999 5.3404967443 0.0206132386
-5.2450542922 5.2989524187 0.0203757189
-5.2980361583 5.2567924605 0.0201525582
-5.3505911944 5.2140198797 0.0199425697
-5.4027134158 5.1706377525 0.0197446692
-5.4543968585 5.1266492207 0.0195578664
-5.5056355808 5.0820574924 0.0193812575
-5.5564236650 5.0368658413 0.0192140180
-5.6067552181 4.9910776066 0.0190553959
-5.6566243742 4.9446961932 0.0189047061
-5.7060252948 4.8977250715 0.0187613245
-5.7549521706 4.8501677770 0.0186246827
-5.8033992228 4.8020279102 0.0184942632
-5.8513607036 4.7533091368 0.0183695952
-5.8988308979 4.7040151869 0.0182502507
-5.9458041241 4.6541498552 0.0181358401
-5.9922747353 4.6037170008 0.0180260094
-6.0382371199 4.5527205469 0.0179204368
-6.0836857028 4.5011644802 0.0178188298
-6.1286149465 4.4490528515 0.0177209226
-6.1730193517 4.3963897745 0.0176264737
-6.2168934580 4.3431794264 0.0175352637
-6.2602318455 4.2894260468 0.0174470930
-6.3030291346 4.2351339382 0.0173617806
-6.3452799876 4.1803074651 0.0172791615
-6.3869791091 4.1249510541 0.0171990862
-6.4281212469 4.0690691934 0.0171214184
-6.4687011926 4.0126664326 0.0170460341
-6.5087137825 3.9557473823 0.0169728206
-6.5481538982 3.8983167137 0.0169016753
-6.5870164673 3.8403791584 0.0168325045
-6.6252964641 3.7819395082 0.0167652229
-6.6629889104 3.7230026142 0.0166997528
-6.7000888761 3.6635733871 0.0166360231
-6.7365914797 3.6036567965 0.0165739688
-6.7724918890 3.5432578705 0.0165135306
-6.8077853221 3.4823816953 0.0164546540
-6.8424670473 3.4210334151 0.0163972891
-6.8765323847 3.3592182314 0.0163413902
-6.9099767057 3.2969414026 0.0162869152
-6.9427954345 3.2342082440 0.0162338254
-6.9749840484 3.1710241267 0.0161820851
-7.0065380781 3.1073944778 0.0161316614
-7.0374531086 3.0433247797 0.0160825240
-7.0677247799 2.9788205696 0.0160346445
-7.0973487873 2.9138874393 0.0159879970
-7.1263208818 2.8485310345 0.0159425572
-7.1546368711 2.7827570544 0.0158983027
-7.1822926200 2.7165712515 0.0158552123
-7.2092840508 2.6499794307 0.0158132667
-7.2356071439 2.5829874492 0.0157724474
-7.2612579383 2.5156012158 0.0157327375
-7.2862325323 2.4478266905 0.0156941209
-7.3105270838 2.3796698839 0.0156565826
-7.3341378111 2.3111368570 0.0156201085
-7.3570609929 2.2422337202 0.0155846854
-7.3792929695 2.1729666334 0.0155503007
-7.4008301426 2.1033418049 0.0155169428
-7.4216689762 2.0333654912 0.0154846005
-7.4418059971 1.9630439966 0.0154532634
-7.4612377953 1.8923836721 0.0154229215
-7.4799610242 1.8213909156 0.0153935656
-7.4979724015 1.7500721708 0.0153651868
-7.5152687096 1.6784339268 0.0153377767
-7.5318467956 1.6064827178 0.0153113274
-7.5477035723 1.5342251219 0.0152858315
-7.5628360186 1.4616677614 0.0152612818
-7.5772411793 1.3888173015 0.0152376717
-7.5909161665 1.3156804500 0.0152149949
-7.6038581592 1.2422639569 0.0151932454
-7.6160644041 1.1685746133 0.0151724175
-7.6275322161 1.0946192513 0.0151525059
-7.6382589785 1.0204047433 0.0151335056
-7.6482421433 0.9459380012 0.0151154120
-7.6574792321 0.8712259759 0.0150982206
-7.6659678360 0.7962756566 0.0150819273
-7.6737056159 0.7210940704 0.0150665283
-7.6806903035 0.6456882814 0.0150520199
-7.6869197012 0.5700653903 0.0150383989
-7.6923916824 0.4942325337 0.0150256622
-7.6971041921 0.4181968832 0.0150138069
-7.7010552472 0.3419656452 0.0150028306
-7.7042429367 0.2655460598 0.0149927310
-7.7066654223 0.1889454006 0.0149835058
-7.7083209385 0.1121709737 0.0149751534
-7.7092077930 0.0352301170 0.0149676721
-7.7093243670 -0.0418698001 0.0149610605
-7.7086691155 -0.1191213778 0.0149553175
-7.7072405679 -0.1965171864 0.0149504421
-7.7050373276 -0.2740497668 0.0149464338
-7.7020580732 -0.3517116315 0.0149432920
-7.6983015578 -0.4294952652 0.0149410164
-7.6937666103 -0.5073931251 0.0149396071
-7.6884521348 -0.5853976425 0.0149390643
-7.6823571114 -0.6635012226 0.0149393884
-7.6754805963 -0.7416962457 0.0149405799
-7.6678217217 -0.8199750675 0.0149426399
-7.6593796968 -0.8983300206 0.0149455694
-7.6501538075 -0.9767534144 0.0149493697
-7.6401434164 -1.0552375359 0.0149540423
-7.6293479638 -1.1337746511 0.0149595889
-7.6177669673 -1.2123570055 0.0149660116
-7.6054000220 -1.2909768239 0.0149733126
-7.5922468011 -1.3696263120 0.0149814942
-7.5783070557 -1.4482976577 0.0149905591
-7.5635806153 -1.5269830309 0.0150005103
-7.5480673877 -1.6056745839 0.0150113507
-7.5317673592 -1.6843644531 0.0150230837
-7.5146805951 -1.7630447598 0.0150357129
-7.4968072395 -1.8417076105 0.0150492421
-7.4781475154 -1.9203450971 0.0150636754
-7.4587017250 -1.9989492987 0.0150790169
-7.4384702501 -2.0775122822 0.0150952712
-7.4174535517 -2.1560261026 0.0151124431
-7.3956521704 -2.2344828041 0.0151305375
-7.3730667264 -2.3128744203 0.0151495597
-7.3496979198 -2.3911929762 0.0151695153
-7.3255465305 -2.4694304880 0.0151904099
-7.3006134182 -2.5475789637 0.0152122495
-7.2748995228 -2.6256304048 0.0152350405
-7.2484058642 -2.7035768065 0.0152587893
-7.2211335425 -2.7814101585 0.0152835029
-7.1930837379 -2.8591224456 0.0153091881
-7.1642577109 -2.9367056495 0.0153358525
-7.1346568023 -3.0141517481 0.0153635035
-7.1042824331 -3.0914527175 0.0153921493
-7.0731361048 -3.1686005324 0.0154217978
-7.0412193990 -3.2455871664 0.0154524577
-7.0085339780 -3.3224045938 0.0154841377
-6.9750815841 -3.3990447896 0.0155168470
-6.9408640401 -3.4754997306 0.0155505949
-6.9058832491 -3.5517613963 0.0155853912
-6.8701411945 -3.6278217694 0.0156212458
-6.8336399399 -3.7036728370 0.0156581694
-6.7963816291 -3.7793065912 0.0156961723
-6.7583684862 -3.8547150297 0.0157352659
-6.7196028152 -3.9298901570 0.0157754614
-6.6800870004 -4.0048239853 0.0158167706
-6.6398235056 -4.0795085345 0.0158592056
-6.5988148751 -4.1539358342 0.0159027788
-6.5570637324 -4.2280979235 0.0159475033
-6.5145727811 -4.3019868524 0.0159933921
-6.4713448041 -4.3755946824 0.0160404588
-6.4273826640 -4.4489134873 0.0160887177
-6.3826893025 -4.5219353542 0.0161381830
-6.3372677408 -4.5946523842 0.0161888697
-6.2911210788 -4.6670566931 0.0162407930
-6.2442524956 -4.7391404124 0.0162939687
-6.1966652489 -4.8108956901 0.0163484130
-6.1483626752 -4.8823146915 0.0164041424
-6.0993481893 -4.9533896000 0.0164611742
-6.0496252841 -5.0241126177 0.0165195258
-5.9991975308 -5.0944759668 0.0165792155
-5.9480685783 -5.1644718899 0.0166402618
-5.8962421534 -5.2340926509 0.0167026838
-5.8437220599 -5.3033305361 0.0167665011
-5.7905121793 -5.3721778546 0.0168317340
-5.7366164697 -5.4406269395 0.0168984032
-5.6820389663 -5.5086701485 0.0169665301
-5.6267837806 -5.5762998648 0.0170361365
-5.5708551004 -5.6435084979 0.0171072450
-5.5142571895 -5.7102884843 0.0171798787
-5.4569943874 -5.7766322885 0.0172540615
-5.3990711091 -5.8425324038 0.0173298177
-5.3404918449 -5.9079813529 0.0174071724
-5.2812611597 -5.9729716889 0.0174861515
-5.2213836931 -6.0374959962 0.0175667814
-5.1608641590 -6.1015468909 0.0176490895
-5.0997073453 -6.1651170222 0.0177331036
-5.0379181133 -6.2281990725 0.0178188526
-4.9755013980 -6.2907857589 0.0179063660
-4.9124622068 -6.3528698335 0.0179956742
-4.8488056203 -6.4144440845 0.0180868083
-4.7845367909 -6.4755013367 0.0181798005
-4.7196609430 -6.5360344528 0.0182746837
-4.6541833727 -6.5960363335 0.0183714918
-4.5881094470 -6.6554999189 0.0184702596
-4.5214446039 -6.7144181888 0.0185710228
-4.4541943515 -6.7727841641 0.0186738184
-4.3863642680 -6.8305909069 0.0187786840
-4.3179600011 -6.8878315217 0.0188856586
-4.2489872678 -6.9444991561 0.0189947821
-4.1794518536 -7.0005870016 0.0191060956
-4.1093596123 -7.0560882941 0.0192196413
-4.0387164657 -7.1109963151 0.0193354628
-3.9675284028 -7.1653043923 0.0194536046
-3.8958014797 -7.2190059002 0.0195741128
-3.8235418189 -7.2720942609 0.0196970346
-3.7507556090 -7.3245629453 0.0198224186
-3.6774491040 -7.3764054731 0.0199503148
-3.6036286230 -7.4276154143 0.0200807747
-3.5293005498 -7.4781863893 0.0202138513
-3.4544713321 -7.5281120701 0.0203495990
-3.3791474814 -7.5773861810 0.0204880739
-3.3033355719 -7.6260024991 0.0206293336
-3.2270422407 -7.6739548551 0.0207734377
-3.1502741869 -7.7212371342 0.0209204472
-3.0730381707 -7.7678432767 0.0210704251
-2.9953410137 -7.8137672788 0.0212234362
-2.9171895978 -7.8590031932 0.0213795474
-2.8385908646 -7.9035451298 0.0215388272
-2.7595518153 -7.9473872567 0.0217013467
-2.6800795094 -7.9905238006 0.0218671786
-2.6001810651 -8.0329490474 0.0220363982
-2.5198636578 -8.0746573435 0.0222090829
-2.4391345202 -8.1156430958 0.0223853125
-2.3580009412 -8.1559007728 0.0225651693
-2.2764702657 -8.1954249051 0.0227487381
-2.1945498937 -8.2342100861 0.0229361063
-2.1122472800 -8.2722509729 0.0231273639
-2.0295699334 -8.3095422868 0.0233226040
-1.9465254159 -8.3460788137 0.0235219224
-1.8631213426 -8.3818554052 0.0237254179
-1.7793653805 -8.4168669791 0.0239331926
-1.6952652483 -8.4511085201 0.0241453517
-1.6108287154 -8.4845750802 0.0243620038
-1.5260636016 -8.5172617796 0.0245832609
-1.4409777763 -8.5491638072 0.0248092388
-1.3555791578 -8.5802764214 0.0250400569
-1.2698757125 -8.6105949505 0.0252758385
-1.1838754548 -8.6401147936 0.0255167110
-1.0975864457 -8.6688314208 0.0257628059
-1.0110167926 -8.6967403743 0.0260142590
-0.9241746486 -8.7238372685 0.0262712108
-0.8370682115 -8.7501177911 0.0265338064
-0.7497057236 -8.7755777033 0.0268021956
-0.6620954705 -8.8002128406 0.0270765334
-0.5742457807 -8.8240191134 0.0273569801
-0.4861650250 -8.8469925072 0.0276437012
-0.3978616155 -8.8691290838 0.0279368682
-0.3093440050 -8.8904249814 0.0282366582
-0.2206206866 -8.9108764152 0.0285432545
-0.1317001924 -8.9304796781 0.0288568468
-0.0425910933 -8.9492311412 0.0291776315
0.0466980020 -8.9671272543 0.0295058116
0.1361584475 -8.9841645464 0.0298415975
0.2257815609 -9.0003396265 0.0301852071
0.3155586240 -9.0156491835 0.0305368657
0.4054808838 -9.0300899876 0.0308968070
0.4955395528 -9.0436588899 0.0312652731
0.5857258103 -9.0563528235 0.0316425146
0.6760308024 -9.0681688039 0.0320287913
0.7664456433 -9.0791039292 0.0324243727
0.8569614160 -9.0891553811 0.0328295380
0.9475691726 -9.0983204249 0.0332445766
1.0382599355 -9.1065964100 0.0336697889
1.1290246980 -9.1139807707 0.0341054863
1.2198544248 -9.1204710265 0.0345519919
1.3107400532 -9.1260647823 0.0350096411
1.4016724933 -9.1307597293 0.0354787817
1.4926426291 -9.1345536450 0.0359597753
1.5836413194 -9.1374443940 0.0364529966
1.6746593977 -9.1394299281 0.0369588354
1.7656876739 -9.1405082870 0.0374776961
1.8567169345 -9.1406775985 0.0380099989
1.9477379435 -9.1399360790 0.0385561807
2.0387414429 -9.1382820339 0.0391166953
2.1297181539 -9.1357138581 0.0396920143
2.2206587767 -9.1322300361 0.0402826283
2.3115539923 -9.1278291427 0.0408890475
2.4023944628 -9.1225098431 0.0415118021
2.4931708315 -9.1162708934 0.0421514441
2.5838737242 -9.1091111411 0.0428085476
2.6744937502 -9.1010295251 0.0434837105
2.7650215022 -9.0920250765 0.0441775545
2.8554475572 -9.0820969185 0.0448907273
2.9457624776 -9.0712442671 0.0456239033
3.0359568115 -9.0594664312 0.0463777849
3.1260210932 -9.0467628130 0.0471531038
3.2159458440 -9.0331329082 0.0479506224
3.3057215732 -9.0185763067 0.0487711353
3.3953387780 -9.0030926924 0.0496154707
3.4847879445 -8.9866818438 0.0504844921
3.5740595485 -8.9693436345 0.0513791001
3.6631440555 -8.9510780328 0.0523002337
3.7520319217 -8.9318851027 0.0532488728
3.8407135944 -8.9117650040 0.0542260397
3.9291795127 -8.8907179921 0.0552328013
4.0174201073 -8.8687444190 0.0562702714
4.1054258023 -8.8458447332 0.0573396128
4.1931870143 -8.8220194798 0.0584420397
4.2806941535 -8.7972693011 0.0595788203
4.3679376243 -8.7715949367 0.0607512797
4.4549078253 -8.7449972237 0.0619608021
4.5415951496 -8.7174770971 0.0632088345
4.6279899859 -8.6890355898 0.0644968891
4.7140827175 -8.6596738332 0.0658265471
4.7998637240 -8.6293930572 0.0671994620
4.8853233805 -8.5981945904 0.0686173631
4.9704520583 -8.5660798604 0.0700820595
5.0552401251 -8.5330503942 0.0715954441
5.1396779448 -8.4991078182 0.0731594975
5.2237558777 -8.4642538586 0.0747762934
5.3074642811 -8.4284903415 0.0764480024
5.3907935085 -8.3918191932 0.0781768971
5.4737339098 -8.3542424404 0.0799653582
5.5562758317 -8.3157622107 0.0818158788
5.6384096168 -8.2763807322 0.0837310708
5.7201256038 -8.2361003346 0.0857136720
5.8014141275 -8.1949234487 0.0877665506
5.8822655177 -8.1528526070 0.0898927133
5.9626700994 -8.1098904439 0.0920953131
6.0426181925 -8.0660396960 0.0943776554
6.1221001105 -8.0213032023 0.0967432063
6.2011061602 -7.9756839043 0.0991956028
6.2796266418 -7.9291848468 0.1017386595
6.3576518465 -7.8818091774 0.1043763779
6.4351720570 -7.8335601476 0.1071129595
6.5121775460 -7.7844411126 0.1099528128
6.5886585750 -7.7344555316 0.1129005640
6.6646053929 -7.6836069686 0.1159610722
6.7400082355 -7.6318990920 0.1191394399
6.8148573235 -7.5793356757 0.1224410228
6.8891428605 -7.5259205989 0.1258714464
6.9628550317 -7.4716578470 0.1294366236
7.0359840029 -7.4165515113 0.1331427626
7.1085199174 -7.3606057902 0.1369963846
7.1804528933 -7.3038249892 0.1410043455
7.2517730226 -7.2462135214 0.1451738513
7.3224703689 -7.1877759080 0.1495124716
7.3925349631 -7.1285167791 0.1540281612
7.4619568007 -7.0684408738 0.1587292892
7.5307258406 -7.0075530413 0.1636246502
7.5988320004 -6.9458582408 0.1687234877
7.6662651524 -6.8833615430 0.1740355223
7.7330151203 -6.8200681301 0.1795709800
7.7990716765 -6.7559832969 0.1853406078
7.8644245360 -6.6911124514 0.1913557072
7.9290633520 -6.6254611158 0.1976281695
7.9929777124 -6.5590349271 0.2041704954
8.0561571337 -6.4918396383 0.2109958310
8.1185910551 -6.4238811191 0.2181180075
8.1802688338 -6.3551653573 0.2255515678
8.2411797383 -6.2856984593 0.2333118055
8.3013129414 -6.2154866521 0.2414148099
8.3606575143 -6.1445362835 0.2498774974
8.4192024187 -6.0728538244 0.2587176588
8.4769364988 -6.0004458695 0.2679540051
8.5338484740 -5.9273191391 0.2776062071
8.5899269293 -5.8534804804 0.2876949520
8.6451603071 -5.7789368693 0.2982419867
8.6995368971 -5.7036954124 0.3092701731
8.7530448260 -5.6277633482 0.3208035437
8.8056720478 -5.5511480494 0.3328673541
8.8574063310 -5.4738570254 0.3454881477
8.9082352490 -5.3958979234 0.3586938094
8.9581461653 -5.3172785319 0.3725136363
9.0071262227 -5.2380067821 0.3869783955
9.0551623281 -5.1580907515 0.4021203978
9.1022411392 -5.0775386655 0.4179735617
9.1483490489 -4.9963589012 0.4345734892
9.1934721701 -4.9145599900 0.4519575349
9.2375963190 -4.8321506207 0.4701648848
9.2807069984 -4.7491396432 0.4892366286
9.3227893792 -4.6655360718 0.5092158419
9.3638282831 -4.5813490892 0.5301476610
9.4038081615 -4.4965880499 0.5520793670
9.4427130773 -4.4112624849 0.5750604620
9.4805266822 -4.3253821060 0.5991427544
9.5172321969 -4.2389568100 0.6243804347
9.5528123871 -4.1519966838 0.6508301604
9.5872495416 -4.0645120094 0.6785511296
9.6205254479 -3.9765132691 0.7076051622
9.6526213675 -3.8880111511 0.7380567713
9.6835180113 -3.7990165555 0.7699732353
9.7131955131 -3.7095406000 0.8034246649
9.7416334037 -3.6195946263 0.8384840629
9.7688105834 -3.5291902071 0.8752273827
9.7947052955 -3.4383391525 0.9137335714
9.8192950973 -3.3470535176 0.9540846133
9.8425568332 -3.2553456099 0.9963655545
9.8644666063 -3.1632279967 1.0406645215
9.8849997494 -3.0707135139 1.0870727236
9.9041307982 -2.9778152735 1.1356844381
9.9218334624 -2.8845466733 1.1865969830
9.9380805995 -2.7909214049 1.2399106613
9.9528441875 -2.6969534635 1.2957286920
9.9660952993 -2.6026571575 1.3541571083
9.9778040793 -2.5080471180 1.4153046313
9.9879397189 -2.4131383089 1.4792825149
9.9964704372 -2.3179460375 1.5462043481
10.0033634614 -2.2224859646 1.6161858325
10.0085850101 -2.1267741158 1.6893445054
10.0121002816 -2.0308268914 1.7657994263
10.0138734426 -1.9346610789 1.8456708159
10.0138676240 -1.8382938625 1.9290796305
10.0120449190 -1.7417428354 2.0161471013
10.0083663871 -1.6450260109 2.1069941867
10.0027920651 -1.5481618327 2.2017409827
9.9952809813 -1.4511691870 2.3005060541
9.9857911817 -1.3540674127 2.4034056853
9.9742797584 -1.2568763121 2.5105530836
9.9607028921 -1.1596161615 2.6220574553
9.9450159001 -1.0623077203 2.7380230578
9.9271732961 -0.9649722416 2.8585481086
9.9071288626 -0.8676314792 2.9837236524
9.8848357309 -0.7703076972 3.1136323172
9.8602464815 -0.6730236756 3.2483469778
9.8333132477 -0.5758027175 3.3879293671
9.8039878474 -0.4786686533 3.5324285320
9.7722219136 -0.3816458445 3.6818793139
9.7379670615 -0.2847591855 3.8363006100
9.7011750485 -0.1880341050 3.9956937406
9.6617979793 -0.0914965629 4.1600405518
9.6197884984 0.0048269509 4.3293016876
9.5751000344 0.1009094241 4.5034146090
9.5276870294 0.1967233283 4.6822917837
9.4775052188 0.2922406308 4.8658187198
9.4245119018 0.3874328065 5.0538521383
9.3686662520 0.4822708558 5.2462181155
9.3099296446 0.5767253228 5.4427102454
9.2482659630 0.6707663171 5.6430881441
9.1836419980 0.7643635435 5.8470756958
9.1160277672 0.8574863271 6.0543598628
9.0453969360 0.9501036513 6.2645893806
8.9717271755 1.0421841925 6.4773739139
8.8950005808 1.1336963627 6.6922833434
8.8152040622 1.2246083558 6.9088474675
8.7323297525 1.3148881960 7.1265559886
8.6463754069 1.4045037934 7.3448589651
8.5573447956 1.4934230002 7.5631676134
8.4652480878 1.5816136746 7.7808556720
8.3701022156 1.6690437449 7.9972611424
8.2719312215 1.7556812811 8.2116886839
8.1707665737 1.8414945652 8.4234123829
8.0666474550 1.9264521713 8.6316792504
7.9596210093 2.0105230399 8.8357130482
7.8497425493 2.0936765645 9.0347189062
7.7370757126 2.1758826699 9.2278881441
7.6216925668 2.2571119031 9.4144039706
7.5036736569 2.3373355116 9.5934471177
7.3831079857 2.4165255392 9.7642025364
7.2600929417 2.4946549009 9.9258655308
7.1347341324 2.5716974796 10.0776492811
7.0071451900 2.6476281977 10.2187911365
6.8774474441 2.7224231085 10.3485605511
6.7457695990 2.7960594657 10.4662653729
6.6122472568 2.8685158022 10.5712594523
6.4770224490 2.9397719984 10.6629488579
6.3402430431 3.0098093439 10.7407984723
6.2020621213 3.0786106003 10.8043377570
6.0626372940 3.1461600474 10.8531660221
5.9221299525 3.2124435335 10.8869571136
5.7807045020 3.2774485075 10.9054631930
5.6385275311 3.3411640526 10.9085178446
5.4957669836 3.4035809032 10.8960381687
5.3525912889 3.4646914611 10.8680260349
5.2091685023 3.5244897964 10.8245683221
5.0656654393 3.5829716452 10.7658362423
4.9222468185 3.6401343941 10.6920836545
4.7790744427 3.6959770603 10.6036445628
4.6363063786 3.7505002597 10.5009295572
4.4940962211 3.8037061709 10.3844217321
4.3525923477 3.8555984878 10.2546714567
4.2119372903 3.9061823696 10.1122910461
4.0722670996 3.9554643787 9.9579482086
3.9337108414 4.0034524204 9.7923598535
3.7963900974 4.0501556678 9.6162846484
3.6604185963 4.0955844938 9.4305163912
3.5259018658 4.1397503859 9.2358761309
3.3929370029 4.1826658728 9.0332055217
3.2616124821 4.2243444337 8.8233589955
3.1320080596 4.2648004197 8.6071973829
3.0041947339 4.3040489630 8.3855806900
2.8782347766 4.3421058946 8.1593621474
2.7541818271 4.3789876563 7.9293819920
2.6320810403 4.4147112178 7.6964622087
2.5119692951 4.4492939925 7.4614014254
2.3938754383 4.4827537582 7.2249706393
2.2778205887 4.5151085772 6.9879092342
2.1638184534 4.5463767230 6.7509218165
2.0518757043 4.5765766063 6.5146753730
1.9419923479 4.6057267090 6.2797971865
1.8341621451 4.6338455172 6.0468731175
1.7283730219 4.6609514629 5.8164465051
1.6246075036 4.6870628664 5.5890174700
1.5228431510 4.7121978846 5.3650427011
1.4230529892 4.7363744632 5.1449356066
1.3252059531 4.7596102925 4.9290668742
1.2292672949 4.7819227695 4.7177652765
1.1351990248 4.8033289603 4.5113188752
1.0429602855 4.8238455717 4.3099762892
0.9525077781 4.8434889205 4.1139484055
0.8637960965 4.8622749141 3.9234099616
0.7767781165 4.8802190267 3.7385015412
0.6914053104 4.8973362853 3.5593314407
0.6076280780 4.9136412552 3.3859777668
0.5253960338 4.9291480304 3.2184904397
0.4446582871 4.9438702260 3.0568933071
0.3653636985 4.9578209733 2.9011862091
0.2874611112 4.9710129179 2.7513470051
0.2108995676 4.9834582195 2.6073335885
0.1356285041 4.9951685537 2.4690858266
0.0615979264 5.0061551162 2.3365274349
-0.0112414338 5.0164286280 2.2095677742
-0.0829379784 5.0259993428 2.0881035688
-0.1535391203 5.0348770550 1.9720205309
-0.2230911769 5.0430711096 1.8611948940
-0.2916392774 5.0505904125 1.7554948514
-0.3592272856 5.0574434417 1.6547818993
-0.4258977345 5.0636382601 1.5589120841
-0.4916917740 5.0691825276 1.4677371556
-0.5566491289 5.0740835147 1.3811056286
-0.6208080679 5.0783481160 1.2988637537
-0.6842053819 5.0819828645 1.2208564027
-0.7468763704 5.0849939450 1.1469278705
-0.8088548363 5.0873872092 1.0769225973
-0.8701730871 5.0891681895 1.0106858167
-0.9308619430 5.0903421133 0.9480641313
-0.9909507499 5.0909139177 0.8889060232
-1.0504673980 5.0908882628 0.8330623007
-1.1094383437 5.0902695462 0.7803864875
-1.1678886368 5.0890619168 0.7307351570
-1.2258419495 5.0872692876 0.6839682179
-1.2833206084 5.0848953495 0.6399491521
-1.3403456301 5.0819435836 0.5985452119
-1.3969367564 5.0784172744 0.5596275767
-1.4531124936 5.0743195211 0.5230714766
-1.5088901506 5.0696532504 0.4887562819
-1.5642858795 5.0644212269 0.4565655654
-1.6193147165 5.0586260651 0.4263871380
-1.6739906221 5.0522702394 0.3981130609
-1.7283265231 5.0453560947 0.3716396378
-1.7823343532 5.0378858561 0.3468673879
-1.8360250939 5.0298616386 0.3237010033
-1.8894088147 5.0212854561 0.3020492925
-1.9424947134 5.0121592301 0.2818251108
-1.9952911549 5.0024847980 0.2629452811
-2.0478057099 4.9922639214 0.2453305053
-2.1000451923 4.9814982932 0.2289052681
-2.1520156960 4.9701895452 0.2135977346
-2.2037226305 4.9583392549 0.1993396435
-2.2551707557 4.9459489522 0.1860661954
-2.3063642153 4.9330201254 0.1737159389
-2.3573065696 4.9195542273 0.1622306541
-2.4080008267 4.9055526807 0.1515552353
-2.4584494727 4.8910168840 0.1416375722
-2.5086545010 4.8759482156 0.1324284328
-2.5586174405 4.8603480394 0.1238813448
-2.6083393820 4.8442177088 0.1159524796
-2.6578210044 4.8275585711 0.1086005371
-2.7070625991 4.8103719714 0.1017866324
-2.7560640940 4.7926592565 0.0954741848
-2.8048250754 4.7744217784 0.0896288094
-2.8533448101 4.7556608973 0.0842182106
-2.9016222655 4.7363779853 0.0792120794
-2.9496561292 4.7165744288 0.0745819932
-2.9974448276 4.6962516315 0.0703013185
-3.0449865435 4.6754110168 0.0663451172
-3.0922792327 4.6540540305 0.0626900563
-3.1393206399 4.6321821426 0.0593143202
-3.1861083136 4.6097968497 0.0561975272
-3.2326396207 4.5868996770 0.0533206487
-3.2789117594 4.5634921797 0.0506659320
-3.3249217724 4.5395759451 0.0482168263
-3.3706665583 4.5151525940 0.0459579122
-3.4161428836 4.4902237822 0.0438748339
-3.4613473929 4.4647912017 0.0419542354
-3.5062766190 4.4388565820 0.0401836986
-3.5509269926 4.4124216916 0.0385516855
-3.5952948510 4.3854883384 0.0370474830
-3.6393764465 4.3580583711 0.0356611499
-3.6831679544 4.3301336801 0.0343834677
-3.7266654804 4.3017161981 0.0332058932
-3.7698650674 4.2728079011 0.0321205142
-3.8127627022 4.2434108090 0.0311200075
-3.8553543216 4.2135269859 0.0301975990
-3.8976358179 4.1831585412 0.0293470267
-3.9396030448 4.1523076296 0.0285625052
-3.9812518220 4.1209764521 0.0278386927
-4.0225779402 4.0891672558 0.0271706600
-4.0635771653 4.0568823348 0.0265538613
-4.1042452430 4.0241240301 0.0259841066
-4.1445779020 3.9908947301 0.0254575363
-4.1845708585 3.9571968709 0.0249705969
-4.2242198189 3.9230329364 0.0245200188
-4.2635204836 3.8884054583 0.0241027952
-4.3024685494 3.8533170166 0.0237161624
-4.3410597129 3.8177702395 0.0233575813
-4.3792896727 3.7817678035 0.0230247209
-4.4171541322 3.7453124336 0.0227154420
-4.4546488017 3.7084069031 0.0224277824
-4.4917694008 3.6710540339 0.0221599433
-4.5285116602 3.6332566961 0.0219102762
-4.5648713239 3.5950178084 0.0216772717
-4.6008441508 3.5563403379 0.0214595477
-4.6364259164 3.5172272999 0.0212558397
-4.6716124148 3.4776817580 0.0210649910
-4.7063994594 3.4377068239 0.0208859445
-4.7407828855 3.3973056573 0.0207177338
-4.7747585503 3.3564814660 0.0205594763
-4.8083223355 3.3152375053 0.0204103663
-4.8414701476 3.2735770782 0.0202696681
-4.8741979192 3.2315035354 0.0201367107
-4.9065016105 3.1890202744 0.0200108821
-4.9383772100 3.1461307404 0.0198916242
-4.9698207354 3.1028384249 0.0197784283
-5.0008282349 3.0591468666 0.0196708311
-5.0313957878 3.0150596504 0.0195684104
-5.0615195053 2.9705804076 0.0194707818
-5.0911955318 2.9257128154 0.0193775952
-5.1204200452 2.8804605968 0.0192885322
-5.1491892577 2.8348275206 0.0192033027
-5.1774994167 2.7888174006 0.0191216431
-5.2053468057 2.7424340956 0.0190433133
-5.2327277443 2.6956815095 0.0189680950
-5.2596385897 2.6485635902 0.0188957898
-5.2860757366 2.6010843302 0.0188262171
-5.3120356182 2.5532477655 0.0187592127
-5.3375147068 2.5050579760 0.0186946273
-5.3625095142 2.4565190848 0.0186323251
-5.3870165924 2.4076352579 0.0185721826
-5.4110325341 2.3584107040 0.0185140875
-5.4345539731 2.3088496741 0.0184579376
-5.4575775852 2.2589564612 0.0184036399
-5.4801000882 2.2087354000 0.0183511099
-5.5021182428 2.1581908665 0.0183002705
-5.5236288528 2.1073272777 0.0182510517
-5.5446287659 2.0561490912 0.0182033896
-5.5651148737 2.0046608047 0.0181572261
-5.5850841128 1.9528669561 0.0181125080
-5.6045334644 1.9007721226 0.0180691871
-5.6234599556 1.8483809206 0.0180272194
-5.6418606592 1.7956980053 0.0179865644
-5.6597326945 1.7427280703 0.0179471855
-5.6770732275 1.6894758472 0.0179090491
-5.6938794714 1.6359461051 0.0178721245
-5.7101486870 1.5821436505 0.0178363835
-5.7258781830 1.5280733265 0.0178018005
-5.7410653167 1.4737400127 0.0177683519
-5.7557074938 1.4191486247 0.0177360161
-5.7698021694 1.3643041136 0.0177047733
-5.7833468480 1.3092114656 0.0176746054
-5.7963390839 1.2538757019 0.0176454955
-5.8087764819 1.1983018775 0.0176174285
-5.8206566969 1.1424950817 0.0175903901
-5.8319774352 1.0864604369 0.0175643674
-5.8427364540 1.0302030987 0.0175393485
-5.8529315624 0.9737282550 0.0175153224
-5.8625606212 0.9170411258 0.0174922789
-5.8716215436 0.8601469628 0.0174702087
-5.8801122954 0.8030510488 0.0174491032
-5.8880308951 0.7457586973 0.0174289547
-5.8953754146 0.6882752519 0.0174097556
-5.9021439793 0.6306060861 0.0173914995
-5.9083347683 0.5727566024 0.0173741801
-5.9139460151 0.5147322323 0.0173577917
-5.9189760072 0.4565384356 0.0173423293
-5.9234230870 0.3981806997 0.0173277880
-5.9272856519 0.3396645394 0.0173141637
-5.9305621545 0.2809954964 0.0173014523
-5.9332511028 0.2221791386 0.0172896502
-5.9353510609 0.1632210598 0.0172787544
-5.9368606484 0.1041268788 0.0172687619
-5.9377785418 0.0449022396 0.0172596701
-5.9381034737 -0.0144471897 0.0172514768
-5.9378342335 -0.0739157174 0.0172441800
-5.9369696680 -0.1334976284 0.0172377781
-5.9355086807 -0.1931871850 0.0172322696
-5.9334502330 -0.2529786271 0.0172276533
-5.9307933439 -0.3128661734 0.0172239284
-5.9275370901 -0.3728440210 0.0172210941
-5.9236806067 -0.4329063468 0.0172191501
-5.9192230870 -0.4930473076 0.0172180961
-5.9141637829 -0.5532610404 0.0172179321
-5.9085020048 -0.6135416637 0.0172186585
-5.9022371224 -0.6738832775 0.0172202757
-5.8953685642 -0.7342799638 0.0172227843
-5.8878958180 -0.7947257874 0.0172261854
-5.8798184311 -0.8552147965 0.0172304799
-5.8711360106 -0.9157410233 0.0172356693
-5.8618482230 -0.9762984839 0.0172417550
-5.8519547949 -1.0368811796 0.0172487388
-5.8414555130 -1.0974830977 0.0172566227
-5.8303502244 -1.1580982112 0.0172654087
-5.8186388362 -1.2187204796 0.0172750993
-5.8063213162 -1.2793438500 0.0172856970
-5.7933976927 -1.3399622575 0.0172972046
-5.7798680549 -1.4005696256 0.0173096250
-5.7657325529 -1.4611598664 0.0173229614
-5.7509913973 -1.5217268817 0.0173372173
-5.7356448604 -1.5822645641 0.0173523962
-5.7196932752 -1.6427667967 0.0173685018
-5.7031370362 -1.7032274538 0.0173855383
-5.6859765991 -1.7636404015 0.0174035097
-5.6682124810 -1.8239994990 0.0174224207
-5.6498452606 -1.8842985986 0.0174422757
-5.6308755782 -1.9445315464 0.0174630797
-5.6113041355 -2.0046921824 0.0174848378
-5.5911316960 -2.0647743420 0.0175075552
-5.5703590851 -2.1247718566 0.0175312374
-5.5489871896 -2.1846785531 0.0175558903
-5.5270169584 -2.2444882555 0.0175815198
-5.5044494021 -2.3041947853 0.0176081320
-5.4812855932 -2.3637919623 0.0176357335
-5.4575266660 -2.4232736043 0.0176643308
-5.4331738167 -2.4826335290 0.0176939310
-5.4082283037 -2.5418655539 0.0177245411
-5.3826914468 -2.6009634968 0.0177561685
-5.3565646281 -2.6599211768 0.0177888209
-5.3298492913 -2.7187324147 0.0178225062
-5.3025469421 -2.7773910338 0.0178572325
-5.2746591481 -2.8358908603 0.0178930083
-5.2461875385 -2.8942257242 0.0179298421
-5.2171338044 -2.9523894595 0.0179677430
-5.1874996987 -3.0103759053 0.0180067201
-5.1572870358 -3.0681789062 0.0180467830
-5.1264976919 -3.1257923130 0.0180879414
-5.0951336045 -3.1832099830 0.0181302053
-5.0631967729 -3.2404257813 0.0181735851
-5.0306892577 -3.2974335807 0.0182180914
-4.9976131807 -3.3542272628 0.0182637352
-4.9639707250 -3.4108007186 0.0183105277
-4.9297641351 -3.4671478488 0.0183584805
-4.8949957163 -3.5232625650 0.0184076054
-4.8596678349 -3.5791387896 0.0184579146
-4.8237829180 -3.6347704570 0.0185094207
-4.7873434535 -3.6901515142 0.0185621365
-4.7503519900 -3.7452759210 0.0186160751
-4.7128111363 -3.8001376512 0.0186712503
-4.6747235618 -3.8547306928 0.0187276758
-4.6360919958 -3.9090490488 0.0187853659
-4.5969192280 -3.9630867378 0.0188443353
-4.5572081075 -4.0168377947 0.0189045990
-4.5169615437 -4.0702962712 0.0189661724
-4.4761825050 -4.1234562367 0.0190290713
-4.4348740196 -4.1763117785 0.0190933118
-4.3930391746 -4.2288570028 0.0191589107
-4.3506811163 -4.2810860352 0.0192258848
-4.3078030497 -4.3329930212 0.0192942518
-4.2644082385 -4.3845721272 0.0193640294
-4.2205000048 -4.4358175406 0.0194352361
-4.1760817289 -4.4867234710 0.0195078906
-4.1311568490 -4.5372841502 0.0195820122
-4.0857288611 -4.5874938335 0.0196576206
-4.0398013188 -4.6373467998 0.0197347361
-3.9933778330 -4.6868373523 0.0198133794
-3.9464620715 -4.7359598195 0.0198935718
-3.8990577590 -4.7847085554 0.0199753350
-3.8511686769 -4.8330779401 0.0200586914
-3.8027986626 -4.8810623809 0.0201436638
-3.7539516097 -4.9286563124 0.0202302757
-3.7046314675 -4.9758541974 0.0203185510
-3.6548422409 -5.0226505272 0.0204085143
-3.6045879898 -5.0690398229 0.0205001909
-3.5538728290 -5.1150166350 0.0205936064
-3.5027009281 -5.1605755449 0.0206887875
-3.4510765108 -5.2057111651 0.0207857611
-3.3990038549 -5.2504181399 0.0208845551
-3.3464872918 -5.2946911458 0.0209851978
-3.2935312064 -5.3385248924 0.0210877184
-3.2401400364 -5.3819141228 0.0211921468
-3.1863182725 -5.4248536144 0.0212985135
-3.1320704574 -5.4673381793 0.0214068499
-3.0774011862 -5.5093626647 0.0215171882
-3.0223151053 -5.5509219542 0.0216295612
-2.9668169128 -5.5920109674 0.0217440026
-2.9109113574 -5.6326246615 0.0218605471
-2.8546032387 -5.6727580311 0.0219792299
-2.7978974063 -5.7124061092 0.0221000875
-2.7407987597 -5.7515639675 0.0222231569
-2.6833122480 -5.7902267173 0.0223484764
-2.6254428691 -5.8283895098 0.0224760850
-2.5671956698 -5.8660475368 0.0226060227
-2.5085757451 -5.9031960312 0.0227383306
-2.4495882380 -5.9398302677 0.0228730507
-2.3902383388 -5.9759455631 0.0230102263
-2.3305312849 -6.0115372771 0.0231499014
-2.2704723604 -6.0466008129 0.0232921214
-2.2100668955 -6.0811316173 0.0234369328
-2.1493202663 -6.1151251819 0.0235843834
-2.0882378941 -6.1485770431 0.0237345218
-2.0268252454 -6.1814827829 0.0238873982
-1.9650878307 -6.2138380296 0.0240430641
-1.9030312049 -6.2456384577 0.0242015721
-1.8406609663 -6.2768797894 0.0243629762
-1.7779827563 -6.3075577941 0.0245273319
-1.7150022588 -6.3376682897 0.0246946961
-1.6517252001 -6.3672071428 0.0248651270
-1.5881573480 -6.3961702691 0.0250386847
-1.5243045116 -6.4245536344 0.0252154303
-1.4601725406 -6.4523532543 0.0253954270
-1.3957673250 -6.4795651956 0.0255787394
-1.3310947946 -6.5061855761 0.0257654337
-1.2661609183 -6.5322105657 0.0259555782
-1.2009717038 -6.5576363862 0.0261492426
-1.1355331971 -6.5824593124 0.0263464988
-1.0698514817 -6.6066756723 0.0265474202
-1.0039326785 -6.6302818476 0.0267520824
-0.9377829449 -6.6532742743 0.0269605632
-0.8714084748 -6.6756494430 0.0271729420
-0.8048154972 -6.6974038994 0.0273893008
-0.7380102767 -6.7185342450 0.0276097234
-0.6709991121 -6.7390371371 0.0278342963
-0.6037883365 -6.7589092899 0.0280631078
-0.5363843162 -6.7781474742 0.0282962492
-0.4687934505 -6.7967485186 0.0285338137
-0.4010221713 -6.8147093091 0.0287758975
-0.3330769421 -6.8320267905 0.0290225993
-0.2649642576 -6.8486979660 0.0292740203
-0.1966906434 -6.8647198982 0.0295302648
-0.1282626551 -6.8800897092 0.0297914397
-0.0596868779 -6.8948045809 0.0300576552
0.0090300739 -6.9088617560 0.0303290243
0.0778815578 -6.9222585378 0.0306056632
0.1468609033 -6.9349922908 0.0308876914
0.2159614128 -6.9470604412 0.0311752318
0.2851763617 -6.9584604774 0.0314684106
0.3544989996 -6.9691899499 0.0317673578
0.4239225507 -6.9792464722 0.0320722069
0.4934402139 -6.9886277209 0.0323830953
0.5630451641 -6.9973314362 0.0327001642
0.6327305525 -7.0053554221 0.0330235591
0.7024895069 -7.0126975470 0.0333534293
0.7723151330 -7.0193557439 0.0336899288
0.8422005142 -7.0253280108 0.0340332158
0.9121387128 -7.0306124110 0.0343834531
0.9821227705 -7.0352070735 0.0347408084
1.0521457087 -7.0391101933 0.0351054541
1.1222005294 -7.0423200317 0.0354775677
1.1922802159 -7.0448349166 0.0358573321
1.2623777331 -7.0466532432 0.0362449352
1.3324860283 -7.0477734736 0.0366405709
1.4025980318 -7.0481941378 0.0370444386
1.4727066576 -7.0479138335 0.0374567435
1.5428048038 -7.0469312267 0.0378776973
1.6128853534 -7.0452450519 0.0383075176
1.6829411750 -7.0428541124 0.0387464288
1.7529651230 -7.0397572805 0.0391946621
1.8229500390 -7.0359534979 0.0396524554
1.8928887514 -7.0314417758 0.0401200540
1.9627740770 -7.0262211953 0.0405977107
2.0325988210 -7.0202909078 0.0410856858
2.1023557779 -7.0136501349 0.0415842476
2.1720377319 -7.0062981687 0.0420936728
2.2416374579 -6.9982343724 0.0426142463
2.3111477217 -6.9894581803 0.0431462619
2.3805612807 -6.9799690978 0.0436900226
2.4498708852 -6.9697667020 0.0442458406
2.5190692780 -6.9588506419 0.0448140377
2.5881491952 -6.9472206380 0.0453949458
2.6571033676 -6.9348764835 0.0459889075
2.7259245210 -6.9218180438 0.0465962756
2.7946053760 -6.9080452567 0.0472174140
2.8631386496 -6.8935581330 0.0478526982
2.9315170553 -6.8783567563 0.0485025157
2.9997333043 -6.8624412834 0.0491672658
3.0677801051 -6.8458119443 0.0498473606
3.1356501648 -6.8284690425 0.0505432254
3.2033361900 -6.8104129551 0.0512552989
3.2708308867 -6.7916441331 0.0519840337
3.3381269609 -6.7721631012 0.0527298968
3.4052171199 -6.7519704582 0.0534933704
3.4720940725 -6.7310668773 0.0542749519
3.5387505291 -6.7094531058 0.0550751545
3.6051792031 -6.6871299655 0.0558945083
3.6713728110 -6.6640983529 0.0567335602
3.7373240731 -6.6403592389 0.0575928747
3.8030257139 -6.6159136695 0.0584730346
3.8684704631 -6.5907627654 0.0593746416
3.9336510557 -6.5649077224 0.0602983168
3.9985602327 -6.5383498113 0.0612447014
4.0631907416 -6.5110903782 0.0622144576
4.1275353372 -6.4831308443 0.0632082689
4.1915867819 -6.4544727062 0.0642268412
4.2553378461 -6.4251175360 0.0652709034
4.3187813091 -6.3950669812 0.0663412081
4.3819099593 -6.3643227647 0.0674385323
4.4447165948 -6.3328866852 0.0685636787
4.5071940239 -6.3007606169 0.0697174761
4.5693350658 -6.2679465098 0.0709007802
4.6311325505 -6.2344463895 0.0721144749
4.6925793200 -6.2002623574 0.0733594731
4.7536682283 -6.1653965909 0.0746367172
4.8143921418 -6.1298513429 0.0759471808
4.8747439402 -6.0936289424 0.0772918693
4.9347165166 -6.0567317941 0.0786718208
4.9943027777 -6.0191623788 0.0800881076
5.0534956448 -5.9809232529 0.0815418368
5.1122880538 -5.9420170490 0.0830341518
5.1706729556 -5.9024464755 0.0845662334
5.2286433167 -5.8622143166 0.0861393009
5.2861921194 -5.8213234324 0.0877546131
5.3433123620 -5.7797767592 0.0894134701
5.3999970596 -5.7375773089 0.0911172141
5.4562392441 -5.6947281692 0.0928672308
5.5120319643 -5.6512325039 0.0946649509
5.5673682868 -5.6070935524 0.0965118513
5.6222412961 -5.5623146301 0.0984094565
5.6766440941 -5.5168991280 0.1003593403
5.7305698017 -5.4708505129 0.1023631268
5.7840115581 -5.4241723274 0.1044224923
5.8369625209 -5.3768681897 0.1065391664
5.8894158673 -5.3289417937 0.1087149340
5.9413647934 -5.2803969086 0.1109516365
5.9928025145 -5.2312373797 0.1132511734
6.0437222657 -5.1814671273 0.1156155043
6.0941173018 -5.1310901474 0.1180466500
6.1439808972 -5.0801105115 0.1205466941
6.1933063463 -5.0285323664 0.1231177856
6.2420869636 -4.9763599340 0.1257621395
6.2903160838 -4.9235975118 0.1284820385
6.3379870614 -4.8702494724 0.1312798357
6.3850932715 -4.8163202636 0.1341579554
6.4316281094 -4.7618144082 0.1371188949
6.4775849904 -4.7067365042 0.1401652261
6.5229573501 -4.6510912246 0.1432995981
6.5677386449 -4.5948833172 0.1465247375
6.6119223506 -4.5381176050 0.1498434506
6.6555019634 -4.4807989857 0.1532586256
6.6984709998 -4.4229324317 0.1567732333
6.7408229962 -4.3645229902 0.1603903289
6.7825515085 -4.3055757834 0.1641130536
6.8236501126 -4.2460960079 0.1679446364
6.8641124042 -4.1860889348 0.1718883947
6.9039319984 -4.1255599098 0.1759477357
6.9431025291 -4.0645143536 0.1801261583
6.9816176498 -4.0029577607 0.1844272539
7.0194710331 -3.9408957005 0.1888547067
7.0566563700 -3.8783338164 0.1934122955
7.0931673698 -3.8152778267 0.1981038943
7.1289977608 -3.7517335236 0.2029334723
7.1641412892 -3.6877067735 0.2079050950
7.1985917189 -3.6232035174 0.2130229243
7.2323428312 -3.5582297706 0.2182912183
7.2653884256 -3.4927916221 0.2237143315
7.2977223187 -3.4268952354 0.2292967141
7.3293383435 -3.3605468482 0.2350429121
7.3602303502 -3.2937527722 0.2409575651
7.3903922059 -3.2265193933 0.2470454064
7.4198177938 -3.1588531713 0.2533112610
7.4485010134 -3.0907606404 0.2597600439
7.4764357802 -3.0222484087 0.2663967570
7.5036160262 -2.9533231582 0.2732264880
7.5300356989 -2.8839916451 0.2802544070
7.5556887614 -2.8142606998 0.2874857619
7.5805691932 -2.7441372265 0.2949258752
7.6046709895 -2.6736282033 0.3025801408
7.6279881609 -2.6027406826 0.3104540177
7.6505147344 -2.5314817906 0.3185530234
7.6722447533 -2.4598587275 0.3268827303
7.6931722770 -2.3878787674 0.3354487584
7.7132913817 -2.3155492587 0.3442567663
7.7325961607 -2.2428776232 0.3533124433
7.7510807253 -2.1698713569 0.3626215030
7.7687392040 -2.0965380297 0.3721896730
7.7855657448 -2.0228852852 0.3820226800
7.8015545152 -1.9489208407 0.3921262448
7.8166997029 -1.8746524875 0.4025060685
7.8309955169 -1.8000880905 0.4131678171
7.8444361894 -1.7252355880 0.4241171075
7.8570159760 -1.6501029919 0.4353594976
7.8687291573 -1.5746983878 0.4469004673
7.8795700416 -1.4990299341 0.4587453967
7.8895329653 -1.4231058628 0.4708995566
7.8986122955 -1.3469344787 0.4833680870
7.9068024320 -1.2705241595 0.4961559730
7.9140978103 -1.1938833556 0.5092680243
7.9204929030 -1.1170205897 0.5227088593
7.9259822229 -1.0399444568 0.5364828781
7.9305603275 -0.9626636240 0.5505942290
7.9342218204 -0.8851868295 0.5650467960
7.9369613551 -0.8075228833 0.5798441688
7.9387736398 -0.7296806660 0.5949896086
7.9396534418 -0.6516691286 0.6104860175
7.9395955899 -0.5734972922 0.6263359210
7.9385949798 -0.4951742476 0.6425414306
7.9366465812 -0.4167091543 0.6591042001
7.9337454413 -0.3381112400 0.6760254018
7.9298866900 -0.2593898000 0.6933056988
7.9250655453 -0.1805541971 0.7109452059
7.9192773238 -0.1016138598 0.7289434365
7.9125174442 -0.0225782816 0.7472992822
7.9047814329 0.0565429794 0.7660109830
7.8960649332 0.1357403015 0.7850760767
7.8863637160 0.2150040010 0.8044913522
7.8756736836 0.2943243335 0.8242528291
7.8639908789 0.3736914941 0.8443557158
7.8513114964 0.4530956197 0.8647943630
7.8376318915 0.5325267903 0.8855622245
7.8229485873 0.6119750305 0.9066518325
7.8072582860 0.6914303103 0.9280547527
7.7905578826 0.7708825483 0.9497615381
7.7728444707 0.8503216127 0.9717617109
7.7541153547 0.9297373230 0.9940437226
7.7343680636 1.0091194526 1.0165949163
7.7136003620 1.0884577313 1.0394014984
7.6918102587 1.1677418468 1.0624485186
7.6689960216 1.2469614471 1.0857198351
7.6451561924 1.3261061443 1.1091980909
7.6202895939 1.4051655162 1.1328647027
7.5943953453 1.4841291089 1.1566998365
7.5674728772 1.5629864411 1.1806823956
7.5395219412 1.6417270062 1.2047900159
7.5105426230 1.7203402752 1.2289990565
7.4805353584 1.7988157012 1.2532846018
7.4495009439 1.8771427224 1.2776204684
7.4174405484 1.9553107651 1.3019792098
7.3843557285 2.0333092485 1.3263321370
7.3502484402 2.1111275883 1.3506493409
7.3151210486 2.1887552002 1.3748997124
7.2789763429 2.2661815047 1.3990509834
7.2418175466 2.3433959315 1.4230697688
7.2036483270 2.4203879231 1.4469216021
7.1644728072 2.4971469399 1.4705710003
7.1242955759 2.5736624655 1.4939815265
7.0831216947 2.6499240099 1.5171158419
7.0409567080 2.7259211153 1.5399357963
6.9978066501 2.8016433616 1.5624025117
6.9536780506 2.8770803699 1.5844764511
6.9085779416 2.9522218085 1.6061175344
6.8625138611 3.0270573987 1.6272852430
6.8154938565 3.1015769184 1.6479387039
6.7675264872 3.1757702080 1.6680368290
6.7186208252 3.2496271769 1.6875384400
6.6687864550 3.3231378068 1.7064023652
6.6180334718 3.3962921575 1.7245875980
6.5663724783 3.4690803738 1.7420534403
6.5138145807 3.5414926885 1.7587596077
6.4603713825 3.6135194281 1.7746664002
6.4060549759 3.6851510195 1.7897348629
6.3508779348 3.7563779934 1.8039268929
6.2948533036 3.8271909888 1.8172054136
6.2379945824 3.8975807606 1.8295345495
6.1803157179 3.9675381817 1.8408797278
6.1218310862 4.0370542476 1.8512078476
6.0625554724 4.1061200832 1.8604874602
6.0025040585 4.1747269455 1.8686888609
5.9416924021 4.2428662265 1.8757842463
5.8801364094 4.3105294596 1.8817478833
5.8178523202 4.3777083226 1.8865561930
5.7548566833 4.4443946393 1.8901878852
5.6911663245 4.5105803851 1.8926241009
5.6267983272 4.5762576895 1.8938484905
5.5617700066 4.6414188374 1.8938473122
5.4960988735 4.7060562730 1.8926095398
5.4298026101 4.7701626020 1.8901269290
5.3628990441 4.8337305925 1.8863940748
5.2954061121 4.8967531771 1.8814084785
5.2273418270 4.9592234545 1.8751705889
5.1587242564 5.0211346905 1.8676838217
5.0895714849 5.0824803175 1.8589545848
5.0199015766 5.1432539362 1.8489922746
4.9497325557 5.2034493155 1.8378092687
4.8790823710 5.2630603913 1.8254209065
4.8079688560 5.3220812665 1.8118454326
4.7364097093 5.3805062106 1.7971039624
4.6644224638 5.4383296577 1.7812204237
4.5920244509 5.4955462049 1.7642214578
4.5192327724 5.5521506110 1.7461363286
4.4460642819 5.6081377951 1.7269968491
4.3725355543 5.6635028326 1.7068372704
4.2986628508 5.7182409531 1.6856940906
4.2244621079 5.7723475387 1.6636059928
4.1499489131 5.8258181198 1.6406136981
4.0751384790 5.8786483720 1.6167597864
4.0000456235 5.9308341118 1.5920885182
3.9246847592 5.9823712949 1.5666457360
3.8490698724 6.0332560106 1.5404786672
3.7732145069 6.0834844775 1.5136356982
3.6971317566 6.1330530407 1.4861662676
3.6208342526 6.1819581667 1.4581206744
3.5443341536 6.2301964387 1.4295498580
3.4676431399 6.2777645523 1.4005052439
3.3907724089 6.3246593117 1.3710385840
3.3137326708 6.3708776236 1.3412017366
3.2365341478 6.4164164934 1.3110465110
3.1591865743 6.4612730208 1.2806245135
3.0816991994 6.5054443943 1.2499869423
3.0040807903 6.5489278870 1.2191844528
2.9263396374 6.5917208522 1.1882670040
2.8484835629 6.6338207181 1.1572836813
2.7705199273 6.6752249841 1.1262825851
2.6924556406 6.7159312159 1.0953106886
2.6142971741 6.7559370409 1.0644136927
2.5360505709 6.7952401452 1.0336359374
2.4577214614 6.8338382681 1.0030202853
2.3793150791 6.8717291985 0.9726080036
2.3008362721 6.9089107721 0.9424387050
2.2222895243 6.9453808664 0.9125502573
2.1436789718 6.9811373977 0.8829787024
2.0650084175 7.0161783183 0.8537582157
1.9862813552 7.0505016125 0.8249210492
1.9075009842 7.0841052944 0.7964974873
1.8286702314 7.1169874045 0.7685158269
1.7497917705 7.1491460073 0.7410023470
1.6708680407 7.1805791894 0.7139813023
1.5919012693 7.2112850566 0.6874749206
1.5128934888 7.2412617322 0.6615034039
1.4338465597 7.2705073554 0.6360849481
1.3547621880 7.2990200794 0.6112357574
1.2756419468 7.3267980701 0.5869700787
1.1964872939 7.3538395049 0.5633002315
1.1172995922 7.3801425716 0.5402366529
1.0380801270 7.4057054677 0.5177879426
0.9588301247 7.4305263996 0.4959609147
0.8795507704 7.4546035821 0.4747606574
0.8002432242 7.4779352383 0.4541905909
0.7209086379 7.5005195992 0.4342525352
0.6415481706 7.5223549039 0.4149467772
0.5621630031 7.5434393994 0.3962721416
0.4827543529 7.5637713415 0.3782260654
0.4033234869 7.5833489949 0.3608046725
0.3238717343 7.6021706336 0.3440028504
0.2444004985 7.6202345420 0.3278143279
0.1649112684 7.6375390155 0.3122317539
0.0854056281 7.6540823613 0.2972467751
0.0058852672 7.6698628999 0.2828501141
-0.0736480113 7.6848789655 0.2690316472
-0.1531922824 7.6991289081 0.2557804815
-0.2327454923 7.7126110939 0.2430850297
-0.3123054520 7.7253239072 0.2309330840
-0.3918698315 7.7372657517 0.2193118888
-0.4714361548 7.7484350520 0.2082082105
-0.5510017960 7.7588302550 0.1976084058
-0.6305639756 7.7684498316 0.1874984870
-0.7101197574 7.7772922781 0.1778641854
-0.7896660466 7.7853561181 0.1686910117
-0.8691995880 7.7926399040 0.1599643130
-0.9487169651 7.7991422188 0.1516693286
-1.0282145991 7.8048616775 0.1437912406
-1.1076887496 7.8097969290 0.1363152236
-1.1871355147 7.8139466578 0.1292264898
-1.2665508318 7.8173095856 0.1225103317
-1.3459304795 7.8198844730 0.1161521620
-1.4252700789 7.8216701212 0.1101375498
-1.5045650960 7.8226653736 0.1044522541
-1.5838108440 7.8228691174 0.0990822547
-1.6630024865 7.8222802851 0.0940137793
-1.7421350400 7.8208978566 0.0892333289
-1.8212033777 7.8187208601 0.0847276995
-1.9002022327 7.8157483738 0.0804840014
-1.9791262019 7.8119795276 0.0764896764
-2.0579697500 7.8074135045 0.0727325119
-2.1367272134 7.8020495416 0.0692006529
-2.2153928044 7.7958869322 0.0658826120
-2.2939606156 7.7889250263 0.0627672769
-2.3724246240 7.7811632327 0.0598439159
-2.4507786959 7.7726010196 0.0571021822
-2.5290165906 7.7632379162 0.0545321153
-2.6071319658 7.7530735136 0.0521241419
-2.6851183812 7.7421074663 0.0498690744
-2.7629693038 7.7303394929 0.0477581089
-2.8406781116 7.7177693772 0.0457828209
-2.9182380988 7.7043969694 0.0439351609
-2.9956424794 7.6902221868 0.0422074479
-3.0728843922 7.6752450151 0.0405923633
-3.1499569047 7.6594655088 0.0390829425
-3.2268530173 7.6428837923 0.0376725668
-3.3035656677 7.6255000605 0.0363549544
-3.3800877345 7.6073145799 0.0351241511
-3.4564120415 7.5883276891 0.0339745198
-3.5325313614 7.5685397991 0.0329007306
-3.6084384197 7.5479513949 0.0318977498
-3.6841258980 7.5265630350 0.0309608296
-3.7595864378 7.5043753526 0.0300854969
-3.8348126441 7.4813890563 0.0292675421
-3.9097970884 7.4576049300 0.0285030084
-3.9845323120 7.4330238337 0.0277881804
-4.0590108293 7.4076467040 0.0271195736
-4.1332251306 7.3814745546 0.0264939235
-4.2071676854 7.3545084762 0.0259081747
-4.2808309446 7.3267496373 0.0253594708
-4.3542073437 7.2981992844 0.0248451441
-4.4272893054 7.2688587422 0.0243627054
-4.5000692419 7.2387294141 0.0239098346
-4.5725395574 7.2078127822 0.0234843715
-4.6446926505 7.1761104077 0.0230843062
-4.7165209164 7.1436239309 0.0227077706
-4.7880167492 7.1103550716 0.0223530300
-4.8591725437 7.0763056292 0.0220184751
-4.9299806979 7.0414774829 0.0217026140
-5.0004336142 7.0058725915 0.0214040648
-5.0705237021 6.9694929939 0.0211215487
-5.1402433793 6.9323408091 0.0208538832
-5.2095850738 6.8944182359 0.0205999754
-5.2785412256 6.8557275536 0.0203588165
-5.3471042881 6.8162711214 0.0201294754
-5.4152667297 6.7760513789 0.0199110937
-5.4830210354 6.7350708456 0.0197028801
-5.5503597084 6.6933321215 0.0195041063
-5.6172752708 6.6508378866 0.0193141016
-5.6837602661 6.6075909011 0.0191322491
-5.7498072594 6.5635940050 0.0189579817
-5.8154088394 6.5188501186 0.0187907779
-5.8805576193 6.4733622420 0.0186301590
-5.9452462382 6.4271334551 0.0184756849
-6.0094673621 6.3801669175 0.0183269521
-6.0732136851 6.3324658685 0.0181835897
-6.1364779307 6.2840336268 0.0180452578
-6.1992528525 6.2348735903 0.0179116442
-6.2615312357 6.1849892363 0.0177824628
-6.3233058979 6.1343841211 0.0176574507
-6.3845696898 6.0830618797 0.0175363672
-6.4453154971 6.0310262258 0.0174189912
-6.5055362405 5.9782809518 0.0173051196
-6.5652248771 5.9248299280 0.0171945664
-6.6243744015 5.8706771031 0.0170871606
-6.6829778464 5.8158265035 0.0169827450
-6.7410282837 5.7602822331 0.0168811754
-6.7985188253 5.7040484734 0.0167823190
-6.8554426241 5.6471294828 0.0166860537
-6.9117928746 5.5895295968 0.0165922672
-6.9675628143 5.5312532271 0.0165008559
-7.0227457239 5.4723048622 0.0164117241
-7.0773349286 5.4126890662 0.0163247838
-7.1313237986 5.3524104791 0.0162399534
-7.1847057504 5.2914738165 0.0161571576
-7.2374742470 5.2298838687 0.0160763266
-7.2896227992 5.1676455012 0.0159973956
-7.3411449662 5.1047636537 0.0159203046
-7.3920343561 5.0412433401 0.0158449976
-7.4422846274 4.9770896481 0.0157714228
-7.4918894891 4.9123077387 0.0156995315
-7.5408427017 4.8469028461 0.0156292785
-7.5891380780 4.7808802771 0.0155606215
-7.6367694838 4.7142454107 0.0154935208
-7.6837308388 4.6470036980 0.0154279392
-7.7300161171 4.5791606614 0.0153638418
-7.7756193480 4.5107218946 0.0153011957
-7.8205346167 4.4416930619 0.0152399700
-7.8647560654 4.3720798977 0.0151801354
-7.9082778935 4.3018882065 0.0151216644
-7.9510943585 4.2311238621 0.0150645307
-7.9931997767 4.1597928072 0.0150087097
-8.0345885241 4.0879010529 0.0149541779
-8.0752550368 4.0154546786 0.0149009129
-8.1151938118 3.9424598310 0.0148488935
-8.1543994078 3.8689227241 0.0147980995
-8.1928664457 3.7948496383 0.0147485116
-8.2305896093 3.7202469203 0.0147001114
-8.2675636462 3.6451209821 0.0146528815
-8.3037833680 3.5694783012 0.0146068049
-8.3392436514 3.4933254193 0.0145618656
-8.3739394388 3.4166689424 0.0145180483
-8.4078657385 3.3395155400 0.0144753382
-8.4410176260 3.2618719444 0.0144337211
-8.4733902441 3.1837449505 0.0143931836
-8.5049788037 3.1051414151 0.0143537127
-8.5357785847 3.0260682563 0.0143152959
-8.5657849361 2.9465324528 0.0142779212
-8.5949932769 2.8665410437 0.0142415771
-8.6233990969 2.7861011275 0.0142062526
-8.6509979567 2.7052198619 0.0141719371
-8.6777854891 2.6239044628 0.0141386205
-8.7037573988 2.5421622041 0.0141062929
-8.7289094638 2.4600004168 0.0140749450
-8.7532375355 2.3774264884 0.0140445678
-8.7767375392 2.2944478625 0.0140151527
-8.7994054750 2.2110720379 0.0139866914
-8.8212374181 2.1273065680 0.0139591759
-8.8422295195 2.0431590606 0.0139325987
-8.8623780065 1.9586371764 0.0139069526
-8.8816791830 1.8737486291 0.0138822305
-8.9001294304 1.7885011844 0.0138584258
-8.9177252079 1.7029026594 0.0138355322
-8.9344630532 1.6169609218 0.0138135437
-8.9503395826 1.5306838895 0.0137924545
-8.9653514919 1.4440795296 0.0137722591
-8.9794955569 1.3571558578 0.0137529524
-8.9927686336 1.2699209377 0.0137345294
-9.0051676587 1.1823828803 0.0137169856
-9.0166896506 1.0945498428 0.0137003165
-9.0273317089 1.0064300286 0.0136845181
-9.0370910159 0.9180316856 0.0136695866
-9.0459648364 0.8293631065 0.0136555182
-9.0539505183 0.7404326272 0.0136423097
-9.0610454930 0.6512486266 0.0136299579
-9.0672472758 0.5618195257 0.0136184602
-9.0725534667 0.4721537868 0.0136078137
-9.0769617502 0.3822599125 0.0135980163
-9.0804698961 0.2921464455 0.0135890657
-9.0830757599 0.2018219673 0.0135809602
-9.0847772828 0.1112950977 0.0135736980
-9.0855724928 0.0205744939 0.0135672777
-9.0854595043 -0.0703311502 0.0135616983
-9.0844365189 -0.1614131050 0.0135569586
-9.0825018257 -0.2526626057 0.0135530582
-9.0796538016 -0.3440708533 0.0135499964
-9.0758909116 -0.4356290155 0.0135477730
-9.0712117093 -0.5273282273 0.0135463881
-9.0656148371 -0.6191595918 0.0135458418
-9.0590990264 -0.7111141814 0.0135461346
-9.0516630981 -0.8031830382 0.0135472672
-9.0433059628 -0.8953571750 0.0135492405
-9.0340266213 -0.9876275762 0.0135520557
-9.0238241645 -1.0799851988 0.0135557140
-9.0126977740 -1.1724209728 0.0135602172
-9.0006467220 -1.2649258020 0.0135655671
-8.9876703722 -1.3574905659 0.0135717658
-8.9737681796 -1.4501061196 0.0135788155
-8.9589396903 -1.5427632943 0.0135867189
-8.9431845428 -1.6354528992 0.0135954786
-8.9265024673 -1.7281657222 0.0136050979
-8.9088932866 -1.8208925305 0.0136155798
-8.8903569155 -1.9136240708 0.0136269280
-8.8708933617 -2.0063510713 0.0136391462
-8.8505027259 -2.0990642426 0.0136522385
-8.8291852017 -2.1917542779 0.0136662090
-8.8069410757 -2.2844118536 0.0136810624
-8.7837707281 -2.3770276314 0.0136968034
-8.7596746326 -2.4695922586 0.0137134369
-8.7346533564 -2.5620963689 0.0137309684
-8.7087075606 -2.6545305829 0.0137494034
-8.6818380001 -2.7468855102 0.0137687478
-8.6540455240 -2.8391517494 0.0137890075
-8.6253310754 -2.9313198891 0.0138101891
-8.5956956915 -3.0233805090 0.0138322992
-8.5651405041 -3.1153241810 0.0138553447
-8.5336667392 -3.2071414696 0.0138793329
-8.5012757173 -3.2988229335 0.0139042713
-8.4679688534 -3.3903591260 0.0139301677
-8.4337476571 -3.4817405961 0.0139570304
-8.3986137326 -3.5729578896 0.0139848677
-8.3625687787 -3.6640015498 0.0140136884
-8.3256145890 -3.7548621185 0.0140435016
-8.2877530515 -3.8455301372 0.0140743168
-8.2489861493 -3.9359961476 0.0141061436
-8.2093159597 -4.0262506928 0.0141389922
-8.1687446551 -4.1162843185 0.0141728729
-8.1272745022 -4.2060875734 0.0142077967
-8.0849078625 -4.2956510107 0.0142437746
-8.0416471919 -4.3849651885 0.0142808182
-7.9974950410 -4.4740206712 0.0143189393
-7.9524540547 -4.5628080304 0.0143581503
-7.9065269722 -4.6513178457 0.0143984639
-7.8597166273 -4.7395407057 0.0144398930
-7.8120259476 -4.8274672091 0.0144824513
-7.7634579551 -4.9150879653 0.0145261526
-7.7140157656 -5.0023935959 0.0145710113
-7.6637025889 -5.0893747354 0.0146170421
-7.6125217285 -5.1760220318 0.0146642604
-7.5604765814 -5.2623261483 0.0147126817
-7.5075706382 -5.3482777637 0.0147623224
-7.4538074827 -5.4338675735 0.0148131990
-7.3991907919 -5.5190862911 0.0148653288
-7.3437243356 -5.6039246484 0.0149187295
-7.2874119765 -5.6883733970 0.0149734191
-7.2302576699 -5.7724233091 0.0150294165
-7.1722654632 -5.8560651786 0.0150867411
-7.1134394964 -5.9392898217 0.0151454125
-7.0537840009 -6.0220880784 0.0152054514
-6.9933033002 -6.1044508130 0.0152668788
-6.9320018090 -6.1863689153 0.0153297163
-6.8698840334 -6.2678333014 0.0153939863
-6.8069545702 -6.3488349150 0.0154597116
-6.7432181069 -6.4293647280 0.0155269160
-6.6786794216 -6.5094137414 0.0155956238
-6.6133433822 -6.5889729870 0.0156658599
-6.5472149466 -6.6680335272 0.0157376503
-6.4802991620 -6.7465864571 0.0158110212
-6.4126011648 -6.8246229046 0.0158860001
-6.3441261804 -6.9021340318 0.0159626150
-6.2748795225 -6.9791110360 0.0160408949
-6.2048665929 -7.0555451503 0.0161208694
-6.1340928813 -7.1314276448 0.0162025693
-6.0625639649 -7.2067498276 0.0162860259
-5.9902855078 -7.2815030456 0.0163712718
-5.9172632608 -7.3556786855 0.0164583404
-5.8435030609 -7.4292681749 0.0165472660
-5.7690108312 -7.5022629829 0.0166380840
-5.6937925800 -7.5746546213 0.0167308310
-5.6178544007 -7.6464346455 0.0168255444
-5.5412024714 -7.7175946554 0.0169222628
-5.4638430542 -7.7881262963 0.0170210262
-5.3857824952 -7.8580212600 0.0171218754
-5.3070272234 -7.9272712856 0.0172248527
-5.2275837509 -7.9958681602 0.0173300017
-5.1474586720 -8.0638037203 0.0174373670
-5.0666586628 -8.1310698524 0.0175469949
-4.9851904809 -8.1976584941 0.0176589330
-4.9030609645 -8.2635616346 0.0177732303
-4.8202770323 -8.3287713162 0.0178899372
-4.7368456830 -8.3932796348 0.0180091060
-4.6527739942 -8.4570787411 0.0181307902
-4.5680691226 -8.5201608411 0.0182550452
-4.4827383029 -8.5825181973 0.0183819282
-4.3967888476 -8.6441431295 0.0185114979
-4.3102281462 -8.7050280159 0.0186438150
-4.2230636649 -8.7651652935 0.0187789422
-4.1353029458 -8.8245474595 0.0189169441
-4.0469536063 -8.8831670718 0.0190578873
-3.9580233386 -8.9410167501 0.0192018405
-3.8685199092 -8.9980891768 0.0193488748
-3.7784511581 -9.0543770976 0.0194990635
-3.6878249983 -9.1098733226 0.0196524820
-3.5966494151 -9.1645707269 0.0198092087
-3.5049324655 -9.2184622520 0.0199693240
-3.4126822777 -9.2715409058 0.0201329113
-3.3199070501 -9.3237997645 0.0203000567
-3.2266150512 -9.3752319722 0.0204708489
-3.1328146183 -9.4258307430 0.0206453800
-3.0385141572 -9.4755893607 0.0208237448
-2.9437221417 -9.5245011805 0.0210060415
-2.8484471125 -9.5725596293 0.0211923715
-2.7526976766 -9.6197582066 0.0213828397
-2.6564825069 -9.6660904856 0.0215775547
-2.5598103413 -9.7115501136 0.0217766286
-2.4626899819 -9.7561308130 0.0219801776
-2.3651302944 -9.7998263820 0.0221883218
-2.2671402073 -9.8426306956 0.0224011856
-2.1687287114 -9.8845377060 0.0226188977
-2.0699048587 -9.9255414439 0.0228415914
-1.9706777619 -9.9656360187 0.0230694047
-1.8710565939 -10.0048156196 0.0233024805
-1.7710505862 -10.0430745165 0.0235409670
-1.6706690293 -10.0804070600 0.0237850175
-1.5699212709 -10.1168076833 0.0240347911
-1.4688167157 -10.1522709019 0.0242904527
-1.3673648248 -10.1867913149 0.0245521730
-1.2655751141 -10.2203636055 0.0248201295
-1.1634571545 -10.2529825419 0.0250945059
-1.0610205704 -10.2846429777 0.0253754930
-0.9582750394 -10.3153398530 0.0256632885
-0.8552302910 -10.3450681948 0.0259580980
-0.7518961063 -10.3738231178 0.0262601347
-0.6482823169 -10.4015998252 0.0265696200
-0.5443988042 -10.4283936091 0.0268867839
-0.4402554986 -10.4541998514 0.0272118652
-0.3358623786 -10.4790140244 0.0275451121
-0.2312294701 -10.5028316914 0.0278867827
-0.1263668456 -10.5256485076 0.0282371451
-0.0212846231 -10.5474602203 0.0285964782
0.0840070342 -10.5682626700 0.0289650719
0.1894979192 -10.5880517906 0.0293432279
0.2951777815 -10.6068236106 0.0297312602
0.4010363283 -10.6245742530 0.0301294955
0.5070632250 -10.6412999366 0.0305382739
0.6132480964 -10.6569969759 0.0309579494
0.7195805272 -10.6716617825 0.0313888912
0.8260500630 -10.6852908650 0.0318314833
0.9326462109 -10.6978808299 0.0322861263
1.0393584408 -10.7094283823 0.0327532376
1.1461761854 -10.7199303259 0.0332332524
1.2530888420 -10.7293835643 0.0337266246
1.3600857724 -10.7377851012 0.0342338275
1.4671563044 -10.7451320409 0.0347553553
1.5742897321 -10.7514215887 0.0352917233
1.6814753168 -10.7566510520 0.0358434700
1.7887022883 -10.7608178402 0.0364111574
1.8959598449 -10.7639194656 0.0369953725
2.0032371545 -10.7659535436 0.0375967287
2.1105233558 -10.7669177938 0.0382158672
2.2178075583 -10.7668100397 0.0388534578
2.3250788433 -10.7656282098 0.0395102015
2.4323262652 -10.7633703378 0.0401868314
2.5395388516 -10.7600345633 0.0408841140
2.6467056039 -10.7556191320 0.0416028519
2.7538154985 -10.7501223964 0.0423438854
2.8608574874 -10.7435428161 0.0431080941
2.9678204984 -10.7358789583 0.0438963992
3.0746934363 -10.7271294984 0.0447097665
3.1814651834 -10.7172932203 0.0455492077
3.2881245997 -10.7063690168 0.0464157832
3.3946605241 -10.6943558901 0.0473106055
3.5010617746 -10.6812529523 0.0482348414
3.6073171489 -10.6670594256 0.0491897147
3.7134154249 -10.6517746431 0.0501765106
3.8193453613 -10.6353980489 0.0511965778
3.9250956978 -10.6179291986 0.0522513328
4.0306551560 -10.5993677596 0.0533422638
4.1360124393 -10.5797135119 0.0544709344
4.2411562332 -10.5589663479 0.0556389881
4.3460752064 -10.5371262734 0.0568481532
4.4507580099 -10.5141934076 0.0581002469
4.5551932782 -10.4901679836 0.0593971815
4.6593696291 -10.4650503489 0.0607409691
4.7632756634 -10.4388409656 0.0621337278
4.8668999659 -10.4115404111 0.0635776885
4.9702311045 -10.3831493782 0.0650752000
5.0732576305 -10.3536686754 0.0666287381
5.1759680786 -10.3230992280 0.0682409118
5.2783509666 -10.2914420775 0.0699144710
5.3803947946 -10.2586983828 0.0716523171
5.4820880458 -10.2248694202 0.0734575096
5.5834191847 -10.1899565840 0.0753332770
5.6843766575 -10.1539613868 0.0772830283
5.7849488909 -10.1168854601 0.0793103612
5.8851242916 -10.0787305543 0.0814190764
5.9848912454 -10.0394985399 0.0836131898
6.0842381162 -9.9991914071 0.0858969437
6.1831532443 -9.9578112670 0.0882748241
6.2816249461 -9.9153603515 0.0907515749
6.3796415122 -9.8718410143 0.0933322117
6.4771912052 -9.8272557309 0.0960220428
6.5742622587 -9.7816070997 0.0988266876
6.6708428755 -9.7348978419 0.1017520923
6.7669212245 -9.6871308025 0.1048045526
6.8624854386 -9.6383089511 0.1079907436
6.9575236133 -9.5884353819 0.1113177331
7.0520238027 -9.5375133147 0.1147930083
7.1459740153 -9.4855460955 0.1184245128
7.2393622129 -9.4325371977 0.1222206734
7.3321763065 -9.3784902218 0.1261904211
7.4244041514 -9.3234088970 0.1303432276
7.5160335417 -9.2672970821 0.1346891582
7.6070522084 -9.2101587659 0.1392388951
7.6974478137 -9.1519980683 0.1440037719
7.7872079436 -9.0928192414 0.1489958309
7.8763201029 -9.0326266705 0.1542278718
7.9647717101 -8.9714248751 0.1597134881
8.0525500890 -8.9092185101 0.1654671277
8.1396424606 -8.8460123674 0.1715041604
8.2260359377 -8.7818113768 0.1778409206
8.3117175137 -8.7166206073 0.1844947833
8.3966740537 -8.6504452693 0.1914842399
8.4808922861 -8.5832907155 0.1988289581
8.5643587893 -8.5151624431 0.2065498758
8.6470599823 -8.4460660952 0.2146692808
8.7289821108 -8.3760074631 0.2232109002
8.8101112342 -8.3049924886 0.2322000075
8.8904332118 -8.2330272654 0.2416635141
8.9699336859 -8.1601180424 0.2516300953
9.0485980669 -8.0862712257 0.2621302967
9.1264115140 -8.0114933817 0.2731966736
9.2033589174 -7.9357912395 0.2848639166
9.2794248765 -7.8591716948 0.2971690069
9.3545936794 -7.7816418124 0.3101513624
9.4288492778 -7.7032088303 0.3238530118
9.5021752635 -7.6238801637 0.3383187626
9.5745548396 -7.5436634083 0.3535963981
9.6459707935 -7.4625663457 0.3697368692
9.7164054645 -7.3805969472 0.3867945146
9.7858407116 -7.2977633794 0.4048272837
9.8542578778 -7.2140740094 0.4238969786
9.9216377524 -7.1295374106 0.4440695135
9.9879605310 -7.0441623686 0.4654151814
10.0532057716 -6.9579578882 0.4880089487
10.1173523494 -6.8709332001 0.5119307579
10.1803784076 -6.7830977685 0.5372658509
10.2422613044 -6.6944612994 0.5641051156
10.3029775581 -6.6050337490 0.5925454438
10.3625027873 -6.5148253326 0.6226901135
10.4208116473 -6.4238465354 0.6546491935
10.4778777638 -6.3321081218 0.6885399632
10.5336736607 -6.2396211475 0.7244873554
10.5881706844 -6.1463969711 0.7626244237
10.6413389231 -6.0524472671 0.8030928255
10.6931471221 -5.9577840394 0.8460433266
10.7435625929 -5.8624196356 0.8916363280
10.7925511176 -5.7663667634 0.9400424110
10.8400768485 -5.6696385059 0.9914428967
10.8861022012 -5.5722483402 1.0460304229
10.9305877429 -5.4742101557 1.1040095367
10.9734920739 -5.3755382739 1.1655972951
11.0147717047 -5.2762474701 1.2310238703
11.0543809261 -5.1763529951 1.3005331601
11.0922716735 -5.0758705996 1.3743833943
11.1283933861 -4.9748165593 1.4528477318
11.1626928598 -4.8732077020 1.5362148370
11.1951140954 -4.7710614352 1.6247894323
11.2255981410 -4.6683957765 1.7188928123
11.2540829305 -4.5652293854 1.8188633100
11.2805031169 -4.4615815961 1.9250566973
11.3047899044 -4.3574724528 2.0378465046
11.3268708760 -4.2529227464 2.1576242440
11.3466698212 -4.1479540533 2.2847995126
11.3641065629 -4.0425887754 2.4197999523
11.3790967864 -3.9368501828 2.5630710387
11.3915518719 -3.8307624575 2.7150756709
11.4013787329 -3.7243507394 2.8762935288
11.4084796622 -3.6176411732 3.0472201636
11.4127521891 -3.5106609578 3.2283657800
11.4140889516 -3.4034383969 3.4202536637
11.4123775860 -3.2960029503 3.6234182155
11.4075006400 -3.1883852869 3.8384025349
11.3993355113 -3.0806173385 4.0657555137
11.3877544199 -2.9727323539 4.3060283693
11.3726244177 -2.8647649537 4.5597705661
11.3538074436 -2.7567511838 4.8275250782
11.3311604302 -2.6487285699 5.1098229289
11.3045354672 -2.5407361689 5.4071769685
11.2737800339 -2.4328146201 5.7200747979
11.2387373080 -2.3250061927 6.0489708438
11.1992465565 -2.2173548299 6.3942775363
11.1551436184 -2.1099061896 6.7563555836
11.1062614945 -2.0027076794 7.1355032326
11.0524310494 -1.8958084843 7.5319446856
10.9934818223 -1.7892595883 7.9458177003
10.9292429849 -1.6831137870 8.3771601505
10.8595444295 -1.5774256881 8.8258960748
10.7842179757 -1.4722517040 9.2918212079
10.7030987953 -1.3676500266 9.7745875737
10.6160268581 -1.2636805933 10.2736890140
10.5228487346 -1.1604050290 10.7884450672
10.4234192750 -1.0578865819 11.3179874205
10.3176037160 -0.9561900260 11.8612450974
10.2052796782 -0.8553815562 12.4169324240
10.0863394620 -0.7555286516 12.9835376815
9.9606923144 -0.6566999227 13.5593145890
9.8282668367 -0.5589649311 14.1422762342
9.6890134263 -0.4623939841 14.7301924339
9.5429066853 -0.3670579090 15.3205909237
9.3899478472 -0.2730277964 15.9107630327
9.2301670832 -0.1803747245 16.4977741930
9.0636256821 -0.0891694579 17.0784797543
8.8904180488 0.0005178747 17.6495464699
8.7106734495 0.0886181225 18.2074797394
8.5245574526 0.1750634707 18.7486566531
8.3322730084 0.2597878124 19.2693646765
8.1340611105 0.3427271296 19.7658455815
7.9302009907 0.4238198803 20.2343440260
7.7210098040 0.5030073844 20.6711599837
7.5068417705 0.5802342055 21.0727039524
7.2880867542 0.6554485214 21.4355537194
7.0651682662 0.7286024791 21.7565113879
6.8385408956 0.7996525276 22.0326591176
6.6086872015 0.8685597215 22.2614118623
6.3761140948 0.9352899923 22.4405657273
6.1413487562 0.9998143833 22.5683405090
5.9049341546 1.0621092396 22.6434148902
5.6674242752 1.1221563532 22.6649530982
5.4293791180 1.1799430591 22.6326223290
5.1913595553 1.2354622817 22.5466002486
4.9539221758 1.2887125282 22.4075721896
4.7176142160 1.3396978315 22.2167183076
4.4829686631 1.3884276433 21.9756910636
4.2504996238 1.4349166790 21.6865837283
4.0206980522 1.4791847164 21.3518908963
3.7940279191 1.5212563559 20.9744625239
3.5709228636 1.5611607423 20.5574527020
3.3517833785 1.5989312561 20.1042647709
3.1369745574 1.6346051770 19.6184941287
2.9268244296 1.6682233302 19.1038708399
2.7216228635 1.6998297171 18.5642031949
2.5216210272 1.7294711334 18.0033228904
2.3270313898 1.7571967895 17.4250342512
2.1380282016 1.7830579310 16.8330677374
1.9547484416 1.8071074601 16.2310377811
1.7772931381 1.8293995765 15.6224069891
1.6057290308 1.8499894271 15.0104557245
1.4400905207 1.8689327727 14.3982575402
1.2803818277 1.8862856776 13.7886605680
1.1265793134 1.9021042191 13.1842743794
0.9786339110 1.9164442212 12.5874620315
0.8364736147 1.9293610114 12.0003368360
0.7000059829 1.9409092028 11.4247633477
0.5691206127 1.9511425006 10.8623620073
0.4436915539 1.9601135327 10.3145168597
0.3235796364 1.9678737036 9.7823858065
0.2086346837 1.9744730707 9.2669128380
0.0986975988 1.9799602418 8.7688417494
-0.0063976919 1.9843822934 8.2887308818
-0.1068224446 1.9877847063 7.8269684769
-0.2027514594 1.9902113189 7.3837882843
-0.2943615959 1.9917042964 6.9592851177
-0.3818304436 1.9923041131 6.5534301108
-0.4653351440 1.9920495481 6.1660854437
-0.5450513535 1.9909776916 5.7970184317
-0.6211523458 1.9891239609 5.4459148060
-0.6938082414 1.9865221250 5.1123911257
-0.7631853590 1.9832043360 4.7960062649
-0.8294456750 1.9792011671 4.4962719511
-0.8927463860 1.9745416545 4.2126623539
-0.9532395617 1.9692533446 3.9446227312
-1.0110718806 1.9633623437 3.6915771678
-1.0663844392 1.9568933697 3.4529354432
-1.1193126265 1.9498698060 3.2280990763
-1.1699860548 1.9423137566 3.0164665989
-1.2185285411 1.9342461014 2.8174381144
-1.2650581305 1.9256865513 2.6304191986
-1.3096871570 1.9166537041 2.4548241996
-1.3525223339 1.9071650981 2.2900789944
-1.3936648713 1.8972372665 2.1356232541
-1.4332106129 1.8868857894 1.9909122727
-1.4712501910 1.8761253448 1.8554184058
-1.5078691941 1.8649697582 1.7286321674
-1.5431483440 1.8534320508 1.6100630246
-1.5771636808 1.8415244852 1.4992399313
-1.6099867518 1.8292586100 1.3957116364
-1.6416848036 1.8166453026 1.2990467967
-1.6723209743 1.8036948096 1.2088339264
-1.7019544850 1.7904167858 1.1246812069
-1.7306408297 1.7768203316 1.0462161819
-1.7584319611 1.7629140277 0.9730853568
-1.7853764735 1.7487059690 0.9049537226
-1.8115197798 1.7342037963 0.8415042180
-1.8369042837 1.7194147264 0.7824371450
-1.8615695468 1.7043455800 0.7274695499
-1.8855524480 1.6890028096 0.6763345801
-1.9088873386 1.6733925238 0.6287808247
-1.9316061896 1.6575205117 0.5845716479
-1.9537387331 1.6413922653 0.5434845206
-1.9753125971 1.6250130008 0.5053103563
-1.9963534342 1.6083876779 0.4698528547
-2.0168850437 1.5915210191 0.4369278583
-2.0369294873 1.5744175269 0.4063627229
-2.0565071995 1.5570815001 0.3779957067
-2.0756370913 1.5395170492 0.3516753773
-2.0943366487 1.5217281111 0.3272600400
-2.1126220259 1.5037184620 0.3046171873
-2.1305081327 1.4854917305 0.2836229700
-2.1480087169 1.4670514088 0.2641616923
-2.1651364429 1.4484008644 0.2461253273
-2.1819029638 1.4295433494 0.2294130574
-2.1983189911 1.4104820108 0.2139308348
-2.2143943587 1.3912198992 0.1995909652
-2.2301380838 1.3717599768 0.1863117122
-2.2455584236 1.3521051254 0.1740169235
-2.2606629289 1.3322581534 0.1626356761
-2.2754584935 1.3122218029 0.1521019417
-2.2899514012 1.2919987551 0.1423542713
-2.3041473697 1.2715916369 0.1333354964
-2.3180515909 1.2510030257 0.1249924493
-2.3316687699 1.2302354546 0.1172756986
-2.3450031599 1.2092914171 0.1101393011
-2.3580585961 1.1881733709 0.1035405688
-2.3708385265 1.1668837425 0.0974398493
-2.3833460410 1.1454249306 0.0918003212
-2.3955838986 1.1237993091 0.0865878008
-2.4075545524 1.1020092308 0.0817705621
-2.4192601733 1.0800570303 0.0773191678
-2.4307026719 1.0579450260 0.0732063110
-2.4418837189 1.0356755234 0.0694066677
-2.4528047640 1.0132508169 0.0658967583
-2.4634670537 0.9906731920 0.0626548184
-2.4738716479 0.9679449271 0.0596606785
-2.4840194348 0.9450682958 0.0568956510
-2.4939111457 0.9220455678 0.0543424256
-2.5035473677 0.8988790109 0.0519849709
-2.5129285564 0.8755708922 0.0498084436
-2.5220550473 0.8521234794 0.0477991025
-2.5309270661 0.8285390421 0.0459442303
-2.5395447391 0.8048198523 0.0442320589
-2.5479081020 0.7809681861 0.0426517009
-2.5560171086 0.7569863240 0.0411930859
-2.5638716386 0.7328765522 0.0398469006
-2.5714715049 0.7086411626 0.0386045337
-2.5788164609 0.6842824542 0.0374580245
-2.5859062061 0.6598027332 0.0364000147
-2.5927403925 0.6352043137 0.0354237045
-2.5993186298 0.6104895182 0.0345228109
-2.6056404909 0.5856606778 0.0336915297
-2.6117055158 0.5607201327 0.0329244997
-2.6175132166 0.5356702328 0.0322167696
-2.6230630816 0.5105133374 0.0315637680
-2.6283545783 0.4852518160 0.0309612739
-2.6333871579 0.4598880480 0.0304053915
-2.6381602576 0.4344244234 0.0298925251
-2.6426733043 0.4088633424 0.0294193563
-2.6469257169 0.3832072161 0.0289828238
-2.6509169090 0.3574584660 0.0285801030
-2.6546462916 0.3316195244 0.0282085889
-2.6581132748 0.3056928344 0.0278658786
-2.6613172701 0.2796808500 0.0275497566
-2.6642576926 0.2535860357 0.0272581800
-2.6669339621 0.2274108672 0.0269892653
-2.6693455054 0.2011578305 0.0267412767
-2.6714917574 0.1748294225 0.0265126139
-2.6733721628 0.1484281506 0.0263018025
-2.6749861770 0.1219565329 0.0261074838
-2.6763332678 0.0954170977 0.0259284059
-2.6774129164 0.0688123839 0.0257634157
-2.6782246181 0.0421449403 0.0256114508
-2.6787678838 0.0154173259 0.0254715331
-2.6790422405 -0.0113678901 0.0253427615
-2.6790472322 -0.0382081292 0.0252243065
-2.6787824211 -0.0651008029 0.0251154042
-2.6782473876 -0.0920433133 0.0250153516
-2.6774417317 -0.1190330533 0.0249235013
-2.6763650732 -0.1460674066 0.0248392576
-2.6750170523 -0.1731437479 0.0247620723
-2.6733973303 -0.2002594432 0.0246914408
-2.6715055902 -0.2274118500 0.0246268990
-2.6693415367 -0.2545983174 0.0245680199
-2.6669048971 -0.2818161863 0.0245144105
-2.6641954217 -0.3090627898 0.0244657096
-2.6612128839 -0.3363354531 0.0244215848
-2.6579570807 -0.3636314940 0.0243817306
-2.6544278330 -0.3909482230 0.0243458659
-2.6506249860 -0.4182829435 0.0243137325
-2.6465484094 -0.4456329522 0.0242850928
-2.6421979978 -0.4729955391 0.0242597287
-2.6375736706 -0.5003679878 0.0242374396
-2.6326753727 -0.5277475760 0.0242180411
-2.6275030743 -0.5551315752 0.0242013640
-2.6220567714 -0.5825172515 0.0241872528
-2.6163364859 -0.6099018656 0.0241755646
-2.6103422657 -0.6372826731 0.0241661683
-2.6040741849 -0.6646569244 0.0241589436
-2.5975323440 -0.6920218657 0.0241537799
-2.5907168699 -0.7193747386 0.0241505758
-2.5836279164 -0.7467127806 0.0241492385
-2.5762656637 -0.7740332253 0.0241496825
-2.5686303191 -0.8013333029 0.0241518298
-2.5607221168 -0.8286102400 0.0241556086
-2.5525413181 -0.8558612602 0.0241609535
-2.5440882113 -0.8830835845 0.0241678042
-2.5353631122 -0.9102744312 0.0241761058
-2.5263663637 -0.9374310162 0.0241858079
-2.5170983361 -0.9645505535 0.0241968648
-2.5075594271 -0.9916302556 0.0242092342
-2.4977500620 -1.0186673332 0.0242228780
-2.4876706935 -1.0456589959 0.0242377611
-2.4773218020 -1.0726024525 0.0242538517
-2.4667038954 -1.0994949110 0.0242711209
-2.4558175093 -1.1263335792 0.0242895422
-2.4446632070 -1.1531156647 0.0243090918
-2.4332415795 -1.1798383753 0.0243297481
-2.4215532453 -1.2064989194 0.0243514913
-2.4095988510 -1.2330945058 0.0243743038
-2.3973790706 -1.2596223446 0.0243981697
-2.3848946061 -1.2860796473 0.0244230747
-2.3721461870 -1.3124636266 0.0244490060
-2.3591345708 -1.3387714974 0.0244759521
-2.3458605424 -1.3650004767 0.0245039030
-2.3323249148 -1.3911477837 0.0245328496
-2.3185285285 -1.4172106406 0.0245627842
-2.3044722517 -1.4431862724 0.0245936998
-2.2901569803 -1.4690719074 0.0246255906
-2.2755836378 -1.4948647776 0.0246584516
-2.2607531755 -1.5205621186 0.0246922784
-2.2456665719 -1.5461611702 0.0247270678
-2.2303248334 -1.5716591768 0.0247628169
-2.2147289939 -1.5970533874 0.0247995236
-2.1988801145 -1.6223410558 0.0248371863
-2.1827792839 -1.6475194412 0.0248758042
-2.1664276183 -1.6725858084 0.0249153768
-2.1498262610 -1.6975374280 0.0249559042
-2.1329763826 -1.7223715766 0.0249973868
-2.1158791810 -1.7470855374 0.0250398257
-2.0985358812 -1.7716766002 0.0250832223
-2.0809477353 -1.7961420616 0.0251275782
-2.0631160224 -1.8204792257 0.0251728956
-2.0450420485 -1.8446854041 0.0252191769
-2.0267271466 -1.8687579161 0.0252664248
-2.0081726764 -1.8926940892 0.0253146425
-1.9893800243 -1.9164912593 0.0253638333
-1.9703506033 -1.9401467711 0.0254140007
-1.9510858532 -1.9636579778 0.0254651487
-1.9315872398 -1.9870222425 0.0255172814
-1.9118562558 -2.0102369373 0.0255704030
-1.8918944198 -2.0332994444 0.0256245183
-1.8717032766 -2.0562071559 0.0256796319
-1.8512843973 -2.0789574745 0.0257357489
-1.8306393787 -2.1015478134 0.0257928745
-1.8097698437 -2.1239755966 0.0258510140
-1.7886774409 -2.1462382596 0.0259101731
-1.7673638443 -2.1683332493 0.0259703574
-1.7458307538 -2.1902580244 0.0260315729
-1.7240798946 -2.2120100554 0.0260938257
-1.7021130169 -2.2335868256 0.0261571221
-1.6799318965 -2.2549858304 0.0262214684
-1.6575383341 -2.2762045785 0.0262868713
-1.6349341551 -2.2972405915 0.0263533374
-1.6121212099 -2.3180914046 0.0264208737
-1.5891013735 -2.3387545666 0.0264894872
-1.5658765455 -2.3592276403 0.0265591850
-1.5424486498 -2.3795082029 0.0266299744
-1.5188196344 -2.3995938458 0.0267018630
-1.4949914715 -2.4194821755 0.0267748583
-1.4709661574 -2.4391708136 0.0268489681
-1.4467457119 -2.4586573968 0.0269242001
-1.4223321786 -2.4779395775 0.0270005625
-1.3977276245 -2.4970150241 0.0270780634
-1.3729341400 -2.5158814210 0.0271567109
-1.3479538386 -2.5345364690 0.0272365136
-1.3227888569 -2.5529778856 0.0273174800
-1.2974413541 -2.5712034053 0.0273996187
-1.2719135122 -2.5892107798 0.0274829384
-1.2462075358 -2.6069977780 0.0275674483
-1.2203256516 -2.6245621868 0.0276531572
-1.1942701085 -2.6419018111 0.0277400743
-1.1680431775 -2.6590144736 0.0278282090
-1.1416471511 -2.6758980161 0.0279175706
-1.1150843435 -2.6925502986 0.0280081688
-1.0883570906 -2.7089692004 0.0281000132
-1.0614677489 -2.7251526199 0.0281931136
-1.0344186965 -2.7410984751 0.0282874800
-1.0072123320 -2.7568047036 0.0283831223
-0.9798510748 -2.7722692631 0.0284800508
-0.9523373644 -2.7874901316 0.0285782758
-0.9246736610 -2.8024653072 0.0286778077
-0.8968624444 -2.8171928092 0.0287786570
-0.8689062145 -2.8316706775 0.0288808344
-0.8408074906 -2.8458969735 0.0289843508
-0.8125688115 -2.8598697797 0.0290892169
-0.7841927351 -2.8735872006 0.0291954439
-0.7556818385 -2.8870473623 0.0293030430
-0.7270387171 -2.9002484133 0.0294120253
-0.6982659852 -2.9131885243 0.0295224023
-0.6693662752 -2.9258658887 0.0296341855
-0.6403422376 -2.9382787226 0.0297473865
-0.6111965408 -2.9504252653 0.0298620172
-0.5819318709 -2.9623037792 0.0299780893
-0.5525509310 -2.9739125504 0.0300956149
-0.5230564418 -2.9852498886 0.0302146061
-0.4934511406 -2.9963141273 0.0303350750
-0.4637377816 -3.0071036245 0.0304570341
-0.4339191350 -3.0176167623 0.0305804958
-0.4039979878 -3.0278519473 0.0307054725
-0.3739771424 -3.0378076111 0.0308319772
-0.3438594171 -3.0474822103 0.0309600223
-0.3136476457 -3.0568742264 0.0310896210
-0.2833446772 -3.0659821667 0.0312207862
-0.2529533752 -3.0748045638 0.0313535309
-0.2224766184 -3.0833399763 0.0314878684
-0.1919172998 -3.0915869886 0.0316238121
-0.1612783263 -3.0995442115 0.0317613752
-0.1305626190 -3.1072102821 0.0319005714
-0.0997731125 -3.1145838640 0.0320414142
-0.0689127548 -3.1216636478 0.0321839173
-0.0379845071 -3.1284483507 0.0323280946
-0.0069913431 -3.1349367174 0.0324739598
0.0240637505 -3.1411275196 0.0326215271
0.0551777751 -3.1470195568 0.0327708104
0.0863477199 -3.1526116560 0.0329218238
0.1175705623 -3.1579026720 0.0330745817
0.1488432685 -3.1628914878 0.0332290982
0.1801627932 -3.1675770143 0.0333853879
0.2115260806 -3.1719581912 0.0335434650
0.2429300638 -3.1760339863 0.0337033440
0.2743716661 -3.1798033962 0.0338650397
0.3058478003 -3.1832654465 0.0340285666
0.3373553698 -3.1864191917 0.0341939393
0.3688912684 -3.1892637153 0.0343611726
0.4004523807 -3.1917981303 0.0345302813
0.4320355825 -3.1940215793 0.0347012801
0.4636377410 -3.1959332340 0.0348741840
0.4952557151 -3.1975322962 0.0350490079
0.5268863558 -3.1988179977 0.0352257665
0.5585265063 -3.1997896000 0.0354044750
0.5901730024 -3.2004463950 0.0355851481
0.6218226730 -3.2007877047 0.0357678009
0.6534723401 -3.2008128816 0.0359524484
0.6851188191 -3.2005213088 0.0361391054
0.7167589196 -3.1999124001 0.0363277870
0.7483894450 -3.1989856000 0.0365185080
0.7800071932 -3.1977403839 0.0367112834
0.8116089570 -3.1961762584 0.0369061279
0.8431915243 -3.1942927609 0.0371030566
0.8747516781 -3.1920894604 0.0373020841
0.9062861974 -3.1895659572 0.0375032251
0.9377918571 -3.1867218828 0.0377064944
0.9692654283 -3.1835569006 0.0379119065
1.0007036791 -3.1800707054 0.0381194759
1.0321033741 -3.1762630240 0.0383292170
1.0634612755 -3.1721336149 0.0385411442
1.0947741430 -3.1676822684 0.0387552716
1.1260387343 -3.1629088073 0.0389716133
1.1572518053 -3.1578130859 0.0391901832
1.1884101103 -3.1523949911 0.0394109952
1.2195104028 -3.1466544421 0.0396340628
1.2505494353 -3.1405913900 0.0398593995
1.2815239599 -3.1342058189 0.0400870186
1.3124307287 -3.1274977450 0.0403169332
1.3432664937 -3.1204672170 0.0405491561
1.3740280076 -3.1131143165 0.0407837000
1.4047120240 -3.1054391576 0.0410205773
1.4353152977 -3.0974418871 0.0412598002
1.4658345848 -3.0891226846 0.0415013805
1.4962666434 -3.0804817624 0.0417453298
1.5266082339 -3.0715193660 0.0419916595
1.5568561190 -3.0622357734 0.0422403805
1.5870070641 -3.0526312959 0.0424915035
1.6170578383 -3.0427062775 0.0427450388
1.6470052137 -3.0324610955 0.0430009963
1.6768459663 -3.0218961599 0.0432593856
1.7065768766 -3.0110119140 0.0435202159
1.7361947293 -2.9998088343 0.0437834957
1.7656963141 -2.9882874301 0.0440492335
1.7950784257 -2.9764482441 0.0443174370
1.8243378646 -2.9642918520 0.0445881136
1.8534714370 -2.9518188627 0.0448612699
1.8824759550 -2.9390299183 0.0451369124
1.9113482378 -2.9259256939 0.0454150468
1.9400851111 -2.9125068980 0.0456956781
1.9686834078 -2.8987742720 0.0459788110
1.9971399684 -2.8847285906 0.0462644493
2.0254516414 -2.8703706618 0.0465525964
2.0536152834 -2.8557013263 0.0468432547
2.0816277594 -2.8407214583 0.0471364263
2.1094859435 -2.8254319648 0.0474321123
2.1371867191 -2.8098337862 0.0477303130
2.1647269789 -2.7939278955 0.0480310281
2.1921036257 -2.7777152991 0.0483342565
2.2193135724 -2.7611970361 0.0486399961
2.2463537428 -2.7443741786 0.0489482439
2.2732210712 -2.7272478317 0.0492589962
2.2999125033 -2.7098191333 0.0495722484
2.3264249966 -2.6920892539 0.0498879946
2.3527555203 -2.6740593969 0.0502062281
2.3789010560 -2.6557307985 0.0505269414
2.4048585976 -2.6371047274 0.0508501256
2.4306251525 -2.6181824847 0.0511757709
2.4561977410 -2.5989654042 0.0515038662
2.4815733970 -2.5794548522 0.0518343994
2.5067491683 -2.5596522273 0.0521673573
2.5317221174 -2.5395589601 0.0525027253
2.5564893212 -2.5191765138 0.0528404874
2.5810478712 -2.4985063834 0.0531806266
2.6053948745 -2.4775500963 0.0535231244
2.6295274541 -2.4563092114 0.0538679611
2.6534427485 -2.4347853197 0.0542151152
2.6771379127 -2.4129800438 0.0545645641
2.7006101181 -2.3908950383 0.0549162838
2.7238565533 -2.3685319889 0.0552702485
2.7468744244 -2.3458926128 0.0556264307
2.7696609546 -2.3229786589 0.0559848018
2.7922133851 -2.2997919068 0.0563453312
2.8145289756 -2.2763341676 0.0567079868
2.8366050044 -2.2526072831 0.0570727346
2.8584387689 -2.2286131260 0.0574395390
2.8800275851 -2.2043535998 0.0578083624
2.9013687889 -2.1798306385 0.0581791658
2.9224597363 -2.1550462065 0.0585519079
2.9432978036 -2.1300022985 0.0589265455
2.9638803872 -2.1047009395 0.0593030337
2.9842049045 -2.0791441844 0.0596813256
3.0042687940 -2.0533341181 0.0600613720
3.0240695162 -2.0272728549 0.0604431220
3.0436045530 -2.0009625388 0.0608265221
3.0628714085 -1.9744053432 0.0612115172
3.0818676090 -1.9476034709 0.0615980497
3.1005907037 -1.9205591537 0.0619860599
3.1190382653 -1.8932746519 0.0623754859
3.1372078896 -1.8657522549 0.0627662633
3.1550971959 -1.8379942803 0.0631583256
3.1727038273 -1.8100030747 0.0635516038
3.1900254518 -1.7817810123 0.0639460269
3.2070597617 -1.7533304953 0.0643415210
3.2238044744 -1.7246539537 0.0647380099
3.2402573326 -1.6957538452 0.0651354149
3.2564161037 -1.6666326551 0.0655336551
3.2722785814 -1.6372928957 0.0659326469
3.2878425860 -1.6077371062 0.0663323040
3.3031059638 -1.5779678524 0.0667325378
3.3180665879 -1.5479877268 0.0671332567
3.3327223581 -1.5177993485 0.0675343670
3.3470712014 -1.4874053629 0.0679357720
3.3611110725 -1.4568084408 0.0683373728
3.3748399546 -1.4260112786 0.0687390673
3.3882558583 -1.3950165985 0.0691407510
3.4013568230 -1.3638271476 0.0695423165
3.4141409161 -1.3324456985 0.0699436543
3.4266062343 -1.3008750485 0.0703446517
3.4387509039 -1.2691180189 0.0707451936
3.4505730806 -1.2371774554 0.0711451620
3.4620709499 -1.2050562277 0.0715444362
3.4732427269 -1.1727572294 0.0719428930
3.4840866572 -1.1402833780 0.0723404065
3.4946010168 -1.1076376138 0.0727368482
3.5047841130 -1.0748229000 0.0731320870
3.5146342841 -1.0418422225 0.0735259889
3.5241498995 -1.0086985897 0.0739184176
3.5333293601 -0.9753950324 0.0743092342
3.5421710985 -0.9419346036 0.0746982972
3.5506735797 -0.9083203774 0.0750854629
3.5588353010 -0.8745554492 0.0754705848
3.5666547922 -0.8406429357 0.0758535140
3.5741306159 -0.8065859741 0.0762340994
3.5812613673 -0.7723877230 0.0766121876
3.5880456750 -0.7380513605 0.0769876230
3.5944822015 -0.7035800846 0.0773602478
3.6005696426 -0.6689771128 0.0777299019
3.6063067280 -0.6342456822 0.0780964232
3.6116922216 -0.5993890492 0.0784596477
3.6167249212 -0.5644104887 0.0788194096
3.6214036596 -0.5293132938 0.0791755413
3.6257273044 -0.4941007756 0.0795278731
3.6296947577 -0.4587762633 0.0798762341
3.6333049567 -0.4233431037 0.0802204516
3.6365568741 -0.3878046607 0.0805603516
3.6394495181 -0.3521643147 0.0808957589
3.6419819324 -0.3164254628 0.0812264968
3.6441531966 -0.2805915182 0.0815523876
3.6459624263 -0.2446659105 0.0818732527
3.6474087730 -0.2086520843 0.0821889128
3.6484914251 -0.1725534993 0.0824991878
3.6492096069 -0.1363736305 0.0828038967
3.6495625796 -0.1001159672 0.0831028586
3.6495496412 -0.0637840130 0.0833958920
3.6491701264 -0.0273812852 0.0836828154
3.6484234074 0.0090886853 0.0839634472
3.6473088931 0.0456223542 0.0842376061
3.6458260299 0.0822161648 0.0845051112
3.6439743017 0.1188665476 0.0847657821
3.6417532300 0.1555699212 0.0850194389
3.6391623738 0.1923226922 0.0852659029
3.6362013300 0.2291212560 0.0855049962
3.6328697334 0.2659619968 0.0857365423
3.6291672565 0.3028412881 0.0859603661
3.6250936102 0.3397554931 0.0861762940
3.6206485434 0.3767009650 0.0863841543
3.6158318433 0.4136740475 0.0865837774
3.6106433351 0.4506710747 0.0867749958
3.6050828828 0.4876883721 0.0869576445
3.5991503886 0.5247222567 0.0871315610
3.5928457932 0.5617690373 0.0872965857
3.5861690757 0.5988250146 0.0874525620
3.5791202540 0.6358864821 0.0875993365
3.5716993845 0.6729497265 0.0877367594
3.5639065624 0.7100110277 0.0878646844
3.5557419213 0.7470666588 0.0879829691
3.5472056338 0.7841128876 0.0880914751
3.5382979109 0.8211459760 0.0881900685
3.5290190026 0.8581621811 0.0882786197
3.5193691976 0.8951577549 0.0883570036
3.5093488230 0.9321289447 0.0884251004
3.4989582451 0.9690719942 0.0884827951
3.4881978686 1.0059831435 0.0885299782
3.4770681370 1.0428586293 0.0885665455
3.4655695323 1.0796946851 0.0885923985
3.4537025753 1.1164875420 0.0886074445
3.4414678254 1.1532334293 0.0886115971
3.4288658805 1.1899285744 0.0886047759
3.4158973769 1.2265692032 0.0885869070
3.4025629897 1.2631515403 0.0885579228
3.3888634318 1.2996718103 0.0885177629
3.3747994551 1.3361262374 0.0884663733
3.3603718492 1.3725110460 0.0884037073
3.3455814424 1.4088224606 0.0883297253
3.3304291006 1.4450567067 0.0882443948
3.3149157281 1.4812100118 0.0881476912
3.2990422669 1.5172786045 0.0880395969
3.2828096970 1.5532587157 0.0879201022
3.2662190360 1.5891465783 0.0877892052
3.2492713393 1.6249384285 0.0876469115
3.2319676997 1.6606305056 0.0874932351
3.2143092475 1.6962190528 0.0873281975
3.1962971501 1.7317003167 0.0871518285
3.1779326123 1.7670705483 0.0869641658
3.1592168759 1.8023260037 0.0867652554
3.1401512195 1.8374629442 0.0865551513
3.1207369586 1.8724776365 0.0863339155
3.1009754452 1.9073663528 0.0861016185
3.0808680681 1.9421253715 0.0858583386
3.0604162521 1.9767509783 0.0856041624
3.0396214584 2.0112394656 0.0853391843
3.0184851841 2.0455871334 0.0850635072
2.9970089625 2.0797902886 0.0847772414
2.9751943624 2.1138452469 0.0844805055
2.9530429882 2.1477483327 0.0841734257
2.9305564798 2.1814958791 0.0838561358
2.9077365121 2.2150842285 0.0835287774
2.8845847955 2.2485097322 0.0831914996
2.8611030750 2.2817687521 0.0828444585
2.8372931304 2.3148576609 0.0824878177
2.8131567759 2.3477728415 0.0821217476
2.7886958604 2.3805106880 0.0817464256
2.7639122669 2.4130676055 0.0813620359
2.7388079123 2.4454400113 0.0809687688
2.7133847473 2.4776243353 0.0805668210
2.6876447562 2.5096170197 0.0801563954
2.6615899570 2.5414145194 0.0797377006
2.6352224010 2.5730133022 0.0793109511
2.6085441723 2.6044098500 0.0788763663
2.5815573879 2.6356006590 0.0784341708
2.5542641977 2.6665822395 0.0779845943
2.5266667840 2.6973511163 0.0775278709
2.4987673615 2.7279038291 0.0770642391
2.4705681769 2.7582369331 0.0765939413
2.4420715090 2.7883469997 0.0761172236
2.4132796679 2.8182306163 0.0756343356
2.3841949957 2.8478843864 0.0751455301
2.3548198658 2.8773049303 0.0746510627
2.3251566825 2.9064888854 0.0741511916
2.2952078813 2.9354329072 0.0736461768
2.2649759280 2.9641336686 0.0731362807
2.2344633195 2.9925878607 0.0726217672
2.2036725828 3.0207921928 0.0721029013
2.1726062751 3.0487433936 0.0715799491
2.1412669833 3.0764382109 0.0710531771
2.1096573245 3.1038734119 0.0705228523
2.0777799451 3.1310457835 0.0699892419
2.0456375208 3.1579521330 0.0694526125
2.0132327567 3.1845892885 0.0689132301
1.9805683865 3.2109540985 0.0683713598
1.9476471732 3.2370434328 0.0678272658
1.9144719078 3.2628541830 0.0672812104
1.8810454099 3.2883832625 0.0667334541
1.8473705273 3.3136276066 0.0661842555
1.8134501359 3.3385841732 0.0656338708
1.7792871389 3.3632499433 0.0650825534
1.7448844675 3.3876219210 0.0645305537
1.7102450801 3.4116971335 0.0639781193
1.6753719622 3.4354726322 0.0634254942
1.6402681262 3.4589454924 0.0628729184
1.6049366114 3.4821128140 0.0623206285
